gt17.java,
Node,DL_pred,DL_truth,DL_correct,Rule_pred,Rule_truth,Rule_correct,Total_correct
EventHandler,com.google.gwt.event.shared.EventHandler,com.google.gwt.event.shared.EventHandler,1,java.beans.EventHandler,com.google.gwt.event.shared.EventHandler,0,0
GwtEvent,com.google.gwt.event.shared.GwtEvent,com.google.gwt.event.shared.GwtEvent,1,com.google.gwt.event.shared.GwtEvent,com.google.gwt.event.shared.GwtEvent,1,1
List,java.util.List,java.util.List,1,java.util.List,java.util.List,1,1
Category,com.google.gwt.sample.ext.GwtEvent.Category,com.google.gwt.junit.client.Category,0,java.util.Locale.Category,com.google.gwt.junit.client.Category,0,0
Type,java.lang.reflect.Type,java.gwt.Type,0,com.google.gwt.event.shared.GwtEvent.Type,com.google.gwt.event.shared.GwtEvent.Type,1,1
Type,com.google.gwt.event.shared.GwtEvent.Type,java.gwt.Type,1,com.google.gwt.event.shared.GwtEvent.Type,com.google.gwt.event.shared.GwtEvent.Type,1,1
dl_correct:4,dl_accuracy:0.6667,,rule_correct:4,rule_checked:6,rule_accuracy:0.6667,rule_recall:0.6667
checked:6,total correct:4,total accuracy:0.6667
