gt1.java,
Node,DL_pred,DL_truth,DL_correct,Rule_pred,Rule_truth,Rule_correct,Total_correct
Logger,java.util.logging.Logger,java.util.logging.Logger,1,java.util.logging.Logger,java.util.logging.Logger,1,1
Level,java.util.logging.Level,java.util.logging.Level,1,java.util.logging.Level,java.util.logging.Level,1,1
dl_correct:2,dl_accuracy:1.0,,rule_correct:2,rule_checked:2,rule_accuracy:1.0,rule_recall:1.0
checked:2,total correct:2,total accuracy:1.0

gt10.java,
Node,DL_pred,DL_truth,DL_correct,Rule_pred,Rule_truth,Rule_correct,Total_correct
HorizontalSplitPanel,com.google.gwt.user.client.ui.HorizontalSplitPanel,com.google.gwt.user.client.ui.HorizontalSplitPanel,1,com.google.gwt.user.client.ui.HorizontalSplitPanel,com.google.gwt.user.client.ui.HorizontalSplitPanel,1,1
new HorizontalSplitPanel(),com.google.gwt.user.client.ui.HorizontalSplitPanel,com.google.gwt.user.client.ui.HorizontalSplitPanel,1,com.google.gwt.user.client.ui.HorizontalSplitPanel,com.google.gwt.user.client.ui.HorizontalSplitPanel,1,1
DecoratorPanel,com.google.gwt.user.client.ui.DecoratorPanel,com.google.gwt.user.client.ui.DecoratorPanel,1,com.google.gwt.user.client.ui.DecoratorPanel,com.google.gwt.user.client.ui.DecoratorPanel,1,1
new DecoratorPanel(),com.google.gwt.user.client.ui.DecoratorPanel,com.google.gwt.user.client.ui.DecoratorPanel,1,com.google.gwt.user.client.ui.DecoratorPanel,com.google.gwt.user.client.ui.DecoratorPanel,1,1
RootPanel,com.google.gwt.user.client.ui.RootPanel,com.google.gwt.user.client.ui.RootPanel,1,com.google.gwt.user.client.ui.RootPanel,com.google.gwt.user.client.ui.RootPanel,1,1
dl_correct:5,dl_accuracy:1.0,,rule_correct:5,rule_checked:5,rule_accuracy:1.0,rule_recall:1.0
checked:5,total correct:5,total accuracy:1.0

gt11.java,
Node,DL_pred,DL_truth,DL_correct,Rule_pred,Rule_truth,Rule_correct,Total_correct
Logger,java.util.logging.Logger,java.util.logging.Logger,1,java.util.logging.Logger,java.util.logging.Logger,1,1
Level,java.util.logging.Level,java.util.logging.Level,1,java.util.logging.Level,java.util.logging.Level,1,1
dl_correct:2,dl_accuracy:1.0,,rule_correct:2,rule_checked:2,rule_accuracy:1.0,rule_recall:1.0
checked:2,total correct:2,total accuracy:1.0

gt12.java,
Node,DL_pred,DL_truth,DL_correct,Rule_pred,Rule_truth,Rule_correct,Total_correct
Labeled,java.util.Labeled,javafx.scene.control.Labeled,0,-,-,0,0
History,javax.swing.internal.History,com.google.gwt.user.client.History,0,com.google.gwt.user.client.History,com.google.gwt.user.client.History,1,1
dl_correct:0,dl_accuracy:0.0,,rule_correct:1,rule_checked:1,rule_accuracy:1.0,rule_recall:0.5
checked:2,total correct:1,total accuracy:0.5

gt13.java,
Node,DL_pred,DL_truth,DL_correct,Rule_pred,Rule_truth,Rule_correct,Total_correct
ValueChangeEvent,com.google.gwt.event.logical.shared.ValueChangeEvent,com.google.gwt.event.logical.shared.ValueChangeEvent,1,com.google.gwt.event.logical.shared.ValueChangeEvent,com.google.gwt.event.logical.shared.ValueChangeEvent,1,1
History,java.util.History,com.google.gwt.user.client.History,0,com.google.gwt.user.client.History,com.google.gwt.user.client.History,1,1
dl_correct:1,dl_accuracy:0.5,,rule_correct:2,rule_checked:2,rule_accuracy:1.0,rule_recall:1.0
checked:2,total correct:2,total accuracy:1.0

gt14.java,
Node,DL_pred,DL_truth,DL_correct,Rule_pred,Rule_truth,Rule_correct,Total_correct
RootLayoutPanel,com.google.gwt.user.client.ui.RootLayoutPanel,com.google.gwt.user.client.ui.RootLayoutPanel,1,-,-,0,1
DockLayoutPanel,com.google.gwt.user.client.ui.DockLayoutPanel,com.google.gwt.user.client.ui.DockLayoutPanel,1,com.google.gwt.user.client.ui.DockLayoutPanel,com.google.gwt.user.client.ui.DockLayoutPanel,1,1
DockLayoutPanel,com.google.gwt.user.client.ui.DockLayoutPanel,com.google.gwt.user.client.ui.DockLayoutPanel,1,com.google.gwt.user.client.ui.DockLayoutPanel,com.google.gwt.user.client.ui.DockLayoutPanel,1,1
dl_correct:3,dl_accuracy:1.0,,rule_correct:2,rule_checked:2,rule_accuracy:1.0,rule_recall:0.6667
checked:3,total correct:3,total accuracy:1.0

gt15.java,
Node,DL_pred,DL_truth,DL_correct,Rule_pred,Rule_truth,Rule_correct,Total_correct
Date,java.util.Date,java.util.Date,1,java.util.Date,java.util.Date,1,1
new Date(),java.util.Date,java.util.Date,1,java.util.Date,java.util.Date,1,1
CalendarUtil,com.google.gwt.user.datepicker.client.CalendarUtil,com.google.gwt.user.datepicker.client.CalendarUtil,1,com.google.gwt.user.datepicker.client.CalendarUtil,com.google.gwt.user.datepicker.client.CalendarUtil,1,1
dl_correct:3,dl_accuracy:1.0,,rule_correct:3,rule_checked:3,rule_accuracy:1.0,rule_recall:1.0
checked:3,total correct:3,total accuracy:1.0

gt17.java,
Node,DL_pred,DL_truth,DL_correct,Rule_pred,Rule_truth,Rule_correct,Total_correct
EventHandler,com.google.gwt.event.shared.EventHandler,com.google.gwt.event.shared.EventHandler,1,com.google.gwt.event.shared.EventHandler,com.google.gwt.event.shared.EventHandler,1,1
GwtEvent,com.google.gwt.event.shared.GwtEvent,com.google.gwt.event.shared.GwtEvent,1,com.google.gwt.event.shared.GwtEvent,com.google.gwt.event.shared.GwtEvent,1,1
List,java.util.List,java.util.List,1,java.util.List,java.util.List,1,1
Category,com.google.gwt.resources.shared.Category,com.google.gwt.junit.client.Category,0,java.lang.Object,com.google.gwt.junit.client.Category,0,0
Type,com.google.gwt.event.shared.Type,java.gwt.Type,0,com.google.gwt.event.shared.GwtEvent.Type,com.google.gwt.event.shared.GwtEvent.Type,1,1
Type,com.google.gwt.event.shared.Type,java.gwt.Type,0,com.google.gwt.event.shared.GwtEvent.Type,com.google.gwt.event.shared.GwtEvent.Type,1,1
dl_correct:3,dl_accuracy:0.5,,rule_correct:5,rule_checked:6,rule_accuracy:0.8333,rule_recall:0.8333
checked:6,total correct:5,total accuracy:0.8333

gt18.java,
Node,DL_pred,DL_truth,DL_correct,Rule_pred,Rule_truth,Rule_correct,Total_correct
Formatter,java.util.Formatter,java.util.Formatter,1,java.util.Formatter,java.util.Formatter,1,1
new Formatter(),java.util.Formatter,java.util.Formatter,1,java.util.Formatter,java.util.Formatter,1,1
dl_correct:2,dl_accuracy:1.0,,rule_correct:2,rule_checked:2,rule_accuracy:1.0,rule_recall:1.0
checked:2,total correct:2,total accuracy:1.0

gt2.java,
Node,DL_pred,DL_truth,DL_correct,Rule_pred,Rule_truth,Rule_correct,Total_correct
ValueChangeEvent,com.google.gwt.event.logical.shared.ValueChangeEvent,com.google.gwt.event.logical.shared.ValueChangeEvent,1,com.google.gwt.event.logical.shared.ValueChangeEvent,com.google.gwt.event.logical.shared.ValueChangeEvent,1,1
History,com.google.gwt.dev.shell.History,com.google.gwt.user.client.History,0,com.google.gwt.user.client.History,com.google.gwt.user.client.History,1,1
dl_correct:1,dl_accuracy:0.5,,rule_correct:2,rule_checked:2,rule_accuracy:1.0,rule_recall:1.0
checked:2,total correct:2,total accuracy:1.0

gt20.java,
Node,DL_pred,DL_truth,DL_correct,Rule_pred,Rule_truth,Rule_correct,Total_correct
EntryPoint,com.google.gwt.core.client.EntryPoint,com.google.gwt.core.client.EntryPoint,1,com.google.gwt.core.client.EntryPoint,com.google.gwt.core.client.EntryPoint,1,1
Window,com.google.gwt.user.client.Window,com.google.gwt.user.client.Window,1,com.google.gwt.user.client.Window,com.google.gwt.user.client.Window,1,1
dl_correct:2,dl_accuracy:1.0,,rule_correct:2,rule_checked:2,rule_accuracy:1.0,rule_recall:1.0
checked:2,total correct:2,total accuracy:1.0

gt3.java,
Node,DL_pred,DL_truth,DL_correct,Rule_pred,Rule_truth,Rule_correct,Total_correct
RootLayoutPanel,com.google.gwt.user.client.ui.RootLayoutPanel,com.google.gwt.user.client.ui.RootLayoutPanel,1,com.google.gwt.user.client.ui.RootLayoutPanel,com.google.gwt.user.client.ui.RootLayoutPanel,1,1
DockLayoutPanel,com.google.gwt.user.client.ui.DockLayoutPanel,com.google.gwt.user.client.ui.DockLayoutPanel,1,com.google.gwt.user.client.ui.DockLayoutPanel,com.google.gwt.user.client.ui.DockLayoutPanel,1,1
DockLayoutPanel,com.google.gwt.user.client.ui.DockLayoutPanel,com.google.gwt.user.client.ui.DockLayoutPanel,1,com.google.gwt.user.client.ui.DockLayoutPanel,com.google.gwt.user.client.ui.DockLayoutPanel,1,1
dl_correct:3,dl_accuracy:1.0,,rule_correct:3,rule_checked:3,rule_accuracy:1.0,rule_recall:1.0
checked:3,total correct:3,total accuracy:1.0

gt4.java,
Node,DL_pred,DL_truth,DL_correct,Rule_pred,Rule_truth,Rule_correct,Total_correct
Date,java.util.Date,java.util.Date,1,java.util.Date,java.util.Date,1,1
new Date(),java.util.Date,java.util.Date,1,java.util.Date,java.util.Date,1,1
CalendarUtil,sun.util.calendar.CalendarUtil,com.google.gwt.user.datepicker.client.CalendarUtil,0,com.google.gwt.user.datepicker.client.CalendarUtil,com.google.gwt.user.datepicker.client.CalendarUtil,1,1
dl_correct:2,dl_accuracy:0.6667,,rule_correct:3,rule_checked:3,rule_accuracy:1.0,rule_recall:1.0
checked:3,total correct:3,total accuracy:1.0

gt5.java,
Node,DL_pred,DL_truth,DL_correct,Rule_pred,Rule_truth,Rule_correct,Total_correct
Date,java.sql.Date,java.util.Date,0,java.sql.Date,java.util.Date,0,0
Date,java.sql.Date,java.util.Date,0,java.sql.Date,java.util.Date,0,0
dl_correct:0,dl_accuracy:0.0,,rule_correct:0,rule_checked:2,rule_accuracy:0.0,rule_recall:0.0
checked:2,total correct:0,total accuracy:0.0

gt7.java,
Node,DL_pred,DL_truth,DL_correct,Rule_pred,Rule_truth,Rule_correct,Total_correct
Pattern,java.util.regex.Pattern,java.util.regex.Pattern,1,java.util.regex.Pattern,java.util.regex.Pattern,1,1
Matcher,java.util.regex.Matcher,java.util.regex.Matcher,1,java.util.regex.Matcher,java.util.regex.Matcher,1,1
dl_correct:2,dl_accuracy:1.0,,rule_correct:2,rule_checked:2,rule_accuracy:1.0,rule_recall:1.0
checked:2,total correct:2,total accuracy:1.0

gt8.java,
Node,DL_pred,DL_truth,DL_correct,Rule_pred,Rule_truth,Rule_correct,Total_correct
Date,java.util.Date,java.util.Date,1,java.util.Date,java.util.Date,1,1
SimpleDateFormat,java.text.SimpleDateFormat,java.text.SimpleDateFormat,1,java.text.SimpleDateFormat,java.text.SimpleDateFormat,1,1
dl_correct:2,dl_accuracy:1.0,,rule_correct:2,rule_checked:2,rule_accuracy:1.0,rule_recall:1.0
checked:2,total correct:2,total accuracy:1.0

gt9.java,
Node,DL_pred,DL_truth,DL_correct,Rule_pred,Rule_truth,Rule_correct,Total_correct
Date,java.util.Date,java.util.Date,1,java.sql.Date,java.util.Date,0,0
DateTimeFormat,org.joda.time.format.DateTimeFormat,com.google.gwt.i18n.client.DateTimeFormat,0,-,-,0,0
dl_correct:1,dl_accuracy:0.5,,rule_correct:0,rule_checked:1,rule_accuracy:0.0,rule_recall:0.0
checked:2,total correct:0,total accuracy:0.0

total status,
total checked:45,rule correct:38,rule checked:42,dl correct:34,total correct:39
dl precision:0.7556,rule precision:0.9048,rule recall:0.8444,total_precision:0.8667
