ad12.java,
Node,DL_pred,DL_truth,DL_correct,Rule_pred,Rule_truth,Rule_correct,Total_correct
Activity,android.app.Activity,android.app.Activity,1,android.app.Activity,android.app.Activity,1,1
Resources,android.content.res.Resources,android.content.res.Resources,1,android.content.res.Resources,android.content.res.Resources,1,1
Configuration,android.content.res.Configuration,android.content.res.Configuration,1,android.content.res.Configuration,android.content.res.Configuration,1,1
dl_correct:3,dl_accuracy:1.0,,rule_correct:3,rule_checked:3,rule_accuracy:1.0,rule_recall:1.0
checked:3,total correct:3,total accuracy:1.0
