ad13.java,
Node,DL_pred,DL_truth,DL_correct,Rule_pred,Rule_truth,Rule_correct,Total_correct
View,android.view.View,android.view.View,1,javax.swing.text.View,android.view.View,0,0
InputMethodManager,android.view.inputmethod.InputMethodManager,android.view.inputmethod.InputMethodManager,1,android.view.inputmethod.InputMethodManager,android.view.inputmethod.InputMethodManager,1,1
Activity,android.app.Activity,-,1,java.lang.Object,android.app.Activity,0,0
dl_correct:3,dl_accuracy:1.0,,rule_correct:1,rule_checked:3,rule_accuracy:0.3333,rule_recall:0.3333
checked:3,total correct:1,total accuracy:0.3333
