ad14.java,
Node,DL_pred,DL_truth,DL_correct,Rule_pred,Rule_truth,Rule_correct,Total_correct
InputMethodManager,android.view.inputmethod.InputMethodManager,android.view.inputmethod.InputMethodManager,1,android.view.inputmethod.InputMethodManager,android.view.inputmethod.InputMethodManager,1,1
Activity,android.app.Activity,-,1,java.lang.Object,android.app.Activity,0,0
dl_correct:2,dl_accuracy:1.0,,rule_correct:1,rule_checked:2,rule_accuracy:0.5,rule_recall:0.5
checked:2,total correct:1,total accuracy:0.5
