ad3.java,
Node,DL_pred,DL_truth,DL_correct,Rule_pred,Rule_truth,Rule_correct,Total_correct
Intent,android.content.Intent,android.content.Intent,1,android.content.Intent,android.content.Intent,1,1
Intent,android.content.Intent,android.content.Intent,1,android.content.Intent,android.content.Intent,1,1
Uri,android.net.Uri,android.net.Uri,1,android.net.Uri,android.net.Uri,1,1
dl_correct:3,dl_accuracy:1.0,,rule_correct:3,rule_checked:3,rule_accuracy:1.0,rule_recall:1.0
checked:3,total correct:3,total accuracy:1.0
