ad4.java,
Node,DL_pred,DL_truth,DL_correct,Rule_pred,Rule_truth,Rule_correct,Total_correct
Context,android.content.Context,android.content.Context,1,android.content.Context,android.content.Context,1,1
View,android.view.View,android.view.View,1,android.view.View,android.view.View,1,1
InputMethodManager,android.view.inputmethod.InputMethodManager,android.view.inputmethod.InputMethodManager,1,android.view.inputmethod.InputMethodManager,android.view.inputmethod.InputMethodManager,1,1
Activity,android.app.Activity,-,1,android.app.Activity,android.app.Activity,1,1
dl_correct:4,dl_accuracy:1.0,,rule_correct:4,rule_checked:4,rule_accuracy:1.0,rule_recall:1.0
checked:4,total correct:4,total accuracy:1.0
