gt13.java,
Node,DL_pred,DL_truth,DL_correct,Rule_pred,Rule_truth,Rule_correct,Total_correct
ValueChangeEvent,com.google.gwt.event.logical.shared.ValueChangeEvent,com.google.gwt.event.logical.shared.ValueChangeEvent,1,com.google.gwt.event.logical.shared.ValueChangeEvent,com.google.gwt.event.logical.shared.ValueChangeEvent,1,1
History,com.google.gwt.dev.client.History,com.google.gwt.user.client.History,0,com.google.gwt.user.client.History,com.google.gwt.user.client.History,1,1
dl_correct:1,dl_accuracy:0.5,,rule_correct:2,rule_checked:2,rule_accuracy:1.0,rule_recall:1.0
checked:2,total correct:2,total accuracy:1.0
