gt17.java,
Node,DL_pred,DL_truth,DL_correct,Rule_pred,Rule_truth,Rule_correct,Total_correct
EventHandler,com.google.gwt.event.shared.EventHandler,com.google.gwt.event.shared.EventHandler,1,com.google.gwt.event.shared.EventHandler,com.google.gwt.event.shared.EventHandler,1,1
GwtEvent,com.google.gwt.event.shared.GwtEvent,com.google.gwt.event.shared.GwtEvent,1,com.google.gwt.event.shared.GwtEvent,com.google.gwt.event.shared.GwtEvent,1,1
List,java.util.List,java.util.List,1,java.util.List,java.util.List,1,1
Category,com.google.gwt.resources.shared.Category,com.google.gwt.junit.client.Category,0,java.lang.Object,com.google.gwt.junit.client.Category,0,0
Type,com.google.gwt.event.shared.Type,java.gwt.Type,0,com.google.gwt.event.shared.GwtEvent.Type,com.google.gwt.event.shared.GwtEvent.Type,1,1
Type,com.google.gwt.event.shared.Type,java.gwt.Type,0,com.google.gwt.event.shared.GwtEvent.Type,com.google.gwt.event.shared.GwtEvent.Type,1,1
dl_correct:3,dl_accuracy:0.5,,rule_correct:5,rule_checked:6,rule_accuracy:0.8333,rule_recall:0.8333
checked:6,total correct:5,total accuracy:0.8333
