gt3.java,
Node,DL_pred,DL_truth,DL_correct,Rule_pred,Rule_truth,Rule_correct,Total_correct
RootLayoutPanel,com.google.gwt.user.client.ui.RootLayoutPanel,com.google.gwt.user.client.ui.RootLayoutPanel,1,com.google.gwt.user.client.ui.RootLayoutPanel,com.google.gwt.user.client.ui.RootLayoutPanel,1,1
DockLayoutPanel,com.google.gwt.user.client.ui.DockLayoutPanel,com.google.gwt.user.client.ui.DockLayoutPanel,1,com.google.gwt.user.client.ui.DockLayoutPanel,com.google.gwt.user.client.ui.DockLayoutPanel,1,1
DockLayoutPanel,com.google.gwt.user.client.ui.DockLayoutPanel,com.google.gwt.user.client.ui.DockLayoutPanel,1,com.google.gwt.user.client.ui.DockLayoutPanel,com.google.gwt.user.client.ui.DockLayoutPanel,1,1
dl_correct:3,dl_accuracy:1.0,,rule_correct:3,rule_checked:3,rule_accuracy:1.0,rule_recall:1.0
checked:3,total correct:3,total accuracy:1.0
