gt4.java,
Node,DL_pred,DL_truth,DL_correct,Rule_pred,Rule_truth,Rule_correct,Total_correct
Date,java.util.Date,java.util.Date,1,java.util.Date,java.util.Date,1,1
new Date(),java.util.Date,java.util.Date,1,java.util.Date,java.util.Date,1,1
CalendarUtil,sun.util.calendar.CalendarUtil,com.google.gwt.user.datepicker.client.CalendarUtil,0,com.google.gwt.user.datepicker.client.CalendarUtil,com.google.gwt.user.datepicker.client.CalendarUtil,1,1
dl_correct:2,dl_accuracy:0.6667,,rule_correct:3,rule_checked:3,rule_accuracy:1.0,rule_recall:1.0
checked:3,total correct:3,total accuracy:1.0
