hb13.java,
Node,DL_pred,DL_truth,DL_correct,Rule_pred,Rule_truth,Rule_correct,Total_correct
Type,org.hibernate.type.Type,org.hibernate.annotations.Type,0,org.hibernate.type.Type,org.hibernate.annotations.Type,0,0
HibernateException,org.hibernate.HibernateException,org.hibernate.HibernateException,1,org.hibernate.HibernateException,org.hibernate.HibernateException,1,1
Hibernate,org.hibernate.Hibernate,org.hibernate.Hibernate,1,org.hibernate.Hibernate,org.hibernate.Hibernate,1,1
dl_correct:2,dl_accuracy:0.6667,,rule_correct:2,rule_checked:3,rule_accuracy:0.6667,rule_recall:0.6667
checked:3,total correct:2,total accuracy:0.6667
