hb16.java,
Node,DL_pred,DL_truth,DL_correct,Rule_pred,Rule_truth,Rule_correct,Total_correct
OneToMany,jakarta.persistence.OneToMany,javax.persistence.OneToMany,0,javax.persistence.OneToMany,javax.persistence.OneToMany,1,1
Column,jakarta.persistence.Column,javax.persistence.Column,0,javax.persistence.Column,javax.persistence.Column,1,1
List,java.util.List,java.util.List,1,java.util.List,java.util.List,1,1
ArrayList,java.util.ArrayList,java.util.ArrayList,1,java.util.ArrayList,java.util.ArrayList,1,1
dl_correct:2,dl_accuracy:0.5,,rule_correct:4,rule_checked:4,rule_accuracy:1.0,rule_recall:1.0
checked:4,total correct:4,total accuracy:1.0
