{"status":2,"problems":[{"fileName":"Android11.java","startLocation":1238,"endLocation":1240,"lineNumber":32,"column":25,"message":"The value of the local variable str is not used","problemId":536870973,"problemSeverity":"WARNING"}],"originalContent":"package androidExamples;\n//ID = 531324\n\n\npublic class Android11 extends MyLocationOverlay{\n\t\n\tpublic Android11(Context arg0, MapView arg1) \n\t{\n\t\tsuper(arg0, arg1);\n\t\t// TODO Auto-generated constructor stub\n\t}\n\n\n    @Override\n    public void drawMyLocation(Canvas canvas, MapView mapView, Location lastFix, GeoPoint myLocation, long when) \n    {\n            super.drawMyLocation(canvas,mapView,lastFix,myLocation,when);\n\n            Location bLocation = new Location(\"reverseGeocoded\");\n            bLocation.setLatitude(FindList.gpslat);           // Value = 3.294391E7\n            bLocation.setLongitude(FindList.gpslong);         // Value = -9.6564615E7\n            Location aLocation = new Location(\"reverseGeocoded\");\n            aLocation.setLatitude(myLocation.getLatitudeE6());   // Value = 3.2946164E7\n            aLocation.setLongitude(myLocation.getLongitudeE6()); // Value = -9.6505141E7\n            aLocation.set(aLocation);    // Don't think I need this   \n            bLocation.set(bLocation);    // Don't think I need this either\n\n            int distance = (int)aLocation.distanceTo(bLocation);  // Value = 12637795 ???\n            String str = \" (\" + String.valueOf(distance) + \" meters)\";\n    }\n    static final class FindList\n    {\n    \tpublic static int gpslat = 1;\n    \tpublic static int gpslong = 1;\n    }\n}","updatedContent":"package androidExamples;\n//ID = 531324\n\nimport android.content.Context;\nimport com.google.android.maps.MapView;\nimport com.google.android.maps.MyLocationOverlay;\nimport android.graphics.Canvas;\nimport android.location.Location;\nimport com.google.android.maps.GeoPoint;\n\npublic class Android11 extends MyLocationOverlay {\n\n\tpublic Android11(Context arg0, MapView arg1) {\n\t\tsuper(arg0, arg1);\n\t\t// TODO Auto-generated constructor stub\n\t}\n\n\t@Override\n\tpublic void drawMyLocation(Canvas canvas, MapView mapView, Location lastFix, GeoPoint myLocation, long when) {\n\t\tsuper.drawMyLocation(canvas, mapView, lastFix, myLocation, when);\n\n\t\tLocation bLocation = new Location(\"reverseGeocoded\");\n\t\tbLocation.setLatitude(FindList.gpslat); // Value = 3.294391E7\n\t\tbLocation.setLongitude(FindList.gpslong); // Value = -9.6564615E7\n\t\tLocation aLocation = new Location(\"reverseGeocoded\");\n\t\taLocation.setLatitude(myLocation.getLatitudeE6()); // Value = 3.2946164E7\n\t\taLocation.setLongitude(myLocation.getLongitudeE6()); // Value = -9.6505141E7\n\t\taLocation.set(aLocation); // Don't think I need this   \n\t\tbLocation.set(bLocation); // Don't think I need this either\n\n\t\tint distance = (int) aLocation.distanceTo(bLocation); // Value = 12637795 ???\n\t\tString str = \" (\" + String.valueOf(distance) + \" meters)\";\n\t}\n\n\tstatic final class FindList {\n\t\tpublic static int gpslat = 1;\n\t\tpublic static int gpslong = 1;\n\t}\n}","usedLibraries":["jar:android-13.jar:1","jar:android-google-maps-api11.jar:1"]}