{
  "java_file": "/home/theguy/Documents/research/snr-server/src/test/resources/snippets/so/Android27.java",
  "output_file": "StatType-Completion-output-json/Android27.java.json",
  "exit_code": 0,
  "stdout": "/home/theguy/Documents/research/snr-server/benchmark/snippet_log/Android27.java.stdout.9751827cf58348eca545dceac4f96375.txt",
  "stderr": "/home/theguy/Documents/research/snr-server/benchmark/snippet_log/Android27.java.stderr.9751827cf58348eca545dceac4f96375.txt",
  "run_time": 7025917614,
  "total_imports": [
    "android.content.Context",
    "android.view.View",
    "android.view.ViewGroup",
    "android.widget.BaseAdapter",
    "android.widget.GridView",
    "android.widget.TextView"
  ],
  "correct_imports": [
    "android.content.Context",
    "android.widget.GridView",
    "android.view.ViewGroup",
    "android.widget.TextView",
    "android.widget.BaseAdapter",
    "android.view.View"
  ]
}