{"status":2,"problems":[{"fileName":"Android13.java","startLocation":846,"endLocation":860,"lineNumber":28,"column":-1,"message":"The value of the local variable fileInputStream is not used","problemId":536870973,"problemSeverity":"WARNING"}],"originalContent":"package androidExamples;\n\n\n//ID = 559902\npublic class Android13 {\n\tpublic static void main(String[] args) {\n\t\t\tUri imageUri = null;\n\t\t\tBitmap bitmap = null;\n\t\t\ttry {\n\t\t\t\tbitmap = Media.getBitmap(getContentResolver(), imageUri);\n\t\t\t} catch (FileNotFoundException e) {\n\t\t\t\t// TODO Auto-generated catch block\n\t\t\t\te.printStackTrace();\n\t\t\t} catch (IOException e) {\n\t\t\t\t// TODO Auto-generated catch block\n\t\t\t\te.printStackTrace();\n\t\t\t}\n\t\t\tByteArrayOutputStream bytes = new ByteArrayOutputStream();\n\t\t\tbitmap.compress(Bitmap.CompressFormat.JPEG, 40, bytes);\n\t\t\tByteArrayInputStream fileInputStream = new ByteArrayInputStream(bytes.toByteArray());\n\t}\n\n\tprivate static ContentResolver getContentResolver() {\n\t\t// TODO Auto-generated method stub\n\t\treturn null;\n\t}\n}","updatedContent":"package androidExamples;\n\nimport java.io.FileNotFoundException;\nimport android.content.ContentResolver;\nimport java.io.ByteArrayInputStream;\nimport android.graphics.Bitmap;\nimport java.io.ByteArrayOutputStream;\nimport android.provider.MediaStore.Images.Media;\nimport java.io.IOException;\nimport android.net.Uri;\n\n//ID = 559902\npublic class Android13 {\n\tpublic static void main(String[] args) {\n\t\tUri imageUri = null;\n\t\tBitmap bitmap = null;\n\t\ttry {\n\t\t\tbitmap = Media.getBitmap(getContentResolver(), imageUri);\n\t\t} catch (FileNotFoundException e) {\n\t\t\t// TODO Auto-generated catch block\n\t\t\te.printStackTrace();\n\t\t} catch (IOException e) {\n\t\t\t// TODO Auto-generated catch block\n\t\t\te.printStackTrace();\n\t\t}\n\t\tByteArrayOutputStream bytes = new ByteArrayOutputStream();\n\t\tbitmap.compress(Bitmap.CompressFormat.JPEG, 40, bytes);\n\t\tByteArrayInputStream fileInputStream = new ByteArrayInputStream(bytes.toByteArray());\n\t}\n\n\tprivate static ContentResolver getContentResolver() {\n\t\t// TODO Auto-generated method stub\n\t\treturn null;\n\t}\n}","usedLibraries":["jar:android-13.jar:1"]}