{"status":2,"problems":[{"fileName":"Android15.java","startLocation":365,"endLocation":367,"lineNumber":14,"column":75,"message":"Uri cannot be resolved","problemId":570425394,"problemSeverity":"ERROR"}],"originalContent":"package androidExamples;\n//ID = 587917\n\npublic class Android15 {\n\n\tpublic static void main(String[] args) {\n\t\t// TODO Auto-generated method stub\n\n\t\tIntent sendIntent = new Intent(Intent.ACTION_SEND);\n\t\tsendIntent.setType(\"image/jpeg\");\n\t\tsendIntent.putExtra(Intent.EXTRA_SUBJECT, \"Photo\");\n\t\tsendIntent.putExtra(Intent.EXTRA_STREAM, Uri.parse(\"file://sdcard/dcim/Camera/filename.jpg\"));\n\t\tsendIntent.putExtra(Intent.EXTRA_TEXT, \"Enjoy the photo\");\n\t\tstartActivity(Intent.createChooser(sendIntent, \"Email:\"));\n\t}\n\n\tprivate static void startActivity(Intent createChooser) {\n\t\t// TODO Auto-generated method stub\n\n\t}\n\n}","updatedContent":"package androidExamples;\n//ID = 587917\n\nimport android.content.Intent;\n\npublic class Android15 {\n\n\tpublic static void main(String[] args) {\n\t\t// TODO Auto-generated method stub\n\n\t\tIntent sendIntent = new Intent(Intent.ACTION_SEND);\n\t\tsendIntent.setType(\"image/jpeg\");\n\t\tsendIntent.putExtra(Intent.EXTRA_SUBJECT, \"Photo\");\n\t\tsendIntent.putExtra(Intent.EXTRA_STREAM, Uri.parse(\"file://sdcard/dcim/Camera/filename.jpg\"));\n\t\tsendIntent.putExtra(Intent.EXTRA_TEXT, \"Enjoy the photo\");\n\t\tstartActivity(Intent.createChooser(sendIntent, \"Email:\"));\n\t}\n\n\tprivate static void startActivity(Intent createChooser) {\n\t\t// TODO Auto-generated method stub\n\n\t}\n\n}","usedLibraries":["jar:android-13.jar:1"]}