{
  "java_file": "/home/theguy/Documents/research/snr-server/src/test/resources/snippets/so/Android02.java",
  "output_file": "StatType-Completion-output-json/Android02.java.json",
  "exit_code": 0,
  "stdout": "/home/theguy/Documents/research/snr-server/benchmark/snippet_log/Android02.java.stdout.13db3e2df6304420b006ef8636b44d86.txt",
  "stderr": "/home/theguy/Documents/research/snr-server/benchmark/snippet_log/Android02.java.stderr.13db3e2df6304420b006ef8636b44d86.txt",
  "run_time": 3414857846,
  "total_imports": [
    "android.app.Activity",
    "android.os.Bundle",
    "gen.R"
  ],
  "correct_imports": [
    "android.os.Bundle",
    "android.app.Activity"
  ]
}