{
  "java_file": "/home/theguy/Documents/research/snr-server/src/test/resources/snippets/so/Android35.java",
  "output_file": "StatType-Completion-output-json/Android35.java.json",
  "exit_code": 0,
  "stdout": "/home/theguy/Documents/research/snr-server/benchmark/snippet_log/Android35.java.stdout.41a34a47a530484e8feb6097c48b7186.txt",
  "stderr": "/home/theguy/Documents/research/snr-server/benchmark/snippet_log/Android35.java.stderr.41a34a47a530484e8feb6097c48b7186.txt",
  "run_time": 6715629221,
  "total_imports": [
    "java.io.File",
    "java.io.IOException",
    "android.media.MediaRecorder"
  ],
  "correct_imports": [
    "java.io.File",
    "java.io.IOException",
    "android.media.MediaRecorder"
  ]
}