{
  "java_file": "/home/theguy/Documents/research/snr-server/src/test/resources/snippets/so/Android01.java",
  "output_file": "StatType-Completion-output-json/Android01.java.json",
  "exit_code": 0,
  "stdout": "/home/theguy/Documents/research/snr-server/benchmark/snippet_log/Android01.java.stdout.e41fee9082844ec1ad72b25a24053004.txt",
  "stderr": "/home/theguy/Documents/research/snr-server/benchmark/snippet_log/Android01.java.stderr.e41fee9082844ec1ad72b25a24053004.txt",
  "run_time": 3874483840,
  "total_imports": [
    "android.app.Activity",
    "android.os.Bundle",
    "android.widget.TextView"
  ],
  "correct_imports": [
    "android.os.Bundle",
    "android.widget.TextView",
    "android.app.Activity"
  ]
}