{
  "java_file": "/home/theguy/Documents/research/snr-server/src/test/resources/snippets/so/Android40.java",
  "output_file": "StatType-Completion-output-json/Android40.java.json",
  "exit_code": 0,
  "stdout": "/home/theguy/Documents/research/snr-server/benchmark/snippet_log/Android40.java.stdout.198cadca4135442faceb0be623b6d15f.txt",
  "stderr": "/home/theguy/Documents/research/snr-server/benchmark/snippet_log/Android40.java.stderr.198cadca4135442faceb0be623b6d15f.txt",
  "run_time": 8420103957,
  "total_imports": [
    "android.app.Activity",
    "android.os.Bundle",
    "android.util.Log",
    "android.view.View",
    "android.view.View.OnClickListener",
    "android.widget.ImageView",
    "android.widget.SlidingDrawer",
    "gen.R"
  ],
  "correct_imports": [
    "android.os.Bundle",
    "android.view.View",
    "android.widget.ImageView",
    "android.app.Activity",
    "android.view.View.OnClickListener",
    "android.widget.SlidingDrawer",
    "android.util.Log"
  ]
}