{
  "java_file": "/home/theguy/Documents/research/snr-server/src/test/resources/snippets/so/Android22.java",
  "output_file": "StatType-Completion-output-json/Android22.java.json",
  "exit_code": 0,
  "stdout": "/home/theguy/Documents/research/snr-server/benchmark/snippet_log/Android22.java.stdout.d273336f197d4a4b9bd47e87a15205c8.txt",
  "stderr": "/home/theguy/Documents/research/snr-server/benchmark/snippet_log/Android22.java.stderr.d273336f197d4a4b9bd47e87a15205c8.txt",
  "run_time": 13162416652,
  "total_imports": [
    "android.app.ListActivity",
    "android.content.Intent",
    "android.database.Cursor",
    "android.os.Bundle",
    "android.provider.Contacts.People",
    "android.provider.ContactsContract.CommonDataKinds.Note",
    "android.view.View",
    "android.widget.ListAdapter",
    "android.widget.ListView",
    "android.widget.SimpleCursorAdapter",
    "android.widget.TextView",
    "gen.R"
  ],
  "correct_imports": [
    "android.app.ListActivity",
    "android.widget.TextView",
    "android.os.Bundle",
    "android.provider.ContactsContract.CommonDataKinds.Note",
    "android.content.Intent",
    "android.widget.ListAdapter",
    "android.provider.Contacts.People",
    "android.widget.ListView",
    "android.view.View",
    "android.database.Cursor",
    "android.widget.SimpleCursorAdapter"
  ]
}