{
  "java_file": "/home/theguy/Documents/research/snr-server/src/test/resources/snippets/so/Android36.java",
  "output_file": "StatType-Completion-output-json/Android36.java.json",
  "exit_code": 0,
  "stdout": "/home/theguy/Documents/research/snr-server/benchmark/snippet_log/Android36.java.stdout.c7095c0647804444b8454791d9b86e17.txt",
  "stderr": "/home/theguy/Documents/research/snr-server/benchmark/snippet_log/Android36.java.stderr.c7095c0647804444b8454791d9b86e17.txt",
  "run_time": 4636065603,
  "total_imports": [
    "android.content.ContentValues",
    "android.database.sqlite.SQLiteDatabase"
  ],
  "correct_imports": [
    "android.database.sqlite.SQLiteDatabase",
    "android.content.ContentValues"
  ]
}