{"status":0,"problems":[],"originalContent":"package androidExamples;\n//ID = 26362\n\npublic class Android03 extends ItemizedOverlay<OverlayItem>{\n\n\tpublic Android03(Drawable defaultMarker) \n\t{\n\t\tsuper(defaultMarker);\n\t\tpopulate();\n\t}\n\n\n\t@Override\n\tprotected OverlayItem createItem(int index) {\n\t\tDouble lat = (index+37.422006)*1E6;\n\t\tDouble lng = -122.084095*1E6;\n\t\tGeoPoint point = new GeoPoint(lat.intValue(), lng.intValue());\n\n\t\tOverlayItem oi = new OverlayItem(point, \"Marker\", \"Marker Text\");\n\t\treturn oi;\n\t}\n\n\t@Override\n\tpublic int size() {\n\t\treturn 5;\n\t} }","updatedContent":"package androidExamples;\n//ID = 26362\n\nimport com.google.android.maps.OverlayItem;\nimport com.google.android.maps.ItemizedOverlay;\nimport android.graphics.drawable.Drawable;\nimport com.google.android.maps.GeoPoint;\n\npublic class Android03 extends ItemizedOverlay<OverlayItem> {\n\n\tpublic Android03(Drawable defaultMarker) {\n\t\tsuper(defaultMarker);\n\t\tpopulate();\n\t}\n\n\t@Override\n\tprotected OverlayItem createItem(int index) {\n\t\tDouble lat = (index + 37.422006) * 1E6;\n\t\tDouble lng = -122.084095 * 1E6;\n\t\tGeoPoint point = new GeoPoint(lat.intValue(), lng.intValue());\n\n\t\tOverlayItem oi = new OverlayItem(point, \"Marker\", \"Marker Text\");\n\t\treturn oi;\n\t}\n\n\t@Override\n\tpublic int size() {\n\t\treturn 5;\n\t}\n}","usedLibraries":["jar:android-13.jar:1","jar:android-google-maps-api11.jar:1"]}