{
  "java_file": "/home/theguy/Documents/research/snr-server/src/test/resources/snippets/so/Android11.java",
  "output_file": "StatType-Completion-output-json/Android11.java.json",
  "exit_code": 0,
  "stdout": "/home/theguy/Documents/research/snr-server/benchmark/snippet_log/Android11.java.stdout.ce9816a0940c457cb77bcff4498df928.txt",
  "stderr": "/home/theguy/Documents/research/snr-server/benchmark/snippet_log/Android11.java.stderr.ce9816a0940c457cb77bcff4498df928.txt",
  "run_time": 8851397938,
  "total_imports": [
    "com.google.android.maps.GeoPoint",
    "com.google.android.maps.MapView",
    "com.google.android.maps.MyLocationOverlay",
    "android.content.Context",
    "android.graphics.Canvas",
    "android.location.Location"
  ],
  "correct_imports": [
    "android.content.Context",
    "com.google.android.maps.MapView",
    "com.google.android.maps.MyLocationOverlay",
    "android.graphics.Canvas",
    "android.location.Location",
    "com.google.android.maps.GeoPoint"
  ]
}