{"status":2,"problems":[{"fileName":"Android41.java","startLocation":381,"endLocation":387,"lineNumber":19,"column":-1,"message":"The static field View.VISIBLE should be accessed in a static way","problemId":570425420,"problemSeverity":"WARNING"}],"originalContent":"package androidExamples;\n//ID = 1182620\n\npublic class Android41 extends View {\n\tpublic Android41(Context context) {\n\t\tsuper(context);\n\t\tsetBackgroundColor(Color.RED);\n\t}\n\n\tTextView tv;\n\n\tpublic void adText(TextView tv) {\n\t\tthis.tv = tv;\n\t\ttv.setVisibility(tv.VISIBLE);\n\t}\n}","updatedContent":"package androidExamples;\n//ID = 1182620\n\nimport android.content.Context;\nimport android.graphics.Color;\nimport android.widget.TextView;\nimport android.view.View;\n\npublic class Android41 extends View {\n\tpublic Android41(Context context) {\n\t\tsuper(context);\n\t\tsetBackgroundColor(Color.RED);\n\t}\n\n\tTextView tv;\n\n\tpublic void adText(TextView tv) {\n\t\tthis.tv = tv;\n\t\ttv.setVisibility(tv.VISIBLE);\n\t}\n}","usedLibraries":["jar:android-13.jar:1"]}