{"status":2,"problems":[{"fileName":"Android19.java","startLocation":798,"endLocation":806,"lineNumber":26,"column":-1,"message":"Null pointer access: The variable mThumbIds can only be null at this location","problemId":536871363,"problemSeverity":"WARNING"}],"originalContent":"package androidExamples;\n//ID = 738817\n\npublic class Android19 {\n\tpublic View getView(int position, View convertView, ViewGroup parent) {\n\t\t  ImageView imageView;\n\t\t  if (convertView == null) {  \n\t\t    Context mContext = null;\n\t\t\t// if it's not recycled, initialize some attributes\n\t\t    imageView = new ImageView(mContext);\n\t\t    imageView.setLayoutParams(new GridView.LayoutParams(85, 85));\n\t\t    imageView.setScaleType(ImageView.ScaleType.CENTER_CROP);\n\t\t    imageView.setPadding(8, 8, 8, 8);\n\t\t    //does this need imageView.onKeyDown(keyCode, event)?\n\t\t  } \n\t\t  else {\n\t\t    imageView = (ImageView) convertView;\n\t\t  }\n\n\t\t  int[] mThumbIds = null;\n\t\timageView.setImageResource(mThumbIds[position]);\n\t\t  return imageView;\n\t\t}\n\n\n}","updatedContent":"package androidExamples;\n//ID = 738817\n\nimport android.content.Context;\nimport android.widget.GridView;\nimport android.view.ViewGroup;\nimport android.view.View;\nimport android.widget.ImageView;\n\npublic class Android19 {\n\tpublic View getView(int position, View convertView, ViewGroup parent) {\n\t\tImageView imageView;\n\t\tif (convertView == null) {\n\t\t\tContext mContext = null;\n\t\t\t// if it's not recycled, initialize some attributes\n\t\t\timageView = new ImageView(mContext);\n\t\t\timageView.setLayoutParams(new GridView.LayoutParams(85, 85));\n\t\t\timageView.setScaleType(ImageView.ScaleType.CENTER_CROP);\n\t\t\timageView.setPadding(8, 8, 8, 8);\n\t\t\t//does this need imageView.onKeyDown(keyCode, event)?\n\t\t} else {\n\t\t\timageView = (ImageView) convertView;\n\t\t}\n\n\t\tint[] mThumbIds = null;\n\t\timageView.setImageResource(mThumbIds[position]);\n\t\treturn imageView;\n\t}\n\n}","usedLibraries":["jar:android-13.jar:1"]}