{
  "java_file": "/home/theguy/Documents/research/snr-server/src/test/resources/snippets/so/Android38.java",
  "output_file": "StatType-Completion-output-json/Android38.java.json",
  "exit_code": 0,
  "stdout": "/home/theguy/Documents/research/snr-server/benchmark/snippet_log/Android38.java.stdout.ecb3c78daffb4e0383ebf5269aa7e9b5.txt",
  "stderr": "/home/theguy/Documents/research/snr-server/benchmark/snippet_log/Android38.java.stderr.ecb3c78daffb4e0383ebf5269aa7e9b5.txt",
  "run_time": 26830653539,
  "total_imports": [
    "java.io.DataInputStream",
    "java.io.DataOutputStream",
    "java.io.File",
    "java.io.FileInputStream",
    "java.io.IOException",
    "java.io.InputStream",
    "java.net.HttpURLConnection",
    "java.net.MalformedURLException",
    "java.net.URL"
  ],
  "correct_imports": [
    "java.io.File",
    "java.io.DataOutputStream",
    "java.net.URL",
    "java.net.MalformedURLException",
    "java.io.DataInputStream",
    "java.io.FileInputStream",
    "java.io.IOException",
    "java.io.InputStream",
    "java.net.HttpURLConnection"
  ]
}