{"status":2,"problems":[{"fileName":"Android33.java","startLocation":288,"endLocation":308,"lineNumber":12,"column":46,"message":"The method init(Context) from the type Android33 is never used locally","problemId":603979894,"problemSeverity":"WARNING"},{"fileName":"Android33.java","startLocation":322,"endLocation":331,"lineNumber":13,"column":29,"message":"The value of the local variable mRecording is not used","problemId":536870973,"problemSeverity":"WARNING"},{"fileName":"Android33.java","startLocation":349,"endLocation":358,"lineNumber":15,"column":7,"message":"The value of the local variable frameCount is not used","problemId":536870973,"problemSeverity":"WARNING"}],"originalContent":"package androidExamples;\n//ID = 1048739\n\n\npublic class Android33 {\n\tprivate void init(Context context)\n\t{\n\t\tboolean mRecording = false;\n\n\t\tint frameCount = 0;\n\t\tCamera mCamera = null;\n\t\tif(mCamera == null)\n\t\t{\n\t\t\tmCamera = Camera.open();\n\t\t}\n\t\tParameters parameters = mCamera.getParameters();\n\t\tparameters.setPictureFormat(PixelFormat.JPEG);\n\t\tmCamera.setParameters(parameters);\n\t\ttry {\n\t\t\tSurfaceHolder surfaceHolder = null;\n\t\t\tmCamera.setPreviewDisplay(surfaceHolder);\n\t\t} catch (IOException e) {\n\t\t\t// TODO Auto-generated catch block\n\t\t\te.printStackTrace();\n\t\t}\n\t\tmCamera.startPreview();\n\n\t}\n}","updatedContent":"package androidExamples;\n//ID = 1048739\n\nimport android.content.Context;\nimport android.hardware.Camera;\nimport android.hardware.Camera.Parameters;\nimport java.io.IOException;\nimport android.view.SurfaceHolder;\nimport android.graphics.PixelFormat;\n\npublic class Android33 {\n\tprivate void init(Context context) {\n\t\tboolean mRecording = false;\n\n\t\tint frameCount = 0;\n\t\tCamera mCamera = null;\n\t\tif (mCamera == null) {\n\t\t\tmCamera = Camera.open();\n\t\t}\n\t\tParameters parameters = mCamera.getParameters();\n\t\tparameters.setPictureFormat(PixelFormat.JPEG);\n\t\tmCamera.setParameters(parameters);\n\t\ttry {\n\t\t\tSurfaceHolder surfaceHolder = null;\n\t\t\tmCamera.setPreviewDisplay(surfaceHolder);\n\t\t} catch (IOException e) {\n\t\t\t// TODO Auto-generated catch block\n\t\t\te.printStackTrace();\n\t\t}\n\t\tmCamera.startPreview();\n\n\t}\n}","usedLibraries":["jar:android-13.jar:1"]}