{"status":0,"problems":[],"originalContent":"package androidExamples;\n\n\npublic class Android28 extends android.app.Application {\n\n    private static Android28 instance;\n\n    public Android28() {\n     instance = this;\n    }\n\n    public static Context getContext() {\n     return instance;\n    }\n\n}","updatedContent":"package androidExamples;\n\nimport android.content.Context;\n\npublic class Android28 extends android.app.Application {\n\n\tprivate static Android28 instance;\n\n\tpublic Android28() {\n\t\tinstance = this;\n\t}\n\n\tpublic static Context getContext() {\n\t\treturn instance;\n\t}\n\n}","usedLibraries":["jar:android-13.jar:1"]}