{
  "java_file": "/home/theguy/Documents/research/snr-server/src/test/resources/snippets/so/Android31.java",
  "output_file": "StatType-Completion-output-json/Android31.java.json",
  "exit_code": 0,
  "stdout": "/home/theguy/Documents/research/snr-server/benchmark/snippet_log/Android31.java.stdout.4b6bbd67185e4426abb753188eeadffa.txt",
  "stderr": "/home/theguy/Documents/research/snr-server/benchmark/snippet_log/Android31.java.stderr.4b6bbd67185e4426abb753188eeadffa.txt",
  "run_time": 2751604682,
  "total_imports": [
    "android.content.Context",
    "android.os.PowerManager"
  ],
  "correct_imports": [
    "android.os.PowerManager"
  ]
}