{
  "java_file": "/home/theguy/Documents/research/snr-server/src/test/resources/snippets/so/Android39.java",
  "output_file": "StatType-Completion-output-json/Android39.java.json",
  "exit_code": 0,
  "stdout": "/home/theguy/Documents/research/snr-server/benchmark/snippet_log/Android39.java.stdout.65f04dbd7f2a4e69bfc64dacfadca6bb.txt",
  "stderr": "/home/theguy/Documents/research/snr-server/benchmark/snippet_log/Android39.java.stderr.65f04dbd7f2a4e69bfc64dacfadca6bb.txt",
  "run_time": 7756508786,
  "total_imports": [
    "java.util.List",
    "android.os.Bundle",
    "gen.R",
    "com.google.android.maps.MapActivity",
    "com.google.android.maps.MapController",
    "com.google.android.maps.MapView",
    "com.google.android.maps.MyLocationOverlay",
    "com.google.android.maps.Overlay"
  ],
  "correct_imports": [
    "java.util.List",
    "android.os.Bundle",
    "com.google.android.maps.MapController",
    "com.google.android.maps.MapView",
    "com.google.android.maps.MapActivity",
    "com.google.android.maps.MyLocationOverlay",
    "com.google.android.maps.Overlay"
  ]
}