{
  "java_file": "/home/theguy/Documents/research/snr-server/src/test/resources/snippets/so/Android48.java",
  "output_file": "StatType-Completion-output-json/Android48.java.json",
  "exit_code": 0,
  "stdout": "/home/theguy/Documents/research/snr-server/benchmark/snippet_log/Android48.java.stdout.a68b320771bb47d1a237f166814e93fe.txt",
  "stderr": "/home/theguy/Documents/research/snr-server/benchmark/snippet_log/Android48.java.stderr.a68b320771bb47d1a237f166814e93fe.txt",
  "run_time": 10667403059,
  "total_imports": [
    "android.app.AlertDialog",
    "android.app.Dialog",
    "android.content.Context",
    "android.graphics.Bitmap",
    "android.graphics.BitmapFactory",
    "android.hardware.Camera",
    "android.hardware.Camera.PictureCallback",
    "android.widget.ImageView",
    "android.widget.TextView"
  ],
  "correct_imports": [
    "android.content.Context",
    "android.hardware.Camera.PictureCallback",
    "android.widget.TextView",
    "android.graphics.Bitmap",
    "android.hardware.Camera",
    "android.widget.ImageView",
    "android.graphics.BitmapFactory",
    "android.app.Dialog",
    "android.app.AlertDialog"
  ]
}