{
  "java_file": "/home/theguy/Documents/research/snr-server/src/test/resources/snippets/so/Android47.java",
  "output_file": "StatType-Completion-output-json/Android47.java.json",
  "exit_code": 0,
  "stdout": "/home/theguy/Documents/research/snr-server/benchmark/snippet_log/Android47.java.stdout.50653a4f0c314ccc8915ab7916dcc585.txt",
  "stderr": "/home/theguy/Documents/research/snr-server/benchmark/snippet_log/Android47.java.stderr.50653a4f0c314ccc8915ab7916dcc585.txt",
  "run_time": 12967661276,
  "total_imports": [
    "org.apache.http.impl.client.DefaultHttpClient",
    "java.io.IOException",
    "org.apache.http.client.ClientProtocolException",
    "org.apache.http.client.methods.HttpGet",
    "gen.R",
    "android.app.Activity",
    "android.os.Bundle",
    "android.widget.TextView"
  ],
  "correct_imports": [
    "org.apache.http.impl.client.DefaultHttpClient",
    "android.os.Bundle",
    "android.widget.TextView",
    "org.apache.http.client.methods.HttpGet",
    "android.app.Activity"
  ]
}