{"status":2,"problems":[{"fileName":"Android17.java","startLocation":637,"endLocation":661,"lineNumber":21,"column":1,"message":"The constructor HttpGet(URI) is undefined","problemId":134217858,"problemSeverity":"ERROR"}],"originalContent":"package androidExamples;\n//ID = 669764\n\n\n\npublic class Android17 {private void Login()\n{\n\t  HttpClient httpClient = new DefaultHttpClient();\n\t  try\n\t  {\n\t      String url = \"http://192.168.1.5:8000/Login?username=test&password=test\";\n\n\t    HttpGet method = new HttpGet( new URI(url) );\n\t    HttpResponse response = httpClient.execute(method);\n\t    if ( response != null )\n\t    {\n\t      Log.i( \"login\", \"received \" + getResponse(response.getEntity()) );\n\t    }\n\t    else\n\t    {\n\t      Log.i( \"login\", \"got a null response\" );\n\t    }\n\t  } catch (IOException e) {\n\t    Log.e( \"error\", e.getMessage() );\n\t  } catch (URISyntaxException e) {\n\t    Log.e( \"error\", e.getMessage() );\n\t  }\n\t}\n\n\tprivate String getResponse( HttpEntity entity )\n\t{\n\t  String response = \"\";\n\n\t  try\n\t  {\n\t    int length = ( int ) entity.getContentLength();\n\t    StringBuffer sb = new StringBuffer( length );\n\t    InputStreamReader isr = new InputStreamReader( entity.getContent(), \"UTF-8\" );\n\t    char buff[] = new char[length];\n\t    int cnt;\n\t    while ( ( cnt = isr.read( buff, 0, length - 1 ) ) > 0 )\n\t    {\n\t      sb.append( buff, 0, cnt );\n\t    }\n\n\t      response = sb.toString();\n\t      isr.close();\n\t  } catch ( IOException ioe ) {\n\t    ioe.printStackTrace();\n\t  }\n\n\t  return response;\n\t}\n\n}","updatedContent":"package androidExamples;\n//ID = 669764\n\nimport org.apache.http.impl.client.DefaultHttpClient;\nimport org.apache.http.client.methods.HttpGet;\nimport org.apache.http.client.HttpClient;\nimport java.net.URISyntaxException;\nimport org.apache.http.HttpResponse;\nimport org.apache.http.HttpEntity;\nimport java.io.IOException;\nimport com.sun.org.apache.xerces.internal.util.URI;\nimport java.io.InputStreamReader;\nimport android.util.Log;\n\npublic class Android17 {\n\tprivate void Login() {\n\t\tHttpClient httpClient = new DefaultHttpClient();\n\t\ttry {\n\t\t\tString url = \"http://192.168.1.5:8000/Login?username=test&password=test\";\n\n\t\t\tHttpGet method = new HttpGet(new URI(url));\n\t\t\tHttpResponse response = httpClient.execute(method);\n\t\t\tif (response != null) {\n\t\t\t\tLog.i(\"login\", \"received \" + getResponse(response.getEntity()));\n\t\t\t} else {\n\t\t\t\tLog.i(\"login\", \"got a null response\");\n\t\t\t}\n\t\t} catch (IOException e) {\n\t\t\tLog.e(\"error\", e.getMessage());\n\t\t} catch (URISyntaxException e) {\n\t\t\tLog.e(\"error\", e.getMessage());\n\t\t}\n\t}\n\n\tprivate String getResponse(HttpEntity entity) {\n\t\tString response = \"\";\n\n\t\ttry {\n\t\t\tint length = (int) entity.getContentLength();\n\t\t\tStringBuffer sb = new StringBuffer(length);\n\t\t\tInputStreamReader isr = new InputStreamReader(entity.getContent(), \"UTF-8\");\n\t\t\tchar buff[] = new char[length];\n\t\t\tint cnt;\n\t\t\twhile ((cnt = isr.read(buff, 0, length - 1)) > 0) {\n\t\t\t\tsb.append(buff, 0, cnt);\n\t\t\t}\n\n\t\t\tresponse = sb.toString();\n\t\t\tisr.close();\n\t\t} catch (IOException ioe) {\n\t\t\tioe.printStackTrace();\n\t\t}\n\n\t\treturn response;\n\t}\n\n}","usedLibraries":["openjdk:jdk:1.8.0","jar:android-13.jar:1"]}