{"status":2,"problems":[{"fileName":"Android34.java","startLocation":319,"endLocation":341,"lineNumber":11,"column":31,"message":"The type TabActivity is deprecated","problemId":16777221,"problemSeverity":"WARNING"},{"fileName":"Android34.java","startLocation":383,"endLocation":391,"lineNumber":14,"column":15,"message":"The type Android34 must implement the inherited abstract method DialogInterface.OnClickListener.onClick(DialogInterface, int)","problemId":67109264,"problemSeverity":"ERROR"},{"fileName":"Android34.java","startLocation":401,"endLocation":411,"lineNumber":14,"column":33,"message":"The type TabActivity is deprecated","problemId":16777221,"problemSeverity":"WARNING"},{"fileName":"Android34.java","startLocation":624,"endLocation":651,"lineNumber":21,"column":28,"message":"The method onCreate(Bundle) from the type ActivityGroup is deprecated","problemId":67108967,"problemSeverity":"WARNING"},{"fileName":"Android34.java","startLocation":680,"endLocation":691,"lineNumber":22,"column":1,"message":"The method getTabHost() from the type TabActivity is deprecated","problemId":67108967,"problemSeverity":"WARNING"},{"fileName":"Android34.java","startLocation":1035,"endLocation":1052,"lineNumber":38,"column":0,"message":"The method setOnClickListener(View.OnClickListener) in the type View is not applicable for the arguments (Android34)","problemId":67108979,"problemSeverity":"ERROR"}],"originalContent":"package androidExamples;\n//ID = 1062476\n\npublic class Android34 extends TabActivity \nimplements TabContentFactory\n, OnTabChangeListener, OnClickListener {\n\n\tprivate static final String LOG_KEY = \"TEST\";\n\tListView listView;\n\t@Override\n\tprotected void onCreate(Bundle savedInstanceState) {\n\t\tsuper.onCreate(savedInstanceState);\n\t\tfinal TabHost tabHost = getTabHost();\n\n\n\t\tTabHost.TabSpec ts = tabHost.newTabSpec(\"ID_1\");\n\t\tts.setIndicator(\"1\"); \n\t\tts.setContent(this);\n\t\ttabHost.addTab(ts);\n\n\t\tts = tabHost.newTabSpec(\"ID_2\");\n\t\tts.setIndicator(\"2\"); \n\t\tts.setContent(this);\n\t\ttabHost.addTab(ts);\n\n\t\tts = tabHost.newTabSpec(\"ID_3\");\n\t\tts.setIndicator(\"3\"); \n\t\tts.setContent(this);\n\t\ttabHost.addTab(ts);\n\t\ttabHost.setOnClickListener(this);\n\t\ttabHost.setOnTabChangedListener(this);\n\t}\n\tpublic void onClick(View v) {\n\t\tLog.d(LOG_KEY, \"OnClick\");\n\t}\n\n\tpublic void onTabChanged(String tabId) {\n\t\tLog.d(LOG_KEY, \"OnTabChanged\");\n\t}\n\t@Override\n\tpublic View createTabContent(String arg0) {\n\t\t// TODO Auto-generated method stub\n\t\treturn null;\n\t}\n\n}","updatedContent":"package androidExamples;\n//ID = 1062476\n\nimport android.content.DialogInterface.OnClickListener;\nimport android.os.Bundle;\nimport android.widget.TabHost.TabContentFactory;\nimport android.widget.ListView;\nimport android.view.View;\nimport android.widget.TabHost;\nimport android.widget.TabHost.OnTabChangeListener;\nimport android.app.TabActivity;\nimport android.util.Log;\n\npublic class Android34 extends TabActivity implements TabContentFactory, OnTabChangeListener, OnClickListener {\n\n\tprivate static final String LOG_KEY = \"TEST\";\n\tListView listView;\n\n\t@Override\n\tprotected void onCreate(Bundle savedInstanceState) {\n\t\tsuper.onCreate(savedInstanceState);\n\t\tfinal TabHost tabHost = getTabHost();\n\n\t\tTabHost.TabSpec ts = tabHost.newTabSpec(\"ID_1\");\n\t\tts.setIndicator(\"1\");\n\t\tts.setContent(this);\n\t\ttabHost.addTab(ts);\n\n\t\tts = tabHost.newTabSpec(\"ID_2\");\n\t\tts.setIndicator(\"2\");\n\t\tts.setContent(this);\n\t\ttabHost.addTab(ts);\n\n\t\tts = tabHost.newTabSpec(\"ID_3\");\n\t\tts.setIndicator(\"3\");\n\t\tts.setContent(this);\n\t\ttabHost.addTab(ts);\n\t\ttabHost.setOnClickListener(this);\n\t\ttabHost.setOnTabChangedListener(this);\n\t}\n\n\tpublic void onClick(View v) {\n\t\tLog.d(LOG_KEY, \"OnClick\");\n\t}\n\n\tpublic void onTabChanged(String tabId) {\n\t\tLog.d(LOG_KEY, \"OnTabChanged\");\n\t}\n\n\t@Override\n\tpublic View createTabContent(String arg0) {\n\t\t// TODO Auto-generated method stub\n\t\treturn null;\n\t}\n\n}","usedLibraries":["jar:android-13.jar:1"]}