{
  "java_file": "/home/theguy/Documents/research/snr-server/src/test/resources/snippets/so/Android26.java",
  "output_file": "StatType-Completion-output-json/Android26.java.json",
  "exit_code": 0,
  "stdout": "/home/theguy/Documents/research/snr-server/benchmark/snippet_log/Android26.java.stdout.22b8801d83f04516b4a472d2bbc323ab.txt",
  "stderr": "/home/theguy/Documents/research/snr-server/benchmark/snippet_log/Android26.java.stderr.22b8801d83f04516b4a472d2bbc323ab.txt",
  "run_time": 6151960737,
  "total_imports": [
    "android.content.Context",
    "android.view.KeyEvent",
    "android.view.MotionEvent",
    "android.view.View",
    "android.view.View.OnTouchListener",
    "android.widget.ScrollView"
  ],
  "correct_imports": [
    "android.content.Context",
    "android.view.View.OnTouchListener",
    "android.view.KeyEvent",
    "android.widget.ScrollView",
    "android.view.MotionEvent",
    "android.view.View"
  ]
}