{
  "java_file": "/home/theguy/Documents/research/snr-server/src/test/resources/snippets/so/Android25.java",
  "output_file": "StatType-Completion-output-json/Android25.java.json",
  "exit_code": 0,
  "stdout": "/home/theguy/Documents/research/snr-server/benchmark/snippet_log/Android25.java.stdout.844d99d69be845dea9b776d70d299fe8.txt",
  "stderr": "/home/theguy/Documents/research/snr-server/benchmark/snippet_log/Android25.java.stderr.844d99d69be845dea9b776d70d299fe8.txt",
  "run_time": 12362510774,
  "total_imports": [
    "java.util.ArrayList",
    "android.app.ListActivity",
    "android.content.Context",
    "android.database.sqlite.SQLiteDatabase",
    "android.os.Bundle",
    "gen.R"
  ],
  "correct_imports": [
    "android.content.Context",
    "android.database.sqlite.SQLiteDatabase",
    "android.app.ListActivity",
    "android.os.Bundle",
    "java.util.ArrayList"
  ]
}