{"status":0,"problems":[],"originalContent":"package androidExamples;\n//ID = 1111980\n\npublic class Android37 extends Activity implements Runnable {\n    public ProgressDialog mProgress;\n\n    // UI has a button that when pressed calls send\n\n    public void send() {\n         mProgress = ProgressDialog.show(this, \"Please wait\", \n                      \"Please wait\", \n                      true, true);\n        Thread thread = new Thread(this);\n        thread.start();\n    }\n\n    public void run() {\n        try {\n\t\t\tThread.sleep(10000);\n\t\t} catch (InterruptedException e) {\n\t\t\t// TODO Auto-generated catch block\n\t\t\te.printStackTrace();\n\t\t}\n        Message msg = new Message();\n        mHandler.sendMessage(msg);\n    }\n\n    private final Handler mHandler = new Handler() {\n        @Override\n        public void handleMessage(Message msg) {\n            mProgress.dismiss();\n        }\n    };\n}","updatedContent":"package androidExamples;\n//ID = 1111980\n\nimport android.os.Message;\nimport android.os.Handler;\nimport android.app.ProgressDialog;\nimport android.app.Activity;\n\npublic class Android37 extends Activity implements Runnable {\n\tpublic ProgressDialog mProgress;\n\n\t// UI has a button that when pressed calls send\n\n\tpublic void send() {\n\t\tmProgress = ProgressDialog.show(this, \"Please wait\", \"Please wait\", true, true);\n\t\tThread thread = new Thread(this);\n\t\tthread.start();\n\t}\n\n\tpublic void run() {\n\t\ttry {\n\t\t\tThread.sleep(10000);\n\t\t} catch (InterruptedException e) {\n\t\t\t// TODO Auto-generated catch block\n\t\t\te.printStackTrace();\n\t\t}\n\t\tMessage msg = new Message();\n\t\tmHandler.sendMessage(msg);\n\t}\n\n\tprivate final Handler mHandler = new Handler() {\n\t\t@Override\n\t\tpublic void handleMessage(Message msg) {\n\t\t\tmProgress.dismiss();\n\t\t}\n\t};\n}","usedLibraries":["jar:android-13.jar:1"]}