{
  "java_file": "/home/theguy/Documents/research/snr-server/src/test/resources/snippets/so/Android37.java",
  "output_file": "StatType-Completion-output-json/Android37.java.json",
  "exit_code": 0,
  "stdout": "/home/theguy/Documents/research/snr-server/benchmark/snippet_log/Android37.java.stdout.abda83258d8440a3941184a6b50b6c3f.txt",
  "stderr": "/home/theguy/Documents/research/snr-server/benchmark/snippet_log/Android37.java.stderr.abda83258d8440a3941184a6b50b6c3f.txt",
  "run_time": 12391692250,
  "total_imports": [
    "android.app.Activity",
    "android.app.ProgressDialog",
    "android.os.Handler",
    "android.os.Message"
  ],
  "correct_imports": [
    "android.os.Message",
    "android.os.Handler",
    "android.app.ProgressDialog",
    "android.app.Activity"
  ]
}