{
  "java_file": "/home/theguy/Documents/research/snr-server/src/test/resources/snippets/so/Android05.java",
  "output_file": "StatType-Completion-output-json/Android05.java.json",
  "exit_code": 0,
  "stdout": "/home/theguy/Documents/research/snr-server/benchmark/snippet_log/Android05.java.stdout.55dafef04b1f4fd2a14fcaf3181433b5.txt",
  "stderr": "/home/theguy/Documents/research/snr-server/benchmark/snippet_log/Android05.java.stderr.55dafef04b1f4fd2a14fcaf3181433b5.txt",
  "run_time": 4431206339,
  "total_imports": [
    "android.graphics.drawable.Drawable",
    "android.widget.TabHost",
    "android.widget.TabHost.TabSpec"
  ],
  "correct_imports": [
    "android.widget.TabHost",
    "android.widget.TabHost.TabSpec",
    "android.graphics.drawable.Drawable"
  ]
}