{
  "java_file": "/home/theguy/Documents/research/snr-server/src/test/resources/snippets/so/Android32.java",
  "output_file": "StatType-Completion-output-json/Android32.java.json",
  "exit_code": 0,
  "stdout": "/home/theguy/Documents/research/snr-server/benchmark/snippet_log/Android32.java.stdout.10e8410b8d514fd99f7dfaeae80a4376.txt",
  "stderr": "/home/theguy/Documents/research/snr-server/benchmark/snippet_log/Android32.java.stderr.10e8410b8d514fd99f7dfaeae80a4376.txt",
  "run_time": 6842544675,
  "total_imports": [
    "java.io.File",
    "java.io.IOException",
    "android.media.MediaRecorder",
    "android.os.Environment"
  ],
  "correct_imports": [
    "java.io.File",
    "java.io.IOException",
    "android.media.MediaRecorder"
  ]
}