{
  "java_file": "/home/theguy/Documents/research/snr-server/src/test/resources/snippets/so/Android12.java",
  "output_file": "StatType-Completion-output-json/Android12.java.json",
  "exit_code": 0,
  "stdout": "/home/theguy/Documents/research/snr-server/benchmark/snippet_log/Android12.java.stdout.28996b0947af433fb292e009ddabe4ad.txt",
  "stderr": "/home/theguy/Documents/research/snr-server/benchmark/snippet_log/Android12.java.stderr.28996b0947af433fb292e009ddabe4ad.txt",
  "run_time": 7182454652,
  "total_imports": [
    "android.app.Activity",
    "android.graphics.Color",
    "android.os.Bundle",
    "android.view.ViewGroup",
    "android.widget.LinearLayout",
    "android.widget.TextView"
  ],
  "correct_imports": [
    "android.widget.LinearLayout",
    "android.view.ViewGroup",
    "android.graphics.Color",
    "android.os.Bundle",
    "android.widget.TextView",
    "android.app.Activity"
  ]
}