{
  "java_file": "/home/theguy/Documents/research/snr-server/src/test/resources/snippets/so/Android49.java",
  "output_file": "StatType-Completion-output-json/Android49.java.json",
  "exit_code": 0,
  "stdout": "/home/theguy/Documents/research/snr-server/benchmark/snippet_log/Android49.java.stdout.3e2eefc427ee4cdab769949766c18dde.txt",
  "stderr": "/home/theguy/Documents/research/snr-server/benchmark/snippet_log/Android49.java.stderr.3e2eefc427ee4cdab769949766c18dde.txt",
  "run_time": 6247605592,
  "total_imports": [
    "android.content.Context",
    "android.util.AttributeSet",
    "android.view.Gravity",
    "android.view.LayoutInflater",
    "android.widget.LinearLayout",
    "gen.R"
  ],
  "correct_imports": [
    "android.content.Context",
    "android.widget.LinearLayout",
    "android.util.AttributeSet",
    "android.view.Gravity",
    "android.view.LayoutInflater"
  ]
}