{
  "java_file": "/home/theguy/Documents/research/snr-server/src/test/resources/snippets/so/Android07.java",
  "output_file": "StatType-Completion-output-json/Android07.java.json",
  "exit_code": 0,
  "stdout": "/home/theguy/Documents/research/snr-server/benchmark/snippet_log/Android07.java.stdout.8009f37fbf074252a4874666cd79d2dc.txt",
  "stderr": "/home/theguy/Documents/research/snr-server/benchmark/snippet_log/Android07.java.stderr.8009f37fbf074252a4874666cd79d2dc.txt",
  "run_time": 6240294371,
  "total_imports": [
    "android.app.Activity",
    "android.os.Bundle",
    "android.view.View",
    "android.widget.ArrayAdapter",
    "gen.R"
  ],
  "correct_imports": [
    "android.widget.ArrayAdapter",
    "android.os.Bundle",
    "android.view.View",
    "android.app.Activity"
  ]
}