{"status":2,"problems":[{"fileName":"Android05.java","startLocation":260,"endLocation":264,"lineNumber":12,"column":11,"message":"Null pointer access: The variable mTabs can only be null at this location","problemId":536871363,"problemSeverity":"WARNING"}],"originalContent":"package androidExamples;\n//ID = 36881\n\npublic class Android05 {\n\n\tpublic static void main(String[] args) {\n\t\tTabHost mTabs = null;\n\t\tTabSpec ts = mTabs.newTabSpec(\"tab\");\n\t\tDrawable iconResource = null;\n\t\tts.setIndicator(\"TabTitle\", iconResource);\n\n\t\tmTabs.addTab(ts);\n\t\tmTabs.getTabWidget().removeAllViews();\n\t\tmTabs.clearAllTabs();\n\n\t\t// TODO Auto-generated method stub\n\n\t}\n\n}","updatedContent":"package androidExamples;\n//ID = 36881\n\nimport android.widget.TabHost;\nimport android.widget.TabHost.TabSpec;\nimport android.graphics.drawable.Drawable;\n\npublic class Android05 {\n\n\tpublic static void main(String[] args) {\n\t\tTabHost mTabs = null;\n\t\tTabSpec ts = mTabs.newTabSpec(\"tab\");\n\t\tDrawable iconResource = null;\n\t\tts.setIndicator(\"TabTitle\", iconResource);\n\n\t\tmTabs.addTab(ts);\n\t\tmTabs.getTabWidget().removeAllViews();\n\t\tmTabs.clearAllTabs();\n\n\t\t// TODO Auto-generated method stub\n\n\t}\n\n}","usedLibraries":["jar:android-13.jar:1"]}