{"status":3,"problems":[{"fileName":null,"startLocation":0,"endLocation":0,"lineNumber":0,"column":0,"message":"java.lang.UnsupportedOperationException RESULT_OK could not be a valid type name or a variable name.","problemId":0,"problemSeverity":null}],"originalContent":"package androidExamples;\n//ID = 1254832\npublic class Android46 extends Activity {\n\tprivate EditText mTextSearch; \n\t@Override\n\tprotected void onCreate(Bundle savedInstanceState) {\n\t // TODO Auto-generated method stub\n\t super.onCreate(savedInstanceState);  \n\t setContentView(R.layout.media_preview); \n\n\t mTextSearch = (EditText)findViewById(R.id.lay);  \n\t Button searchButton = (Button)findViewById(100);  \n\n\t searchButton.setOnClickListener(new View.OnClickListener(){\n\t  public void onClick(View v){    \n\t   Intent data = new Intent();    \n\t   data.putExtra(\"TITLE\", mTextSearch.getText().toString());   \n\t   setResult(RESULT_OK, data);\n\t   finish();\n\t  }\n\t });\n\t} \n\n\t@Override\n\tprotected void onSaveInstanceState(Bundle outState){\n\t super.onSaveInstanceState(outState);  \n\t}\n\t@Override\n\tprotected void onPause(){\n\t super.onPause();\n\n\t}\n\t@Override\n\tprotected void onResume(){\n\t super.onResume();  \n\t}\n\n}","updatedContent":"package androidExamples;\n//ID = 1254832\npublic class Android46 extends Activity {\n\tprivate EditText mTextSearch; \n\t@Override\n\tprotected void onCreate(Bundle savedInstanceState) {\n\t // TODO Auto-generated method stub\n\t super.onCreate(savedInstanceState);  \n\t setContentView(R.layout.media_preview); \n\n\t mTextSearch = (EditText)findViewById(R.id.lay);  \n\t Button searchButton = (Button)findViewById(100);  \n\n\t searchButton.setOnClickListener(new View.OnClickListener(){\n\t  public void onClick(View v){    \n\t   Intent data = new Intent();    \n\t   data.putExtra(\"TITLE\", mTextSearch.getText().toString());   \n\t   setResult(RESULT_OK, data);\n\t   finish();\n\t  }\n\t });\n\t} \n\n\t@Override\n\tprotected void onSaveInstanceState(Bundle outState){\n\t super.onSaveInstanceState(outState);  \n\t}\n\t@Override\n\tprotected void onPause(){\n\t super.onPause();\n\n\t}\n\t@Override\n\tprotected void onResume(){\n\t super.onResume();  \n\t}\n\n}","usedLibraries":[]}