{
  "java_file": "/home/theguy/Documents/research/snr-server/src/test/resources/snippets/so/Android06.java",
  "output_file": "StatType-Completion-output-json/Android06.java.json",
  "exit_code": 0,
  "stdout": "/home/theguy/Documents/research/snr-server/benchmark/snippet_log/Android06.java.stdout.6ce27e2fd6ec47c19b32d32dacf29c6f.txt",
  "stderr": "/home/theguy/Documents/research/snr-server/benchmark/snippet_log/Android06.java.stderr.6ce27e2fd6ec47c19b32d32dacf29c6f.txt",
  "run_time": 3865967085,
  "total_imports": [
    "android.view.Gravity",
    "android.view.ViewGroup",
    "android.widget.LinearLayout"
  ],
  "correct_imports": [
    "android.widget.LinearLayout",
    "android.view.ViewGroup",
    "android.view.Gravity"
  ]
}