{"status":2,"problems":[{"fileName":"Android21.java","startLocation":338,"endLocation":338,"lineNumber":14,"column":84,"message":"R cannot be resolved to a variable","problemId":33554515,"problemSeverity":"ERROR"},{"fileName":"Android21.java","startLocation":440,"endLocation":440,"lineNumber":15,"column":4,"message":"R cannot be resolved to a variable","problemId":33554515,"problemSeverity":"ERROR"}],"originalContent":"package androidExamples;\n//ID = 775188\npublic class Android21 {\n\n\tpublic static void main(String[] args) {\n\t\t// TODO Auto-generated method stub\n\n\t\t\t\tImageButton b2 = new ImageButton(getApplicationContext());\n\t\t\t\tb2.setBackgroundResource(R.drawable.img);\n\t\t\t\tandroid.widget.LinearLayout container = (android.widget.LinearLayout) findViewById(R.id.lay);\n\t\t\t\tcontainer.addView(b2);\n\t}\n\n\tprivate static LinearLayout findViewById(int lay) {\n\t\t// TODO Auto-generated method stub\n\t\treturn null;\n\t}\n\n\tprivate static Context getApplicationContext() {\n\t\t// TODO Auto-generated method stub\n\t\treturn null;\n\t}\n\n}","updatedContent":"package androidExamples;\n\nimport android.content.Context;\nimport android.widget.LinearLayout;\nimport android.widget.ImageButton;\n\n//ID = 775188\npublic class Android21 {\n\n\tpublic static void main(String[] args) {\n\t\t// TODO Auto-generated method stub\n\n\t\tImageButton b2 = new ImageButton(getApplicationContext());\n\t\tb2.setBackgroundResource(R.drawable.img);\n\t\tandroid.widget.LinearLayout container = (android.widget.LinearLayout) findViewById(R.id.lay);\n\t\tcontainer.addView(b2);\n\t}\n\n\tprivate static LinearLayout findViewById(int lay) {\n\t\t// TODO Auto-generated method stub\n\t\treturn null;\n\t}\n\n\tprivate static Context getApplicationContext() {\n\t\t// TODO Auto-generated method stub\n\t\treturn null;\n\t}\n\n}","usedLibraries":["jar:android-13.jar:1"]}