{"status":2,"problems":[{"fileName":"Android06.java","startLocation":279,"endLocation":286,"lineNumber":16,"column":0,"message":"Null pointer access: The variable zoomView can only be null at this location","problemId":536871363,"problemSeverity":"WARNING"}],"originalContent":"package androidExamples;\n\n\n//ID = 263507\npublic class Android06 {\n\n\tpublic static void main(String[] args) {\n\n\t\t// TODO Auto-generated method stub\n\t\t\n\t\tLinearLayout zoomView = null;\n\n\t\tzoomView.setLayoutParams(new ViewGroup.LayoutParams\n\t\t  (ViewGroup.LayoutParams.WRAP_CONTENT,\n\t\t   ViewGroup.LayoutParams.WRAP_CONTENT)); \n\n\t\tzoomView.setGravity(Gravity.BOTTOM | Gravity.CENTER_HORIZONTAL);\n\t}\n\n}","updatedContent":"package androidExamples;\n\nimport android.widget.LinearLayout;\nimport android.view.ViewGroup;\nimport android.view.Gravity;\n\n//ID = 263507\npublic class Android06 {\n\n\tpublic static void main(String[] args) {\n\n\t\t// TODO Auto-generated method stub\n\n\t\tLinearLayout zoomView = null;\n\n\t\tzoomView.setLayoutParams(\n\t\t\t\tnew ViewGroup.LayoutParams(ViewGroup.LayoutParams.WRAP_CONTENT, ViewGroup.LayoutParams.WRAP_CONTENT));\n\n\t\tzoomView.setGravity(Gravity.BOTTOM | Gravity.CENTER_HORIZONTAL);\n\t}\n\n}","usedLibraries":["jar:android-13.jar:1"]}