{"status":2,"problems":[{"fileName":"Android14.java","startLocation":697,"endLocation":707,"lineNumber":26,"column":35,"message":"InputStream cannot be resolved to a type","problemId":16777218,"problemSeverity":"ERROR"}],"originalContent":"package androidExamples;\n//ID = 576513\n\npublic class Android14 {\n\n\tpublic static void main(String[] args) {\n\t\t// TODO Auto-generated method stub\n\t\ttry {\n\t\t\tURL u = new URL(\"http://www.path.to/a.mp4?video\");\n\t\t\tHttpURLConnection c = (HttpURLConnection) u.openConnection();\n\t\t\tc.setRequestMethod(\"GET\");\n\t\t\tc.setDoOutput(true);\n\t\t\tc.connect();\n\t\t\tString root = \"root\";\n\t\t\tFileOutputStream f = new FileOutputStream(new File(root,\"Video.mp4\"));\n\n\n\t\t\tInputStream in = c.getInputStream();\n\n\t\t\tbyte[] buffer = new byte[1024];\n\t\t\tint len1 = 0;\n\t\t\twhile ( (len1 = in.read(buffer)) > 0 ) {\n\t\t\t     f.write(buffer);\n\t\t\t}\n\t\t\tf.close();\n\t\t} catch (MalformedURLException e) {\n\t\t\t// TODO Auto-generated catch block\n\t\t\te.printStackTrace();\n\t\t} catch (ProtocolException e) {\n\t\t\t// TODO Auto-generated catch block\n\t\t\te.printStackTrace();\n\t\t} catch (FileNotFoundException e) {\n\t\t\t// TODO Auto-generated catch block\n\t\t\te.printStackTrace();\n\t\t} catch (IOException e) {\n\t\t\t// TODO Auto-generated catch block\n\t\t\te.printStackTrace();\n\t\t}\n\t}\n\n}","updatedContent":"package androidExamples;\n//ID = 576513\n\nimport java.io.File;\nimport java.net.ProtocolException;\nimport java.io.FileNotFoundException;\nimport java.net.URL;\nimport java.net.MalformedURLException;\nimport java.io.FileOutputStream;\nimport java.io.IOException;\nimport java.net.HttpURLConnection;\n\npublic class Android14 {\n\n\tpublic static void main(String[] args) {\n\t\t// TODO Auto-generated method stub\n\t\ttry {\n\t\t\tURL u = new URL(\"http://www.path.to/a.mp4?video\");\n\t\t\tHttpURLConnection c = (HttpURLConnection) u.openConnection();\n\t\t\tc.setRequestMethod(\"GET\");\n\t\t\tc.setDoOutput(true);\n\t\t\tc.connect();\n\t\t\tString root = \"root\";\n\t\t\tFileOutputStream f = new FileOutputStream(new File(root, \"Video.mp4\"));\n\n\t\t\tInputStream in = c.getInputStream();\n\n\t\t\tbyte[] buffer = new byte[1024];\n\t\t\tint len1 = 0;\n\t\t\twhile ((len1 = in.read(buffer)) > 0) {\n\t\t\t\tf.write(buffer);\n\t\t\t}\n\t\t\tf.close();\n\t\t} catch (MalformedURLException e) {\n\t\t\t// TODO Auto-generated catch block\n\t\t\te.printStackTrace();\n\t\t} catch (ProtocolException e) {\n\t\t\t// TODO Auto-generated catch block\n\t\t\te.printStackTrace();\n\t\t} catch (FileNotFoundException e) {\n\t\t\t// TODO Auto-generated catch block\n\t\t\te.printStackTrace();\n\t\t} catch (IOException e) {\n\t\t\t// TODO Auto-generated catch block\n\t\t\te.printStackTrace();\n\t\t}\n\t}\n\n}","usedLibraries":["jar:android-13.jar:1"]}