{"status":2,"problems":[{"fileName":"Android24.java","startLocation":454,"endLocation":454,"lineNumber":17,"column":29,"message":"R cannot be resolved to a variable","problemId":33554515,"problemSeverity":"ERROR"},{"fileName":"Android24.java","startLocation":575,"endLocation":593,"lineNumber":20,"column":3,"message":"Type safety: The expression of type List needs unchecked conversion to conform to List<String>","problemId":16777748,"problemSeverity":"WARNING"},{"fileName":"Android24.java","startLocation":631,"endLocation":643,"lineNumber":21,"column":3,"message":"Type safety: The expression of type Iterator needs unchecked conversion to conform to Iterator<String>","problemId":16777748,"problemSeverity":"WARNING"}],"originalContent":"package androidExamples;\n//ID = 896889\n\n\npublic class Android24 extends Activity {\n    /** Called when the activity is first created. */\n    @Override\n    public void onCreate(Bundle savedInstanceState) {\n        super.onCreate(savedInstanceState);\n        setContentView(R.layout.main);\n\n        LocationManager l =(LocationManager) getSystemService(Context.LOCATION_SERVICE);\n        List<String> li = l.getAllProviders();\n        for (Iterator<String> iterator = li.iterator(); iterator.hasNext();) {\n      String string =  iterator.next();\n      Log.d(\"gps\", string);\n     }\n        if (l.getLastKnownLocation(\"gps\")==null)\n            Log.d(\"gps\", \"null\");   \n    }\n}","updatedContent":"package androidExamples;\n//ID = 896889\n\nimport android.content.Context;\nimport java.util.List;\nimport android.os.Bundle;\nimport java.util.Iterator;\nimport android.app.Activity;\nimport android.location.LocationManager;\nimport android.util.Log;\n\npublic class Android24 extends Activity {\n\t/** Called when the activity is first created. */\n\t@Override\n\tpublic void onCreate(Bundle savedInstanceState) {\n\t\tsuper.onCreate(savedInstanceState);\n\t\tsetContentView(R.layout.main);\n\n\t\tLocationManager l = (LocationManager) getSystemService(Context.LOCATION_SERVICE);\n\t\tList<String> li = l.getAllProviders();\n\t\tfor (Iterator<String> iterator = li.iterator(); iterator.hasNext();) {\n\t\t\tString string = iterator.next();\n\t\t\tLog.d(\"gps\", string);\n\t\t}\n\t\tif (l.getLastKnownLocation(\"gps\") == null)\n\t\t\tLog.d(\"gps\", \"null\");\n\t}\n}","usedLibraries":["jar:android-13.jar:1"]}