{
  "java_file": "/home/theguy/Documents/research/snr-server/src/test/resources/snippets/so/Android43.java",
  "output_file": "StatType-Completion-output-json/Android43.java.json",
  "exit_code": 0,
  "stdout": "/home/theguy/Documents/research/snr-server/benchmark/snippet_log/Android43.java.stdout.75f114f4979d4e74b96d4433c9f75304.txt",
  "stderr": "/home/theguy/Documents/research/snr-server/benchmark/snippet_log/Android43.java.stderr.75f114f4979d4e74b96d4433c9f75304.txt",
  "run_time": 10016249016,
  "total_imports": [
    "java.io.IOException",
    "org.apache.http.HttpEntity",
    "org.apache.http.HttpHost",
    "org.apache.http.HttpResponse",
    "org.apache.http.client.HttpClient",
    "org.apache.http.client.methods.HttpGet",
    "org.apache.http.impl.client.DefaultHttpClient",
    "org.apache.http.util.EntityUtils"
  ],
  "correct_imports": [
    "org.apache.http.impl.client.DefaultHttpClient",
    "org.apache.http.HttpHost",
    "org.apache.http.client.methods.HttpGet",
    "org.apache.http.client.HttpClient",
    "org.apache.http.HttpResponse",
    "org.apache.http.HttpEntity",
    "java.io.IOException",
    "org.apache.http.util.EntityUtils"
  ]
}