{"status":2,"problems":[{"fileName":"Android23.java","startLocation":816,"endLocation":816,"lineNumber":31,"column":10,"message":"R cannot be resolved to a variable","problemId":33554515,"problemSeverity":"ERROR"},{"fileName":"Android23.java","startLocation":901,"endLocation":901,"lineNumber":34,"column":19,"message":"R cannot be resolved to a variable","problemId":33554515,"problemSeverity":"ERROR"},{"fileName":"Android23.java","startLocation":1040,"endLocation":1040,"lineNumber":36,"column":22,"message":"R cannot be resolved to a variable","problemId":33554515,"problemSeverity":"ERROR"},{"fileName":"Android23.java","startLocation":1670,"endLocation":1675,"lineNumber":62,"column":25,"message":"The value of the local variable length is not used","problemId":536870973,"problemSeverity":"WARNING"}],"originalContent":"package androidExamples;\n//ID = 885641\n\npublic class Android23 extends Activity {\n    ImageView imView;\n    ImageView imViewLine;\n    String imageUrl=\"http://www.web.com/app/\";\n    String FileType = \".png\";\n    int imageNum = 0;\n    Random r;\n    int count = 0;\n    /** Called when the activity is first created. */\n    @Override\n    public void onCreate(Bundle savedInstanceState) {\n        super.onCreate(savedInstanceState);\n        setContentView(R.layout.main);\n        r= new Random();\n\n        ListView myListView = (ListView)findViewById(R.id.lay);\n        final ArrayList<String> todoItems = new ArrayList<String>();\n        final ArrayAdapter<String> aa = new ArrayAdapter<String>(this,R.layout.main,todoItems);\n\n        //Bind the listview to the array adapter\n       myListView.setAdapter(aa);\n      for(count = 0; count < 2; count++){\n\n       todoItems.add(0, \"TEST\");\n       downloadFile(imageUrl + Integer.toString(count) + FileType);\n       aa.notifyDataSetChanged();\n       }\n    }\n\n    Bitmap bmImg;\n    void downloadFile(String fileUrl){\n          URL myFileUrl =null;          \n          try {\n               myFileUrl= new URL(fileUrl);\n          } catch (MalformedURLException e) {\n               // TODO Auto-generated catch block\n               e.printStackTrace();\n          }\n          try {\n               HttpURLConnection conn= (HttpURLConnection)myFileUrl.openConnection();\n               conn.setDoInput(true);\n               conn.connect();\n               int length = conn.getContentLength();\n               java.io.InputStream is = conn.getInputStream();\n\n               bmImg = BitmapFactory.decodeStream(is);\n               imViewLine.setImageBitmap(bmImg);\n          } catch (IOException e) {\n               // TODO Auto-generated catch block\n               e.printStackTrace();\n          }\n     }\n\n}","updatedContent":"package androidExamples;\n//ID = 885641\n\nimport android.os.Bundle;\nimport java.net.URL;\nimport java.net.MalformedURLException;\nimport android.widget.ImageView;\nimport java.util.Random;\nimport android.graphics.BitmapFactory;\nimport java.io.IOException;\nimport java.util.ArrayList;\nimport java.net.HttpURLConnection;\nimport android.widget.ArrayAdapter;\nimport android.graphics.Bitmap;\nimport android.widget.ListView;\nimport android.app.Activity;\n\npublic class Android23 extends Activity {\n\tImageView imView;\n\tImageView imViewLine;\n\tString imageUrl = \"http://www.web.com/app/\";\n\tString FileType = \".png\";\n\tint imageNum = 0;\n\tRandom r;\n\tint count = 0;\n\n\t/** Called when the activity is first created. */\n\t@Override\n\tpublic void onCreate(Bundle savedInstanceState) {\n\t\tsuper.onCreate(savedInstanceState);\n\t\tsetContentView(R.layout.main);\n\t\tr = new Random();\n\n\t\tListView myListView = (ListView) findViewById(R.id.lay);\n\t\tfinal ArrayList<String> todoItems = new ArrayList<String>();\n\t\tfinal ArrayAdapter<String> aa = new ArrayAdapter<String>(this, R.layout.main, todoItems);\n\n\t\t//Bind the listview to the array adapter\n\t\tmyListView.setAdapter(aa);\n\t\tfor (count = 0; count < 2; count++) {\n\n\t\t\ttodoItems.add(0, \"TEST\");\n\t\t\tdownloadFile(imageUrl + Integer.toString(count) + FileType);\n\t\t\taa.notifyDataSetChanged();\n\t\t}\n\t}\n\n\tBitmap bmImg;\n\n\tvoid downloadFile(String fileUrl) {\n\t\tURL myFileUrl = null;\n\t\ttry {\n\t\t\tmyFileUrl = new URL(fileUrl);\n\t\t} catch (MalformedURLException e) {\n\t\t\t// TODO Auto-generated catch block\n\t\t\te.printStackTrace();\n\t\t}\n\t\ttry {\n\t\t\tHttpURLConnection conn = (HttpURLConnection) myFileUrl.openConnection();\n\t\t\tconn.setDoInput(true);\n\t\t\tconn.connect();\n\t\t\tint length = conn.getContentLength();\n\t\t\tjava.io.InputStream is = conn.getInputStream();\n\n\t\t\tbmImg = BitmapFactory.decodeStream(is);\n\t\t\timViewLine.setImageBitmap(bmImg);\n\t\t} catch (IOException e) {\n\t\t\t// TODO Auto-generated catch block\n\t\t\te.printStackTrace();\n\t\t}\n\t}\n\n}","usedLibraries":["jar:android-13.jar:1"]}