{
  "java_file": "/home/theguy/Documents/research/snr-server/src/test/resources/snippets/so/Android20.java",
  "output_file": "StatType-Completion-output-json/Android20.java.json",
  "exit_code": 0,
  "stdout": "/home/theguy/Documents/research/snr-server/benchmark/snippet_log/Android20.java.stdout.a17effb23a3e40939ae5ca68f4158280.txt",
  "stderr": "/home/theguy/Documents/research/snr-server/benchmark/snippet_log/Android20.java.stderr.a17effb23a3e40939ae5ca68f4158280.txt",
  "run_time": 6172962855,
  "total_imports": [
    "android.content.Context",
    "android.view.View",
    "android.view.animation.ScaleAnimation",
    "android.widget.TextView"
  ],
  "correct_imports": [
    "android.content.Context",
    "android.widget.TextView",
    "android.view.animation.ScaleAnimation",
    "android.view.View"
  ]
}