{
  "java_file": "/home/theguy/Documents/research/snr-server/src/test/resources/snippets/so/Android50.java",
  "output_file": "StatType-Completion-output-json/Android50.java.json",
  "exit_code": 0,
  "stdout": "/home/theguy/Documents/research/snr-server/benchmark/snippet_log/Android50.java.stdout.1b6f0817519f4aac877ebf72c9244583.txt",
  "stderr": "/home/theguy/Documents/research/snr-server/benchmark/snippet_log/Android50.java.stderr.1b6f0817519f4aac877ebf72c9244583.txt",
  "run_time": 25263911151,
  "total_imports": [
    "android.app.Activity",
    "android.os.Bundle",
    "android.widget.TextView",
    "android.view.View",
    "android.widget.Button",
    "android.widget.EditText",
    "java.text.NumberFormat",
    "android.util.Log",
    "gen.R"
  ],
  "correct_imports": [
    "android.os.Bundle",
    "android.widget.TextView",
    "android.widget.Button",
    "android.view.View",
    "android.app.Activity",
    "android.widget.EditText",
    "android.util.Log"
  ]
}