{"status":2,"problems":[{"fileName":"Android36.java","startLocation":318,"endLocation":380,"lineNumber":12,"column":4,"message":"The method insertRow(int, String, SQLiteDatabase) from the type Android36 is never used locally","problemId":603979894,"problemSeverity":"WARNING"}],"originalContent":"package androidExamples;\n//ID = 1105141\n\npublic class Android36 {\n\tprivate static final String KEY_NAME = \"My Key\";\n\tprivate static final String VALUE = \"My Value\";\n\tprivate static final String DATABASE_TABLE = \"DB\";\n\tprivate long insertRow(int rowParameter, String rowValue, SQLiteDatabase db){\n\t\t long res = -1;\n\t\t ContentValues settingsParameterValues = new ContentValues();\n\t\t settingsParameterValues.put(KEY_NAME, rowParameter);\n\t\t settingsParameterValues.put(VALUE, rowValue);\n\t\t if(db != null){\n\t\t  res = db.insert(DATABASE_TABLE, null, settingsParameterValues);\n\t\t }\n\t\t return res;\n\t\t}\n\tpublic static void main(String[] args) {\n\t\t// TODO Auto-generated method stub\n\n\t}\n\n}","updatedContent":"package androidExamples;\n//ID = 1105141\n\nimport android.database.sqlite.SQLiteDatabase;\nimport android.content.ContentValues;\n\npublic class Android36 {\n\tprivate static final String KEY_NAME = \"My Key\";\n\tprivate static final String VALUE = \"My Value\";\n\tprivate static final String DATABASE_TABLE = \"DB\";\n\n\tprivate long insertRow(int rowParameter, String rowValue, SQLiteDatabase db) {\n\t\tlong res = -1;\n\t\tContentValues settingsParameterValues = new ContentValues();\n\t\tsettingsParameterValues.put(KEY_NAME, rowParameter);\n\t\tsettingsParameterValues.put(VALUE, rowValue);\n\t\tif (db != null) {\n\t\t\tres = db.insert(DATABASE_TABLE, null, settingsParameterValues);\n\t\t}\n\t\treturn res;\n\t}\n\n\tpublic static void main(String[] args) {\n\t\t// TODO Auto-generated method stub\n\n\t}\n\n}","usedLibraries":["jar:android-13.jar:1"]}