{
  "java_file": "/home/theguy/Documents/research/snr-server/src/test/resources/snippets/so/Android19.java",
  "output_file": "StatType-Completion-output-json/Android19.java.json",
  "exit_code": 0,
  "stdout": "/home/theguy/Documents/research/snr-server/benchmark/snippet_log/Android19.java.stdout.d6296a417ae14fd2b9c7dfcb99dc3a0d.txt",
  "stderr": "/home/theguy/Documents/research/snr-server/benchmark/snippet_log/Android19.java.stderr.d6296a417ae14fd2b9c7dfcb99dc3a0d.txt",
  "run_time": 6110681187,
  "total_imports": [
    "android.content.Context",
    "android.view.View",
    "android.view.ViewGroup",
    "android.widget.GridView",
    "android.widget.ImageView"
  ],
  "correct_imports": [
    "android.content.Context",
    "android.widget.GridView",
    "android.view.ViewGroup",
    "android.view.View",
    "android.widget.ImageView"
  ]
}