{
  "java_file": "/home/theguy/Documents/research/snr-server/src/test/resources/snippets/so/Android46.java",
  "output_file": "StatType-Completion-output-json/Android46.java.json",
  "exit_code": 0,
  "stdout": "/home/theguy/Documents/research/snr-server/benchmark/snippet_log/Android46.java.stdout.ac8b6390e1d14a4da949835d8d34f8a9.txt",
  "stderr": "/home/theguy/Documents/research/snr-server/benchmark/snippet_log/Android46.java.stderr.ac8b6390e1d14a4da949835d8d34f8a9.txt",
  "run_time": 1754848271,
  "total_imports": [
    "android.app.Activity",
    "android.content.Intent",
    "android.os.Bundle",
    "android.view.View",
    "android.widget.Button",
    "android.widget.EditText",
    "gen.R"
  ],
  "correct_imports": []
}