{
  "java_file": "/home/theguy/Documents/research/snr-server/src/test/resources/snippets/so/Android10.java",
  "output_file": "StatType-Completion-output-json/Android10.java.json",
  "exit_code": 0,
  "stdout": "/home/theguy/Documents/research/snr-server/benchmark/snippet_log/Android10.java.stdout.612e2a37b22b469187c8772e711e79e6.txt",
  "stderr": "/home/theguy/Documents/research/snr-server/benchmark/snippet_log/Android10.java.stderr.612e2a37b22b469187c8772e711e79e6.txt",
  "run_time": 4849470107,
  "total_imports": [
    "android.os.SystemClock",
    "android.util.Log",
    "android.widget.Chronometer",
    "gen.R"
  ],
  "correct_imports": [
    "android.widget.Chronometer",
    "android.os.SystemClock",
    "android.util.Log"
  ]
}