{"status":2,"problems":[{"fileName":"Android50.java","startLocation":481,"endLocation":481,"lineNumber":20,"column":0,"message":"R cannot be resolved to a variable","problemId":33554515,"problemSeverity":"ERROR"},{"fileName":"Android50.java","startLocation":617,"endLocation":617,"lineNumber":23,"column":34,"message":"R cannot be resolved to a variable","problemId":33554515,"problemSeverity":"ERROR"},{"fileName":"Android50.java","startLocation":1074,"endLocation":1085,"lineNumber":41,"column":2,"message":"NumberFormat cannot be resolved to a type","problemId":16777218,"problemSeverity":"ERROR"}],"originalContent":"//ID = 1352950\npackage androidExamples;\n\n\npublic class Android50 extends Activity {\n\n\tpublic static final String tag = \"TipCalculator\";\n\n\t/** Called when the activity is first created. */\n\t@Override\n\tpublic void onCreate(Bundle icicle) {\n\t\tsuper.onCreate(icicle);\n\t\tsetContentView(R.layout.main);\n\n\t\tfinal EditText mealpricefield = (EditText) findViewById(100);\n\t\tfinal TextView answerfield = (TextView) findViewById(R.id.lay);\n\n\t\tfinal Button button = (Button) findViewById(101);\n\t\tbutton.setOnClickListener(new Button.OnClickListener() {\n\t\t\tpublic void onClick(View v) {\n\t\t\t\ttry {\n\t\t\t\t\tLog.i(tag, \"onClick invoked.\");\n\t\t\t\t\tString mealprice = mealpricefield.getText().toString();\n\n\t\t\t\t\tLog.i(tag, \"mealprice is [\" + mealprice + \"]\");\n\t\t\t\t\tString answer = \"\";\n\n\t\t\t\t\tif (mealprice.indexOf(\"$\") == -1) {\n\t\t\t\t\t\tmealprice = \"$\" + mealprice;\n\t\t\t\t\t}\n\n\t\t\t\t\tfloat fmp = 0.0F;\n\n\t\t\t\t\tNumberFormat nf = java.text.NumberFormat.getCurrencyInstance();\n\n\t\t\t\t\tfmp = nf.parse(mealprice).floatValue();\n\n\t\t\t\t\tfmp *= 1.2;\n\n\t\t\t\t\tLog.i(tag, \"Total Meal Price (unformatted) is [\" + fmp + \"]\");\n\n\t\t\t\t\tanswer = \"Full Price, including 20% Tip: \" + nf.format(fmp);\n\n\t\t\t\t\tanswerfield.setText(answer);\n\n\t\t\t\t\tLog.i(tag, \"onClick Complete\");\n\n\t\t\t\t} catch (java.text.ParseException pe) {\n\t\t\t\t\tLog.i(tag, \"Parse exception caught\");\n\t\t\t\t\tanswerfield.setText(\"Failed to parse amount?\");\n\t\t\t\t} catch (Exception e) {\n\t\t\t\t\tLog.e(tag, \"Failed to Calculate Tip:\" + e.getMessage());\n\t\t\t\t\te.printStackTrace();\n\t\t\t\t\tanswerfield.setText(e.getMessage());\n\t\t\t\t}\n\t\t\t}\n\t\t});\n\t}\n}","updatedContent":"//ID = 1352950\npackage androidExamples;\n\nimport android.os.Bundle;\nimport android.widget.TextView;\nimport android.widget.Button;\nimport android.view.View;\nimport android.app.Activity;\nimport android.widget.EditText;\nimport android.util.Log;\n\npublic class Android50 extends Activity {\n\n\tpublic static final String tag = \"TipCalculator\";\n\n\t/** Called when the activity is first created. */\n\t@Override\n\tpublic void onCreate(Bundle icicle) {\n\t\tsuper.onCreate(icicle);\n\t\tsetContentView(R.layout.main);\n\n\t\tfinal EditText mealpricefield = (EditText) findViewById(100);\n\t\tfinal TextView answerfield = (TextView) findViewById(R.id.lay);\n\n\t\tfinal Button button = (Button) findViewById(101);\n\t\tbutton.setOnClickListener(new Button.OnClickListener() {\n\t\t\tpublic void onClick(View v) {\n\t\t\t\ttry {\n\t\t\t\t\tLog.i(tag, \"onClick invoked.\");\n\t\t\t\t\tString mealprice = mealpricefield.getText().toString();\n\n\t\t\t\t\tLog.i(tag, \"mealprice is [\" + mealprice + \"]\");\n\t\t\t\t\tString answer = \"\";\n\n\t\t\t\t\tif (mealprice.indexOf(\"$\") == -1) {\n\t\t\t\t\t\tmealprice = \"$\" + mealprice;\n\t\t\t\t\t}\n\n\t\t\t\t\tfloat fmp = 0.0F;\n\n\t\t\t\t\tNumberFormat nf = java.text.NumberFormat.getCurrencyInstance();\n\n\t\t\t\t\tfmp = nf.parse(mealprice).floatValue();\n\n\t\t\t\t\tfmp *= 1.2;\n\n\t\t\t\t\tLog.i(tag, \"Total Meal Price (unformatted) is [\" + fmp + \"]\");\n\n\t\t\t\t\tanswer = \"Full Price, including 20% Tip: \" + nf.format(fmp);\n\n\t\t\t\t\tanswerfield.setText(answer);\n\n\t\t\t\t\tLog.i(tag, \"onClick Complete\");\n\n\t\t\t\t} catch (java.text.ParseException pe) {\n\t\t\t\t\tLog.i(tag, \"Parse exception caught\");\n\t\t\t\t\tanswerfield.setText(\"Failed to parse amount?\");\n\t\t\t\t} catch (Exception e) {\n\t\t\t\t\tLog.e(tag, \"Failed to Calculate Tip:\" + e.getMessage());\n\t\t\t\t\te.printStackTrace();\n\t\t\t\t\tanswerfield.setText(e.getMessage());\n\t\t\t\t}\n\t\t\t}\n\t\t});\n\t}\n}","usedLibraries":["jar:android-13.jar:1"]}