{
  "java_file": "/home/theguy/Documents/research/snr-server/src/test/resources/snippets/so/Android21.java",
  "output_file": "StatType-Completion-output-json/Android21.java.json",
  "exit_code": 0,
  "stdout": "/home/theguy/Documents/research/snr-server/benchmark/snippet_log/Android21.java.stdout.6ec731e0adf84b8ebbcc6ee59ef0295b.txt",
  "stderr": "/home/theguy/Documents/research/snr-server/benchmark/snippet_log/Android21.java.stderr.6ec731e0adf84b8ebbcc6ee59ef0295b.txt",
  "run_time": 5401920726,
  "total_imports": [
    "android.content.Context",
    "android.widget.ImageButton",
    "android.widget.LinearLayout",
    "gen.R"
  ],
  "correct_imports": [
    "android.content.Context",
    "android.widget.LinearLayout",
    "android.widget.ImageButton"
  ]
}