{
  "java_file": "/home/theguy/Documents/research/snr-server/src/test/resources/snippets/so/Android09.java",
  "output_file": "StatType-Completion-output-json/Android09.java.json",
  "exit_code": 0,
  "stdout": "/home/theguy/Documents/research/snr-server/benchmark/snippet_log/Android09.java.stdout.1efae6a0de5c4a868d2d5898592330ad.txt",
  "stderr": "/home/theguy/Documents/research/snr-server/benchmark/snippet_log/Android09.java.stderr.1efae6a0de5c4a868d2d5898592330ad.txt",
  "run_time": 5588842365,
  "total_imports": [
    "java.util.Timer",
    "java.util.TimerTask",
    "android.os.Bundle",
    "android.widget.TextView",
    "gen.R"
  ],
  "correct_imports": [
    "android.widget.TextView",
    "android.os.Bundle",
    "java.util.Timer",
    "java.util.TimerTask"
  ]
}