{
  "java_file": "/home/theguy/Documents/research/snr-server/src/test/resources/snippets/so/Android45.java",
  "output_file": "StatType-Completion-output-json/Android45.java.json",
  "exit_code": 0,
  "stdout": "/home/theguy/Documents/research/snr-server/benchmark/snippet_log/Android45.java.stdout.d9100d59992a4d3790e82ff43c0e66c2.txt",
  "stderr": "/home/theguy/Documents/research/snr-server/benchmark/snippet_log/Android45.java.stderr.d9100d59992a4d3790e82ff43c0e66c2.txt",
  "run_time": 10640678988,
  "total_imports": [
    "android.app.Activity",
    "android.content.BroadcastReceiver",
    "android.content.ComponentName",
    "android.content.Context",
    "android.content.Intent",
    "android.content.IntentFilter",
    "android.content.IntentFilter.MalformedMimeTypeException",
    "android.os.Bundle",
    "android.util.Log"
  ],
  "correct_imports": [
    "android.content.Context",
    "android.content.ComponentName",
    "android.os.Bundle",
    "android.content.Intent",
    "android.content.IntentFilter",
    "android.content.IntentFilter.MalformedMimeTypeException",
    "android.content.BroadcastReceiver",
    "android.app.Activity",
    "android.util.Log"
  ]
}