{"status":3,"problems":[{"fileName":null,"startLocation":0,"endLocation":0,"lineNumber":0,"column":0,"message":"java.lang.UnsupportedOperationException ServiceWrapper.SERVER_HOST could not be a valid type name or a variable name.","problemId":0,"problemSeverity":null}],"originalContent":"package androidExamples;\n//ID = 992880\n\n\npublic class Android30 {\n\n\tpublic static String main(String[] args) {\n\t\t// TODO Auto-generated method stub\n\t\tHttpHost target = new HttpHost(\"http://\" + ServiceWrapper.SERVER_HOST,ServiceWrapper.SERVER_PORT);\n        HttpGet get = new HttpGet(\"/list\");\n        String result=null;\n     HttpEntity entity = null;\n     HttpClient client = new DefaultHttpClient();\n     try {\n    HttpResponse response=client.execute(target, get);\n    entity = response.getEntity();\n    result = EntityUtils.toString(entity);\n   } catch (Exception e) {\n    e.printStackTrace();\n   } finally {\n    if (entity!=null)\n     try {\n      entity.consumeContent();\n     } catch (IOException e) {}\n   }\n   return result;\n\t}\n\n}\nclass ServiceWrapper\n{\n\tstatic String SERVER_HOST = \"host\";\n\tstatic int SERVER_PORT = 8080;\n}","updatedContent":"package androidExamples;\n//ID = 992880\n\n\npublic class Android30 {\n\n\tpublic static String main(String[] args) {\n\t\t// TODO Auto-generated method stub\n\t\tHttpHost target = new HttpHost(\"http://\" + ServiceWrapper.SERVER_HOST,ServiceWrapper.SERVER_PORT);\n        HttpGet get = new HttpGet(\"/list\");\n        String result=null;\n     HttpEntity entity = null;\n     HttpClient client = new DefaultHttpClient();\n     try {\n    HttpResponse response=client.execute(target, get);\n    entity = response.getEntity();\n    result = EntityUtils.toString(entity);\n   } catch (Exception e) {\n    e.printStackTrace();\n   } finally {\n    if (entity!=null)\n     try {\n      entity.consumeContent();\n     } catch (IOException e) {}\n   }\n   return result;\n\t}\n\n}\nclass ServiceWrapper\n{\n\tstatic String SERVER_HOST = \"host\";\n\tstatic int SERVER_PORT = 8080;\n}","usedLibraries":[]}