{"status":2,"problems":[{"fileName":"Android29.java","startLocation":595,"endLocation":602,"lineNumber":27,"column":-1,"message":"WakeLock cannot be resolved to a type","problemId":16777218,"problemSeverity":"ERROR"}],"originalContent":"package androidExamples;\n//ID = 992508\n\npublic class Android29 extends Service {\n\n\t@Override\n\tpublic IBinder onBind(Intent arg0) {\n\t\t// TODO Auto-generated method stub\n\t\treturn null;\n\t}\n\t@Override\n\tpublic void onCreate() {\n\t\tPowerManager pm = (PowerManager) getSystemService(Context.POWER_SERVICE);\n\t\tPowerManager.WakeLock wl = pm.newWakeLock(PowerManager.FULL_WAKE_LOCK, \"My Tag\");\n\t\twl.acquire();\n\t}\n\n\t@Override\n\tpublic void onDestroy() {\n\t\tWakeLock wl = null;\n\t\twl.release();\n\t}\n\n}","updatedContent":"package androidExamples;\n//ID = 992508\n\nimport android.content.Context;\nimport android.os.IBinder;\nimport android.os.PowerManager;\nimport android.content.Intent;\nimport android.app.Service;\n\npublic class Android29 extends Service {\n\n\t@Override\n\tpublic IBinder onBind(Intent arg0) {\n\t\t// TODO Auto-generated method stub\n\t\treturn null;\n\t}\n\n\t@Override\n\tpublic void onCreate() {\n\t\tPowerManager pm = (PowerManager) getSystemService(Context.POWER_SERVICE);\n\t\tPowerManager.WakeLock wl = pm.newWakeLock(PowerManager.FULL_WAKE_LOCK, \"My Tag\");\n\t\twl.acquire();\n\t}\n\n\t@Override\n\tpublic void onDestroy() {\n\t\tWakeLock wl = null;\n\t\twl.release();\n\t}\n\n}","usedLibraries":["jar:android-13.jar:1"]}