{"status":2,"problems":[{"fileName":"GameView.java","startLocation":251,"endLocation":259,"lineNumber":11,"column":0,"message":"The public type Android26 must be defined in its own file","problemId":16777541,"problemSeverity":"ERROR"}],"originalContent":"package androidExamples;\n//ID = 904376\n\npublic class Android26 extends ScrollView{\n\n    public Android26(Context context) {\n         super(context);\n    }\n    @Override\n    public boolean onInterceptTouchEvent (MotionEvent ev){\n         return false;\n\n    }\n    @Override\n    public boolean onKeyDown (int keyCode, KeyEvent event){\n         return false;\n\n    }\n}\nclass GameView extends View implements OnTouchListener{\n\n    public GameView(Context context) {\n\t\tsuper(context);\n\t\t// TODO Auto-generated constructor stub\n\t}\n\n\tpublic boolean onKey(View v, int keyCode, KeyEvent event){\n         if(keyCode == KeyEvent.KEYCODE_BACK){\n                   //do stuff\n         }\n         invalidate();\n         return true;        \n    }\n\n\t@Override\n\tpublic boolean onTouch(View arg0, MotionEvent arg1) {\n\t\t// TODO Auto-generated method stub\n\t\treturn false;\n\t}\n}","updatedContent":"package androidExamples;\n//ID = 904376\n\nimport android.content.Context;\nimport android.view.View.OnTouchListener;\nimport android.view.KeyEvent;\nimport android.widget.ScrollView;\nimport android.view.MotionEvent;\nimport android.view.View;\n\npublic class Android26 extends ScrollView {\n\n\tpublic Android26(Context context) {\n\t\tsuper(context);\n\t}\n\n\t@Override\n\tpublic boolean onInterceptTouchEvent(MotionEvent ev) {\n\t\treturn false;\n\n\t}\n\n\t@Override\n\tpublic boolean onKeyDown(int keyCode, KeyEvent event) {\n\t\treturn false;\n\n\t}\n}\n\nclass GameView extends View implements OnTouchListener {\n\n\tpublic GameView(Context context) {\n\t\tsuper(context);\n\t\t// TODO Auto-generated constructor stub\n\t}\n\n\tpublic boolean onKey(View v, int keyCode, KeyEvent event) {\n\t\tif (keyCode == KeyEvent.KEYCODE_BACK) {\n\t\t\t//do stuff\n\t\t}\n\t\tinvalidate();\n\t\treturn true;\n\t}\n\n\t@Override\n\tpublic boolean onTouch(View arg0, MotionEvent arg1) {\n\t\t// TODO Auto-generated method stub\n\t\treturn false;\n\t}\n}","usedLibraries":["jar:android-13.jar:1"]}