{
  "java_file": "/home/theguy/Documents/research/snr-server/src/test/resources/snippets/so/Android23.java",
  "output_file": "StatType-Completion-output-json/Android23.java.json",
  "exit_code": 0,
  "stdout": "/home/theguy/Documents/research/snr-server/benchmark/snippet_log/Android23.java.stdout.a168e12ec1ac45de8dd8dcfac5574ed5.txt",
  "stderr": "/home/theguy/Documents/research/snr-server/benchmark/snippet_log/Android23.java.stderr.a168e12ec1ac45de8dd8dcfac5574ed5.txt",
  "run_time": 23836764090,
  "total_imports": [
    "java.io.IOException",
    "java.net.HttpURLConnection",
    "java.net.MalformedURLException",
    "java.net.URL",
    "java.util.ArrayList",
    "java.util.Random",
    "android.app.Activity",
    "android.graphics.Bitmap",
    "android.graphics.BitmapFactory",
    "android.os.Bundle",
    "android.widget.ArrayAdapter",
    "android.widget.ImageView",
    "android.widget.ListView",
    "gen.R"
  ],
  "correct_imports": [
    "android.os.Bundle",
    "java.net.URL",
    "java.net.MalformedURLException",
    "android.widget.ImageView",
    "java.util.Random",
    "android.graphics.BitmapFactory",
    "java.io.IOException",
    "java.util.ArrayList",
    "java.net.HttpURLConnection",
    "android.widget.ArrayAdapter",
    "android.graphics.Bitmap",
    "android.widget.ListView",
    "android.app.Activity"
  ]
}