{"status":2,"problems":[{"fileName":"Android08.java","startLocation":629,"endLocation":640,"lineNumber":27,"column":15,"message":"Resource leak: 'clientsocket' is never closed","problemId":536871799,"problemSeverity":"WARNING"},{"fileName":"Android08.java","startLocation":629,"endLocation":640,"lineNumber":27,"column":15,"message":"The value of the local variable clientsocket is not used","problemId":536870973,"problemSeverity":"WARNING"}],"originalContent":"package androidExamples;\n\n\n\n//ID = 442496\npublic class Android08 {\n\n\tprivate static final String TAG = \"TAG\";\n\n\tpublic static void main(String[] args) {\n\t\t// TODO Auto-generated method stub\n\n\t\t\t\ttry {\n\t\t\t\t    InetAddress server = Inet4Address.getByName(\"thehost\");\n\t\t\t\t    //Doesn't work either\n\t\t\t\t    //or InetAddress server2 = Inet4Address.getByAddress(new String(\"192.168.1.30\").getBytes());\n\n\t\t\t\t    if(server.isReachable(5000)){\n\t\t\t\t        Log.d(TAG, \"Ping!\");\n\t\t\t\t    }\n\n\t\t\t\t    Socket clientsocket = new Socket(server, 8080);\n\t\t\t\t} catch (UnknownHostException e) {\n\t\t\t\t    Log.e(TAG, \"Server Not Found\");\n\t\t\t\t} catch (IOException e) {\n\t\t\t\t    Log.e(TAG, \"Couldn't open socket\");\n\t\t\t\t}\n\t}\n\n}","updatedContent":"package androidExamples;\n\nimport java.net.InetAddress;\nimport java.io.IOException;\nimport java.net.Inet4Address;\nimport java.net.Socket;\nimport java.net.UnknownHostException;\nimport android.util.Log;\n\n//ID = 442496\npublic class Android08 {\n\n\tprivate static final String TAG = \"TAG\";\n\n\tpublic static void main(String[] args) {\n\t\t// TODO Auto-generated method stub\n\n\t\ttry {\n\t\t\tInetAddress server = Inet4Address.getByName(\"thehost\");\n\t\t\t//Doesn't work either\n\t\t\t//or InetAddress server2 = Inet4Address.getByAddress(new String(\"192.168.1.30\").getBytes());\n\n\t\t\tif (server.isReachable(5000)) {\n\t\t\t\tLog.d(TAG, \"Ping!\");\n\t\t\t}\n\n\t\t\tSocket clientsocket = new Socket(server, 8080);\n\t\t} catch (UnknownHostException e) {\n\t\t\tLog.e(TAG, \"Server Not Found\");\n\t\t} catch (IOException e) {\n\t\t\tLog.e(TAG, \"Couldn't open socket\");\n\t\t}\n\t}\n\n}","usedLibraries":["jar:android-13.jar:1"]}