{"status":0,"problems":[],"originalContent":"package androidExamples;\n\npublic class Android01 extends Activity {\n    /** Called when the activity is first created. */\n    @Override\n    public void onCreate(Bundle savedInstanceState) {\n        super.onCreate(savedInstanceState);\n\n        mTextView = new TextView(this);\n\n        if (savedInstanceState == null) {\n            mTextView.setText(\"Welcome to HelloAndroid!\");\n        } else {\n            mTextView.setText(\"Welcome back.\");\n        }\n\n        setContentView(mTextView);\n    }\n\n    private TextView mTextView = null;\n}","updatedContent":"package androidExamples;\n\nimport android.os.Bundle;\nimport android.widget.TextView;\nimport android.app.Activity;\n\npublic class Android01 extends Activity {\n\t/** Called when the activity is first created. */\n\t@Override\n\tpublic void onCreate(Bundle savedInstanceState) {\n\t\tsuper.onCreate(savedInstanceState);\n\n\t\tmTextView = new TextView(this);\n\n\t\tif (savedInstanceState == null) {\n\t\t\tmTextView.setText(\"Welcome to HelloAndroid!\");\n\t\t} else {\n\t\t\tmTextView.setText(\"Welcome back.\");\n\t\t}\n\n\t\tsetContentView(mTextView);\n\t}\n\n\tprivate TextView mTextView = null;\n}","usedLibraries":["jar:android-13.jar:1"]}