{"status":2,"problems":[{"fileName":"Android02.java","startLocation":292,"endLocation":292,"lineNumber":11,"column":-1,"message":"R cannot be resolved to a variable","problemId":33554515,"problemSeverity":"ERROR"}],"originalContent":"package androidExamples;\n\n\n\npublic class Android02 extends Activity\n{\n    /** Called when the activity is first created. */\n    @Override\n    public void onCreate(Bundle savedInstanceState) {\n        super.onCreate(savedInstanceState);\n        setContentView(R.layout.main);\n    }\n}","updatedContent":"package androidExamples;\n\nimport android.os.Bundle;\nimport android.app.Activity;\n\npublic class Android02 extends Activity {\n\t/** Called when the activity is first created. */\n\t@Override\n\tpublic void onCreate(Bundle savedInstanceState) {\n\t\tsuper.onCreate(savedInstanceState);\n\t\tsetContentView(R.layout.main);\n\t}\n}","usedLibraries":["jar:android-13.jar:1"]}