{"status":2,"problems":[{"fileName":"Android32.java","startLocation":281,"endLocation":291,"lineNumber":11,"column":53,"message":"Environment cannot be resolved to a variable","problemId":33554515,"problemSeverity":"ERROR"}],"originalContent":"package androidExamples;\n//ID = 1032912\n\n\n\n\npublic class Android32 {\n\tpublic void start() throws IOException{\n\t String state = android.os.Environment.getExternalStorageState();\n\t if(!state.equals(Environment.MEDIA_MOUNTED))\n\t {\n\t  throw new IOException(\"SD card is not mounted. It is \" + state + \".\");\n\t }\n\t String path = \"Root\";\n\tFile directory = new File(path).getParentFile();\n\t if(!directory.exists() && !directory.mkdirs())\n\t {\n\t  throw new IOException(\"Path to file could not be created.\");\n\t }\n\t MediaRecorder recorder = new MediaRecorder();\n\t recorder.setVideoSource(MediaRecorder.VideoSource.CAMERA);\n\t recorder.setOutputFormat(MediaRecorder.OutputFormat.THREE_GPP);\n\t recorder.setVideoEncoder(MediaRecorder.VideoEncoder.H263);\n\t recorder.setVideoFrameRate(15);\n\t recorder.setVideoSize(176, 144);\n\t recorder.setOutputFile(path);\n\t recorder.prepare();\n\t recorder.start();\n\t}}","updatedContent":"package androidExamples;\n//ID = 1032912\n\nimport java.io.File;\nimport java.io.IOException;\nimport android.media.MediaRecorder;\n\npublic class Android32 {\n\tpublic void start() throws IOException {\n\t\tString state = android.os.Environment.getExternalStorageState();\n\t\tif (!state.equals(Environment.MEDIA_MOUNTED)) {\n\t\t\tthrow new IOException(\"SD card is not mounted. It is \" + state + \".\");\n\t\t}\n\t\tString path = \"Root\";\n\t\tFile directory = new File(path).getParentFile();\n\t\tif (!directory.exists() && !directory.mkdirs()) {\n\t\t\tthrow new IOException(\"Path to file could not be created.\");\n\t\t}\n\t\tMediaRecorder recorder = new MediaRecorder();\n\t\trecorder.setVideoSource(MediaRecorder.VideoSource.CAMERA);\n\t\trecorder.setOutputFormat(MediaRecorder.OutputFormat.THREE_GPP);\n\t\trecorder.setVideoEncoder(MediaRecorder.VideoEncoder.H263);\n\t\trecorder.setVideoFrameRate(15);\n\t\trecorder.setVideoSize(176, 144);\n\t\trecorder.setOutputFile(path);\n\t\trecorder.prepare();\n\t\trecorder.start();\n\t}\n}","usedLibraries":["jar:android-13.jar:1"]}