{"status":2,"problems":[{"fileName":"Android47.java","startLocation":440,"endLocation":440,"lineNumber":15,"column":6,"message":"R cannot be resolved to a variable","problemId":33554515,"problemSeverity":"ERROR"},{"fileName":"Android47.java","startLocation":645,"endLocation":645,"lineNumber":23,"column":24,"message":"R cannot be resolved to a variable","problemId":33554515,"problemSeverity":"ERROR"},{"fileName":"Android47.java","startLocation":687,"endLocation":709,"lineNumber":25,"column":39,"message":"ClientProtocolException cannot be resolved to a type","problemId":16777218,"problemSeverity":"ERROR"},{"fileName":"Android47.java","startLocation":756,"endLocation":756,"lineNumber":26,"column":-1,"message":"R cannot be resolved to a variable","problemId":33554515,"problemSeverity":"ERROR"},{"fileName":"Android47.java","startLocation":808,"endLocation":818,"lineNumber":28,"column":-1,"message":"IOException cannot be resolved to a type","problemId":16777218,"problemSeverity":"ERROR"},{"fileName":"Android47.java","startLocation":865,"endLocation":865,"lineNumber":29,"column":-1,"message":"R cannot be resolved to a variable","problemId":33554515,"problemSeverity":"ERROR"}],"originalContent":"package androidExamples;\n//ID = 1266527\n\n\npublic class Android47 extends Activity {\n    /** Called when the activity is first created. */\n    @Override\n   public void onCreate(Bundle savedInstanceState) {\n    super.onCreate(savedInstanceState);\n    setContentView(R.layout.main);\n\n    DefaultHttpClient client = new DefaultHttpClient();\n\n    HttpGet method = new HttpGet(\"http://www.google.com\");\n\n    try {\n  client.execute(method);\n  TextView t = (TextView) findViewById(R.id.lay);\n  t.setText(\"Ok\");\n } catch (ClientProtocolException e) {\n  TextView t = (TextView) findViewById(R.id.lay);\n  t.setText(e.getMessage());\n } catch (IOException e) {\n  TextView t = (TextView) findViewById(R.id.lay);\n  t.setText(e.getMessage());\n }\n\n    }\n}","updatedContent":"package androidExamples;\n//ID = 1266527\n\nimport org.apache.http.impl.client.DefaultHttpClient;\nimport android.os.Bundle;\nimport android.widget.TextView;\nimport org.apache.http.client.methods.HttpGet;\nimport android.app.Activity;\n\npublic class Android47 extends Activity {\n\t/** Called when the activity is first created. */\n\t@Override\n\tpublic void onCreate(Bundle savedInstanceState) {\n\t\tsuper.onCreate(savedInstanceState);\n\t\tsetContentView(R.layout.main);\n\n\t\tDefaultHttpClient client = new DefaultHttpClient();\n\n\t\tHttpGet method = new HttpGet(\"http://www.google.com\");\n\n\t\ttry {\n\t\t\tclient.execute(method);\n\t\t\tTextView t = (TextView) findViewById(R.id.lay);\n\t\t\tt.setText(\"Ok\");\n\t\t} catch (ClientProtocolException e) {\n\t\t\tTextView t = (TextView) findViewById(R.id.lay);\n\t\t\tt.setText(e.getMessage());\n\t\t} catch (IOException e) {\n\t\t\tTextView t = (TextView) findViewById(R.id.lay);\n\t\t\tt.setText(e.getMessage());\n\t\t}\n\n\t}\n}","usedLibraries":["jar:android-13.jar:1"]}