{
  "java_file": "/home/theguy/Documents/research/snr-server/src/test/resources/snippets/so/Android15.java",
  "output_file": "StatType-Completion-output-json/Android15.java.json",
  "exit_code": 0,
  "stdout": "/home/theguy/Documents/research/snr-server/benchmark/snippet_log/Android15.java.stdout.78472b307b2545349eb13841ded5f2e7.txt",
  "stderr": "/home/theguy/Documents/research/snr-server/benchmark/snippet_log/Android15.java.stderr.78472b307b2545349eb13841ded5f2e7.txt",
  "run_time": 4808904369,
  "total_imports": [
    "android.content.Intent",
    "android.net.Uri"
  ],
  "correct_imports": [
    "android.content.Intent"
  ]
}