{"status":2,"problems":[{"fileName":"Android40.java","startLocation":492,"endLocation":492,"lineNumber":21,"column":34,"message":"R cannot be resolved to a variable","problemId":33554515,"problemSeverity":"ERROR"},{"fileName":"Android40.java","startLocation":563,"endLocation":563,"lineNumber":23,"column":3,"message":"R cannot be resolved to a variable","problemId":33554515,"problemSeverity":"ERROR"},{"fileName":"Android40.java","startLocation":621,"endLocation":621,"lineNumber":25,"column":22,"message":"R cannot be resolved to a variable","problemId":33554515,"problemSeverity":"ERROR"}],"originalContent":"package androidExamples;\n//ID= 1163812\npublic class Android40 extends Activity {\n\n\tpublic static void main(String[] args) {\n\t\t// TODO Auto-generated method stub\n\n\t}\n\tpublic void onCreate(Bundle savedInstanceState) {\n\t    super.onCreate(savedInstanceState);\n\t    setContentView(R.layout.main);\n\n\t    SlidingDrawer drawer = (SlidingDrawer)findViewById(R.id.lay);\n\n\t    ImageView handle = (ImageView)findViewById(R.id.myImage);\n\t    handle.setFocusable(true);\n\n\t    handle.setOnClickListener(new OnClickListener(){\n\n\n\t  @Override\n\t  public void onClick(View v) {\n\t   // TODO Auto-generated method stub\n\t   Log.i(\"test\",\"onClick\");\n\t  }\n\n\t    });\n\n\n\t}\n}","updatedContent":"package androidExamples;\n\nimport android.os.Bundle;\nimport android.view.View;\nimport android.widget.ImageView;\nimport android.app.Activity;\nimport android.view.View.OnClickListener;\nimport android.widget.SlidingDrawer;\nimport android.util.Log;\n\n//ID= 1163812\npublic class Android40 extends Activity {\n\n\tpublic static void main(String[] args) {\n\t\t// TODO Auto-generated method stub\n\n\t}\n\n\tpublic void onCreate(Bundle savedInstanceState) {\n\t\tsuper.onCreate(savedInstanceState);\n\t\tsetContentView(R.layout.main);\n\n\t\tSlidingDrawer drawer = (SlidingDrawer) findViewById(R.id.lay);\n\n\t\tImageView handle = (ImageView) findViewById(R.id.myImage);\n\t\thandle.setFocusable(true);\n\n\t\thandle.setOnClickListener(new OnClickListener() {\n\n\t\t\t@Override\n\t\t\tpublic void onClick(View v) {\n\t\t\t\t// TODO Auto-generated method stub\n\t\t\t\tLog.i(\"test\", \"onClick\");\n\t\t\t}\n\n\t\t});\n\n\t}\n}","usedLibraries":["jar:android-13.jar:1"]}