{"status":2,"problems":[{"fileName":"Android07.java","startLocation":370,"endLocation":370,"lineNumber":16,"column":28,"message":"R cannot be resolved to a variable","problemId":33554515,"problemSeverity":"ERROR"}],"originalContent":"package androidExamples;\n\n//ID = 288044\npublic class Android07 extends Activity{\n\n\t\t\tString[] mainItems = {\n\t\t\t    \"Inbox\", \"Projects\", \"Contexts\", \"Next Actions\"\n\t\t\t};\n\n\t\t\t@Override\n\t\t\tpublic void onCreate(Bundle icicle) {\n\t\t\t    super.onCreate(icicle);\n\t\t\t    setContentView(R.layout.main);\n\n\t\t\t    setListAdapter(new ArrayAdapter<String>(\n\t\t\t            this, android.R.layout.simple_list_item_1, mainItems));\n\t\t\t    registerForContextMenu(getListView());\n\t\t\t}\n\n\t\t\tprivate void setListAdapter(ArrayAdapter<String> arrayAdapter) {\n\t\t\t\t// TODO Auto-generated method stub\n\t\t\t\t\n\t\t\t}\n\n\t\t\tprivate View getListView() {\n\t\t\t\t// TODO Auto-generated method stub\n\t\t\t\treturn null;\n\t\t\t}\n\n}","updatedContent":"package androidExamples;\n\nimport android.widget.ArrayAdapter;\nimport android.os.Bundle;\nimport android.view.View;\nimport android.app.Activity;\n\n//ID = 288044\npublic class Android07 extends Activity {\n\n\tString[] mainItems = { \"Inbox\", \"Projects\", \"Contexts\", \"Next Actions\" };\n\n\t@Override\n\tpublic void onCreate(Bundle icicle) {\n\t\tsuper.onCreate(icicle);\n\t\tsetContentView(R.layout.main);\n\n\t\tsetListAdapter(new ArrayAdapter<String>(this, android.R.layout.simple_list_item_1, mainItems));\n\t\tregisterForContextMenu(getListView());\n\t}\n\n\tprivate void setListAdapter(ArrayAdapter<String> arrayAdapter) {\n\t\t// TODO Auto-generated method stub\n\n\t}\n\n\tprivate View getListView() {\n\t\t// TODO Auto-generated method stub\n\t\treturn null;\n\t}\n\n}","usedLibraries":["jar:android-13.jar:1"]}