{
  "java_file": "/home/theguy/Documents/research/snr-server/src/test/resources/snippets/so/Android41.java",
  "output_file": "StatType-Completion-output-json/Android41.java.json",
  "exit_code": 0,
  "stdout": "/home/theguy/Documents/research/snr-server/benchmark/snippet_log/Android41.java.stdout.a18e309eb801457f865af366566c7b41.txt",
  "stderr": "/home/theguy/Documents/research/snr-server/benchmark/snippet_log/Android41.java.stderr.a18e309eb801457f865af366566c7b41.txt",
  "run_time": 5580981067,
  "total_imports": [
    "android.content.Context",
    "android.graphics.Color",
    "android.view.View",
    "android.widget.TextView"
  ],
  "correct_imports": [
    "android.content.Context",
    "android.graphics.Color",
    "android.widget.TextView",
    "android.view.View"
  ]
}