{"status":2,"problems":[{"fileName":"Android39.java","startLocation":440,"endLocation":440,"lineNumber":17,"column":3,"message":"R cannot be resolved to a variable","problemId":33554515,"problemSeverity":"ERROR"},{"fileName":"Android39.java","startLocation":502,"endLocation":502,"lineNumber":19,"column":30,"message":"R cannot be resolved to a variable","problemId":33554515,"problemSeverity":"ERROR"},{"fileName":"Android39.java","startLocation":600,"endLocation":622,"lineNumber":22,"column":-1,"message":"Type safety: The expression of type List needs unchecked conversion to conform to List<Overlay>","problemId":16777748,"problemSeverity":"WARNING"}],"originalContent":"package androidExamples;\n//ID = 1153920\n\n\n\npublic class Android39 extends MapActivity {\n\n\tpublic void onCreate(Bundle icicle) {\n\t\tsuper.onCreate(icicle);\n\n\t\tsetContentView(R.layout.main);\n\n\t\tMapView myMapView = (MapView) findViewById(R.id.lay);\n\t\tMapController mapController = myMapView.getController();\n\n\t\tList<Overlay> overlays = myMapView.getOverlays();\n\t\tMyLocationOverlay myLocationOverlay = new MyLocationOverlay(this, myMapView);\n\t\toverlays.add(myLocationOverlay);\n\t\tmyLocationOverlay.enableMyLocation();\n\t}\n\n\tprotected boolean isRouteDisplayed() {\n\n\t\treturn false;\n\t}\n\n}","updatedContent":"package androidExamples;\n//ID = 1153920\n\nimport java.util.List;\nimport android.os.Bundle;\nimport com.google.android.maps.MapController;\nimport com.google.android.maps.MapView;\nimport com.google.android.maps.MapActivity;\nimport com.google.android.maps.MyLocationOverlay;\nimport com.google.android.maps.Overlay;\n\npublic class Android39 extends MapActivity {\n\n\tpublic void onCreate(Bundle icicle) {\n\t\tsuper.onCreate(icicle);\n\n\t\tsetContentView(R.layout.main);\n\n\t\tMapView myMapView = (MapView) findViewById(R.id.lay);\n\t\tMapController mapController = myMapView.getController();\n\n\t\tList<Overlay> overlays = myMapView.getOverlays();\n\t\tMyLocationOverlay myLocationOverlay = new MyLocationOverlay(this, myMapView);\n\t\toverlays.add(myLocationOverlay);\n\t\tmyLocationOverlay.enableMyLocation();\n\t}\n\n\tprotected boolean isRouteDisplayed() {\n\n\t\treturn false;\n\t}\n\n}","usedLibraries":["jar:android-13.jar:1","jar:android-google-maps-api11.jar:1"]}