{
  "java_file": "/home/theguy/Documents/research/snr-server/src/test/resources/snippets/so/Android16.java",
  "output_file": "StatType-Completion-output-json/Android16.java.json",
  "exit_code": 0,
  "stdout": "/home/theguy/Documents/research/snr-server/benchmark/snippet_log/Android16.java.stdout.66b37f1fb8954f33bbe90564f1e383fd.txt",
  "stderr": "/home/theguy/Documents/research/snr-server/benchmark/snippet_log/Android16.java.stderr.66b37f1fb8954f33bbe90564f1e383fd.txt",
  "run_time": 13494862327,
  "total_imports": [
    "android.content.Context",
    "android.graphics.Canvas",
    "android.util.AttributeSet",
    "android.util.Log",
    "android.view.MotionEvent",
    "android.view.View",
    "android.widget.SeekBar"
  ],
  "correct_imports": [
    "android.content.Context",
    "android.util.AttributeSet",
    "android.view.MotionEvent",
    "android.view.View",
    "android.widget.SeekBar",
    "android.util.Log"
  ]
}