{"status":2,"problems":[{"fileName":"Android25.java","startLocation":386,"endLocation":402,"lineNumber":13,"column":42,"message":"The value of the field Android25.MY_DATABASE_TABLE is not used","problemId":570425421,"problemSeverity":"WARNING"},{"fileName":"Android25.java","startLocation":602,"endLocation":602,"lineNumber":20,"column":58,"message":"R cannot be resolved to a variable","problemId":33554515,"problemSeverity":"ERROR"},{"fileName":"Android25.java","startLocation":659,"endLocation":707,"lineNumber":23,"column":-1,"message":"The static method openOrCreateDatabase(String, SQLiteDatabase.CursorFactory) from the type SQLiteDatabase should be accessed in a static way","problemId":603979893,"problemSeverity":"WARNING"}],"originalContent":"package androidExamples;\n//ID = 901057\n\n\npublic class Android25 extends ListActivity {\n    /** Called when the activity is first created. */\n    private final String MY_DATABASE_NAME = \"myCoolUserDB.db\";\n    private final String MY_DATABASE_TABLE = \"t_Users\"; \n    Context c;\n    @Override\n    public void onCreate(Bundle savedInstanceState) {\n        super.onCreate(savedInstanceState);\n        ArrayList<String> results = new ArrayList<String>();\n        setContentView(R.layout.main);\n        SQLiteDatabase mydb=null;\n        try\n        {\n            mydb.openOrCreateDatabase(MY_DATABASE_NAME,  null);\n\n        } catch(Exception e){}\n    }\n\n}","updatedContent":"package androidExamples;\n//ID = 901057\n\nimport android.content.Context;\nimport android.database.sqlite.SQLiteDatabase;\nimport android.app.ListActivity;\nimport android.os.Bundle;\nimport java.util.ArrayList;\n\npublic class Android25 extends ListActivity {\n\t/** Called when the activity is first created. */\n\tprivate final String MY_DATABASE_NAME = \"myCoolUserDB.db\";\n\tprivate final String MY_DATABASE_TABLE = \"t_Users\";\n\tContext c;\n\n\t@Override\n\tpublic void onCreate(Bundle savedInstanceState) {\n\t\tsuper.onCreate(savedInstanceState);\n\t\tArrayList<String> results = new ArrayList<String>();\n\t\tsetContentView(R.layout.main);\n\t\tSQLiteDatabase mydb = null;\n\t\ttry {\n\t\t\tmydb.openOrCreateDatabase(MY_DATABASE_NAME, null);\n\n\t\t} catch (Exception e) {\n\t\t}\n\t}\n\n}","usedLibraries":["jar:android-13.jar:1"]}