{"status":2,"problems":[{"fileName":"Android49.java","startLocation":424,"endLocation":424,"lineNumber":13,"column":-1,"message":"R cannot be resolved to a variable","problemId":33554515,"problemSeverity":"ERROR"}],"originalContent":"package androidExamples;\n//ID = 1325576\n\npublic class Android49 extends LinearLayout {\n    public Android49(Context context, AttributeSet attrs) {\n        super(context, attrs);\n        ((LayoutInflater) context.getSystemService(Context.LAYOUT_INFLATER_SERVICE)).inflate(R.layout.main, this, true);\n        setGravity(Gravity.CENTER);\n    }\n\n    public Android49(Context context) {\n        this(context,null);\n    }\n}","updatedContent":"package androidExamples;\n//ID = 1325576\n\nimport android.content.Context;\nimport android.widget.LinearLayout;\nimport android.util.AttributeSet;\nimport android.view.Gravity;\nimport android.view.LayoutInflater;\n\npublic class Android49 extends LinearLayout {\n\tpublic Android49(Context context, AttributeSet attrs) {\n\t\tsuper(context, attrs);\n\t\t((LayoutInflater) context.getSystemService(Context.LAYOUT_INFLATER_SERVICE)).inflate(R.layout.main, this, true);\n\t\tsetGravity(Gravity.CENTER);\n\t}\n\n\tpublic Android49(Context context) {\n\t\tthis(context, null);\n\t}\n}","usedLibraries":["jar:android-13.jar:1"]}