{"status":2,"problems":[{"fileName":"Android10.java","startLocation":283,"endLocation":283,"lineNumber":13,"column":20,"message":"R cannot be resolved to a variable","problemId":33554515,"problemSeverity":"ERROR"}],"originalContent":"package androidExamples;\n//ID = 526524\npublic class Android10 {\n\n\tpublic static void main(String[] args) {\n\t\t\n\t\t// TODO Auto-generated method stub\n\t\tChronometer t = (Chronometer)findViewById(R.id.toptime);\n\t\tlong time = SystemClock.elapsedRealtime()-t.getBase();\n\t\tLog.d(null,\"Was: \"+time); //time is not the proper time for some reason - it is a random number between 0 and 50\n\t\tt.setBase(SystemClock.elapsedRealtime());\n\t\tt.start();\n\n\t}\n\n\tprivate static Chronometer findViewById(int toptime) {\n\t\t// TODO Auto-generated method stub\n\t\treturn null;\n\t}\n\n}","updatedContent":"package androidExamples;\n\nimport android.widget.Chronometer;\nimport android.os.SystemClock;\nimport android.util.Log;\n\n//ID = 526524\npublic class Android10 {\n\n\tpublic static void main(String[] args) {\n\n\t\t// TODO Auto-generated method stub\n\t\tChronometer t = (Chronometer) findViewById(R.id.toptime);\n\t\tlong time = SystemClock.elapsedRealtime() - t.getBase();\n\t\tLog.d(null, \"Was: \" + time); //time is not the proper time for some reason - it is a random number between 0 and 50\n\t\tt.setBase(SystemClock.elapsedRealtime());\n\t\tt.start();\n\n\t}\n\n\tprivate static Chronometer findViewById(int toptime) {\n\t\t// TODO Auto-generated method stub\n\t\treturn null;\n\t}\n\n}","usedLibraries":["jar:android-13.jar:1"]}