{
  "java_file": "/home/theguy/Documents/research/snr-server/src/test/resources/snippets/so/Android44.java",
  "output_file": "StatType-Completion-output-json/Android44.java.json",
  "exit_code": 0,
  "stdout": "/home/theguy/Documents/research/snr-server/benchmark/snippet_log/Android44.java.stdout.e5978ee4c2a147aa96531fb4c4b203c4.txt",
  "stderr": "/home/theguy/Documents/research/snr-server/benchmark/snippet_log/Android44.java.stderr.e5978ee4c2a147aa96531fb4c4b203c4.txt",
  "run_time": 8502833103,
  "total_imports": [
    "android.app.Service",
    "android.content.Intent",
    "android.os.IBinder"
  ],
  "correct_imports": [
    "android.os.IBinder",
    "android.content.Intent",
    "android.app.Service"
  ]
}