{
  "java_file": "/home/theguy/Documents/research/snr-server/src/test/resources/snippets/so/Android14.java",
  "output_file": "StatType-Completion-output-json/Android14.java.json",
  "exit_code": 0,
  "stdout": "/home/theguy/Documents/research/snr-server/benchmark/snippet_log/Android14.java.stdout.779aa731153d4a81ba9c842d37eec1a0.txt",
  "stderr": "/home/theguy/Documents/research/snr-server/benchmark/snippet_log/Android14.java.stderr.779aa731153d4a81ba9c842d37eec1a0.txt",
  "run_time": 19207965648,
  "total_imports": [
    "java.io.File",
    "java.io.FileNotFoundException",
    "java.io.FileOutputStream",
    "java.io.IOException",
    "java.io.InputStream",
    "java.net.HttpURLConnection",
    "java.net.MalformedURLException",
    "java.net.ProtocolException",
    "java.net.URL"
  ],
  "correct_imports": [
    "java.io.File",
    "java.net.ProtocolException",
    "java.io.FileNotFoundException",
    "java.net.URL",
    "java.net.MalformedURLException",
    "java.io.FileOutputStream",
    "java.io.IOException",
    "java.net.HttpURLConnection"
  ]
}