{
  "java_file": "/home/theguy/Documents/research/snr-server/src/test/resources/snippets/so/Android08.java",
  "output_file": "StatType-Completion-output-json/Android08.java.json",
  "exit_code": 0,
  "stdout": "/home/theguy/Documents/research/snr-server/benchmark/snippet_log/Android08.java.stdout.54b1670ec30c41709225775fd35e820f.txt",
  "stderr": "/home/theguy/Documents/research/snr-server/benchmark/snippet_log/Android08.java.stderr.54b1670ec30c41709225775fd35e820f.txt",
  "run_time": 9432047740,
  "total_imports": [
    "java.io.IOException",
    "java.net.Inet4Address",
    "java.net.InetAddress",
    "java.net.Socket",
    "java.net.UnknownHostException",
    "android.util.Log"
  ],
  "correct_imports": [
    "java.net.InetAddress",
    "java.io.IOException",
    "java.net.Inet4Address",
    "java.net.Socket",
    "java.net.UnknownHostException",
    "android.util.Log"
  ]
}