{"status":2,"problems":[{"fileName":"Android31.java","startLocation":231,"endLocation":237,"lineNumber":11,"column":7,"message":"Context cannot be resolved to a variable","problemId":33554515,"problemSeverity":"ERROR"},{"fileName":"Android31.java","startLocation":372,"endLocation":408,"lineNumber":15,"column":58,"message":"The method getSystemService(String) from the type Android31 is never used locally","problemId":603979894,"problemSeverity":"WARNING"}],"originalContent":"package androidExamples;\n//ID = 993137\n\npublic class Android31 {\n\n\tpublic static void main(String[] args) {\n\t\t// TODO Auto-generated method stub\n\n\t\t\t\tPowerManager pm = (PowerManager) getSystemService(Context.POWER_SERVICE);\n\t\t\t\tPowerManager.WakeLock wl = pm.newWakeLock(PowerManager.FULL_WAKE_LOCK, \"My Tag\");\n\t}\n\n\tprivate static PowerManager getSystemService(String powerService) {\n\t\t// TODO Auto-generated method stub\n\t\treturn null;\n\t}\n\n}","updatedContent":"package androidExamples;\n//ID = 993137\n\nimport android.os.PowerManager;\n\npublic class Android31 {\n\n\tpublic static void main(String[] args) {\n\t\t// TODO Auto-generated method stub\n\n\t\tPowerManager pm = (PowerManager) getSystemService(Context.POWER_SERVICE);\n\t\tPowerManager.WakeLock wl = pm.newWakeLock(PowerManager.FULL_WAKE_LOCK, \"My Tag\");\n\t}\n\n\tprivate static PowerManager getSystemService(String powerService) {\n\t\t// TODO Auto-generated method stub\n\t\treturn null;\n\t}\n\n}","usedLibraries":["jar:android-13.jar:1"]}