{
  "java_file": "/home/theguy/Documents/research/snr-server/src/test/resources/snippets/so/Android03.java",
  "output_file": "StatType-Completion-output-json/Android03.java.json",
  "exit_code": 0,
  "stdout": "/home/theguy/Documents/research/snr-server/benchmark/snippet_log/Android03.java.stdout.fece550fb7c043998cdbcbfcba630ba1.txt",
  "stderr": "/home/theguy/Documents/research/snr-server/benchmark/snippet_log/Android03.java.stderr.fece550fb7c043998cdbcbfcba630ba1.txt",
  "run_time": 4964458700,
  "total_imports": [
    "com.google.android.maps.GeoPoint",
    "com.google.android.maps.ItemizedOverlay",
    "com.google.android.maps.OverlayItem",
    "android.graphics.drawable.Drawable"
  ],
  "correct_imports": [
    "com.google.android.maps.OverlayItem",
    "com.google.android.maps.ItemizedOverlay",
    "android.graphics.drawable.Drawable",
    "com.google.android.maps.GeoPoint"
  ]
}