{
  "java_file": "/home/theguy/Documents/research/snr-server/src/test/resources/snippets/so/Android28.java",
  "output_file": "StatType-Completion-output-json/Android28.java.json",
  "exit_code": 0,
  "stdout": "/home/theguy/Documents/research/snr-server/benchmark/snippet_log/Android28.java.stdout.58380a317e4e4ef5bd13a30fd402717f.txt",
  "stderr": "/home/theguy/Documents/research/snr-server/benchmark/snippet_log/Android28.java.stderr.58380a317e4e4ef5bd13a30fd402717f.txt",
  "run_time": 3402032383,
  "total_imports": [
    "android.content.Context"
  ],
  "correct_imports": [
    "android.content.Context"
  ]
}