{
  "java_file": "/home/theguy/Documents/research/snr-server/src/test/resources/snippets/so/Android04.java",
  "output_file": "StatType-Completion-output-json/Android04.java.json",
  "exit_code": 0,
  "stdout": "/home/theguy/Documents/research/snr-server/benchmark/snippet_log/Android04.java.stdout.8332801c0abf445b9716e6ebad7ad27a.txt",
  "stderr": "/home/theguy/Documents/research/snr-server/benchmark/snippet_log/Android04.java.stderr.8332801c0abf445b9716e6ebad7ad27a.txt",
  "run_time": 3920025875,
  "total_imports": [
    "android.app.Activity",
    "android.os.Bundle",
    "android.widget.TextView"
  ],
  "correct_imports": [
    "android.os.Bundle",
    "android.widget.TextView",
    "android.app.Activity"
  ]
}