{"status":2,"problems":[{"fileName":"Android48.java","startLocation":458,"endLocation":463,"lineNumber":18,"column":38,"message":"Null pointer access: The variable camera can only be null at this location","problemId":536871363,"problemSeverity":"WARNING"}],"originalContent":"package androidExamples;\n\n//ID = 1305388\n\npublic class Android48 {\n\tpublic void captureImage() {\n\t\tCamera camera = null;\n\t\tCamera.Parameters params = camera.getParameters();\n\t\tcamera.setParameters(params);\n\t\tPictureCallback jpgCallback = new PictureCallback() {\n\t\t\tpublic void onPictureTaken(byte[] data, Camera camera) {\n\t\t\t\tContext c = null;\n\t\t\t\ttry {\n\t\t\t\t\tDialog d = new Dialog(c);\n\t\t\t\t\td.setContentView(0x7f030000);\n\t\t\t\t\tBitmapFactory.Options opts = new BitmapFactory.Options();\n\t\t\t\t\tBitmap bitmap = BitmapFactory.decodeByteArray(data, 0, data.length, opts);\n\t\t\t\t\tTextView tv = (TextView) d.findViewById(0x7f050001);\n\t\t\t\t\tImageView i = (ImageView) d.findViewById(0x7f050000);\n\t\t\t\t\ti.setImageBitmap(bitmap);\n\t\t\t\t\ttv.setText(\"Hai\" + data.length);\n\t\t\t\t\td.show();\n\t\t\t\t} catch (Exception e) {\n\t\t\t\t\tAlertDialog.Builder alert = new AlertDialog.Builder(c);\n\t\t\t\t\talert.setMessage(\"Exception1\" + e.getMessage());\n\t\t\t\t\talert.create();\n\t\t\t\t\talert.show();\n\t\t\t\t}\n\t\t\t}\n\n\t\t};\n\t\tcamera.takePicture(null, null, jpgCallback);\n\t}\n}","updatedContent":"package androidExamples;\n\nimport android.content.Context;\nimport android.hardware.Camera.PictureCallback;\nimport android.widget.TextView;\nimport android.graphics.Bitmap;\nimport android.hardware.Camera;\nimport android.widget.ImageView;\nimport android.graphics.BitmapFactory;\nimport android.app.Dialog;\nimport android.app.AlertDialog;\n\n//ID = 1305388\n\npublic class Android48 {\n\tpublic void captureImage() {\n\t\tCamera camera = null;\n\t\tCamera.Parameters params = camera.getParameters();\n\t\tcamera.setParameters(params);\n\t\tPictureCallback jpgCallback = new PictureCallback() {\n\t\t\tpublic void onPictureTaken(byte[] data, Camera camera) {\n\t\t\t\tContext c = null;\n\t\t\t\ttry {\n\t\t\t\t\tDialog d = new Dialog(c);\n\t\t\t\t\td.setContentView(0x7f030000);\n\t\t\t\t\tBitmapFactory.Options opts = new BitmapFactory.Options();\n\t\t\t\t\tBitmap bitmap = BitmapFactory.decodeByteArray(data, 0, data.length, opts);\n\t\t\t\t\tTextView tv = (TextView) d.findViewById(0x7f050001);\n\t\t\t\t\tImageView i = (ImageView) d.findViewById(0x7f050000);\n\t\t\t\t\ti.setImageBitmap(bitmap);\n\t\t\t\t\ttv.setText(\"Hai\" + data.length);\n\t\t\t\t\td.show();\n\t\t\t\t} catch (Exception e) {\n\t\t\t\t\tAlertDialog.Builder alert = new AlertDialog.Builder(c);\n\t\t\t\t\talert.setMessage(\"Exception1\" + e.getMessage());\n\t\t\t\t\talert.create();\n\t\t\t\t\talert.show();\n\t\t\t\t}\n\t\t\t}\n\n\t\t};\n\t\tcamera.takePicture(null, null, jpgCallback);\n\t}\n}","usedLibraries":["jar:android-13.jar:1"]}