{
  "java_file": "/home/theguy/Documents/research/snr-server/src/test/resources/snippets/so/Android30.java",
  "output_file": "StatType-Completion-output-json/Android30.java.json",
  "exit_code": 0,
  "stdout": "/home/theguy/Documents/research/snr-server/benchmark/snippet_log/Android30.java.stdout.4216825d4e4c4705bdc10c3e462a3469.txt",
  "stderr": "/home/theguy/Documents/research/snr-server/benchmark/snippet_log/Android30.java.stderr.4216825d4e4c4705bdc10c3e462a3469.txt",
  "run_time": 1657686201,
  "total_imports": [
    "java.io.IOException",
    "org.apache.http.HttpEntity",
    "org.apache.http.HttpHost",
    "org.apache.http.HttpResponse",
    "org.apache.http.client.HttpClient",
    "org.apache.http.client.methods.HttpGet",
    "org.apache.http.impl.client.DefaultHttpClient",
    "org.apache.http.util.EntityUtils"
  ],
  "correct_imports": []
}