{"status":2,"problems":[{"fileName":"Android42.java","startLocation":784,"endLocation":792,"lineNumber":26,"column":35,"message":"The type Android42 must implement the inherited abstract method DrmManagerClient.OnErrorListener.onError(DrmManagerClient, DrmErrorEvent)","problemId":67109264,"problemSeverity":"ERROR"},{"fileName":"Android42.java","startLocation":1324,"endLocation":1324,"lineNumber":46,"column":46,"message":"R cannot be resolved to a variable","problemId":33554515,"problemSeverity":"ERROR"},{"fileName":"Android42.java","startLocation":1390,"endLocation":1390,"lineNumber":48,"column":33,"message":"R cannot be resolved to a variable","problemId":33554515,"problemSeverity":"ERROR"},{"fileName":"Android42.java","startLocation":2589,"endLocation":2632,"lineNumber":110,"column":10,"message":"The method onError(MediaPlayer, int, int) of type Android42 must override or implement a supertype method","problemId":67109498,"problemSeverity":"ERROR"},{"fileName":"Android42.java","startLocation":3439,"endLocation":3456,"lineNumber":157,"column":17,"message":"The method setOnErrorListener(MediaPlayer.OnErrorListener) in the type MediaPlayer is not applicable for the arguments (Android42)","problemId":67108979,"problemSeverity":"ERROR"},{"fileName":"Android42.java","startLocation":4421,"endLocation":4427,"lineNumber":199,"column":20,"message":"URLUtil cannot be resolved","problemId":570425394,"problemSeverity":"ERROR"}],"originalContent":"package androidExamples;\n//ID = 1188346\npublic class Android42 extends Activity implements OnErrorListener, \n\nOnBufferingUpdateListener,\nOnCompletionListener, OnPreparedListener, SurfaceHolder.Callback{\n\nprivate static final String TAG = \"MediaPreview\";\n\nprivate MediaPlayer mp;\nprivate SurfaceView mPreview;\nprivate SurfaceHolder holder;\nprivate Button btnPlay;\nprivate Button btnPause;\nprivate Button btnReset;\nprivate Button btnStop;\n\nprivate String mPath;\n\n@Override\nprotected void onCreate(Bundle savedInstanceState) {\n\n    super.onCreate(savedInstanceState);\n    setContentView(R.layout.media_preview);\n\n    mPreview = (SurfaceView)findViewById(R.id.myImage);\n    btnPlay = (Button)findViewById(100);\n    btnPause = (Button)findViewById(101);\n    btnReset = (Button)findViewById(102);\n    btnStop = (Button)findViewById(103);\n\n    getPathFromParentDialog();\n\n    btnPlay.setOnClickListener(new View.OnClickListener(){\n\n        @Override\n        public void onClick(View v) {\n            playVideo();\n        }\n    });\n\n    btnPause.setOnClickListener(new View.OnClickListener(){\n\n        @Override\n        public void onClick(View v) {\n            // TODO Auto-generated method stub\n            if(mp != null){\n                mp.pause();\n            }\n        }\n    });\n\n    btnReset.setOnClickListener(new View.OnClickListener(){\n\n        @Override\n        public void onClick(View v) {\n            if(mp != null){\n                mp.seekTo(0);\n            }\n        }\n    });\n\n    btnStop.setOnClickListener(new View.OnClickListener(){\n\n        @Override\n        public void onClick(View v) {\n            if(mp != null){\n                mp.stop();\n                mp.release();\n            }\n        }\n    });\n\n    getWindow().setFormat(PixelFormat.TRANSPARENT);\n    holder = mPreview.getHolder();\n    holder.addCallback(this);\n    holder.setFixedSize(400, 300);\n}\n\n@Override\nprotected void onResume() {\n\n    setRequestedOrientation(ActivityInfo.SCREEN_ORIENTATION_LANDSCAPE);\n    super.onResume();\n}\n\n@Override\npublic boolean onError(MediaPlayer mp, int what, int extra) {\n    if(mp != null){\n        mp.stop();\n        mp.release();\n    }\n    return false;\n}\n\n@Override\npublic void onBufferingUpdate(MediaPlayer mp, int percent) {\n    // TODO Auto-generated method stub\n\n}\n\n@Override\npublic void onCompletion(MediaPlayer mp) {\n    // TODO Auto-generated method stub\n\n}\n\n@Override\npublic void onPrepared(MediaPlayer mp) {\n    // TODO Auto-generated method stub\n\n}\n\n@Override\npublic void surfaceChanged(SurfaceHolder holder, int format, int width,\n        int height) {\n    // TODO Auto-generated method stub\n\n}\n\n@Override\npublic void surfaceCreated(SurfaceHolder holder) {\n    // TODO Auto-generated method stub\n\n}\n\n@Override\npublic void surfaceDestroyed(SurfaceHolder holder) {\n    // TODO Auto-generated method stub\n\n}\n\nprivate void playVideo() {\n    try{\n        mp = new MediaPlayer();\n        mp.setOnErrorListener(this);\n        mp.setOnBufferingUpdateListener(this);\n        mp.setOnCompletionListener(this);\n        mp.setOnPreparedListener(this);\n        mp.setAudioStreamType(2);\n\n        mp.setDisplay(mPreview.getHolder());\n        Runnable r = new Runnable(){\n            @Override\n            public void run() {\n                try{\n                    setDataSource(mPath);\n                }\n                catch(Exception ex){\n                    Log.e(TAG, ex.getMessage());\n                }\n                try {\n                    mp.prepare();\n                    Log.v(TAG, \"Duration: ===> \" + mp.getDuration());\n                } catch (IllegalStateException e) {\n                    // TODO Auto-generated catch block\n                    e.printStackTrace();\n                } catch (IOException e) {\n                    // TODO Auto-generated catch block\n                    e.printStackTrace();\n                    Log.e(TAG, e.getMessage());\n                }\n                mp.start();\n            }\n\n        };\n        new Thread(r).start();\n    }\n    catch(Exception ex){\n        String sDummy = ex.toString();\n        if(mp != null){\n            mp.stop();\n            mp.release();\n        }\n    }\n\n}\n\nprivate void setDataSource(String path) throws IOException {\n    if(!URLUtil.isNetworkUrl(mPath)){\n        mp.setDataSource(mPath);\n    }\n    else{\n        URL url = new URL(mPath);\n        URLConnection cn = url.openConnection();\n        cn.connect();\n        InputStream stream = cn.getInputStream();\n        if(stream == null){\n            throw new RuntimeException(\"stream is null\");\n        }\n        File fileTemp = File.createTempFile(\"mediaplayerTmp\", \"dat\");\n        String tempPath = fileTemp.getAbsolutePath();\n        FileOutputStream out = new FileOutputStream(fileTemp);\n        byte buf[] = new byte[128];\n        do{\n            int numRead = stream.read(buf);\n            if(numRead <= 0){\n                break;\n            }\n            out.write(buf, 0, numRead);\n        }while(true);\n        mp.setDataSource(tempPath);\n        try{\n            stream.close();\n        }\n        catch(Exception ex){\n            String sDummy = ex.toString();\n        }\n    }\n}\n\nprivate void getPathFromParentDialog()\n{\n    Intent intent = getIntent();\n    mPath = intent.getExtras().getString(\"Path\");\n}\n}","updatedContent":"package androidExamples;\n\nimport android.drm.DrmManagerClient.OnErrorListener;\nimport java.io.File;\nimport android.media.MediaPlayer.OnCompletionListener;\nimport android.os.Bundle;\nimport java.net.URL;\nimport java.io.FileOutputStream;\nimport android.media.MediaPlayer.OnBufferingUpdateListener;\nimport java.net.URLConnection;\nimport android.view.SurfaceView;\nimport java.io.IOException;\nimport android.media.MediaPlayer;\nimport android.graphics.PixelFormat;\nimport android.content.Intent;\nimport android.widget.Button;\nimport android.view.View;\nimport android.media.MediaPlayer.OnPreparedListener;\nimport android.content.pm.ActivityInfo;\nimport android.app.Activity;\nimport android.view.SurfaceHolder;\nimport java.io.InputStream;\nimport android.util.Log;\n\n//ID = 1188346\npublic class Android42 extends Activity implements OnErrorListener,\n\n\t\tOnBufferingUpdateListener, OnCompletionListener, OnPreparedListener, SurfaceHolder.Callback {\n\n\tprivate static final String TAG = \"MediaPreview\";\n\n\tprivate MediaPlayer mp;\n\tprivate SurfaceView mPreview;\n\tprivate SurfaceHolder holder;\n\tprivate Button btnPlay;\n\tprivate Button btnPause;\n\tprivate Button btnReset;\n\tprivate Button btnStop;\n\n\tprivate String mPath;\n\n\t@Override\n\tprotected void onCreate(Bundle savedInstanceState) {\n\n\t\tsuper.onCreate(savedInstanceState);\n\t\tsetContentView(R.layout.media_preview);\n\n\t\tmPreview = (SurfaceView) findViewById(R.id.myImage);\n\t\tbtnPlay = (Button) findViewById(100);\n\t\tbtnPause = (Button) findViewById(101);\n\t\tbtnReset = (Button) findViewById(102);\n\t\tbtnStop = (Button) findViewById(103);\n\n\t\tgetPathFromParentDialog();\n\n\t\tbtnPlay.setOnClickListener(new View.OnClickListener() {\n\n\t\t\t@Override\n\t\t\tpublic void onClick(View v) {\n\t\t\t\tplayVideo();\n\t\t\t}\n\t\t});\n\n\t\tbtnPause.setOnClickListener(new View.OnClickListener() {\n\n\t\t\t@Override\n\t\t\tpublic void onClick(View v) {\n\t\t\t\t// TODO Auto-generated method stub\n\t\t\t\tif (mp != null) {\n\t\t\t\t\tmp.pause();\n\t\t\t\t}\n\t\t\t}\n\t\t});\n\n\t\tbtnReset.setOnClickListener(new View.OnClickListener() {\n\n\t\t\t@Override\n\t\t\tpublic void onClick(View v) {\n\t\t\t\tif (mp != null) {\n\t\t\t\t\tmp.seekTo(0);\n\t\t\t\t}\n\t\t\t}\n\t\t});\n\n\t\tbtnStop.setOnClickListener(new View.OnClickListener() {\n\n\t\t\t@Override\n\t\t\tpublic void onClick(View v) {\n\t\t\t\tif (mp != null) {\n\t\t\t\t\tmp.stop();\n\t\t\t\t\tmp.release();\n\t\t\t\t}\n\t\t\t}\n\t\t});\n\n\t\tgetWindow().setFormat(PixelFormat.TRANSPARENT);\n\t\tholder = mPreview.getHolder();\n\t\tholder.addCallback(this);\n\t\tholder.setFixedSize(400, 300);\n\t}\n\n\t@Override\n\tprotected void onResume() {\n\n\t\tsetRequestedOrientation(ActivityInfo.SCREEN_ORIENTATION_LANDSCAPE);\n\t\tsuper.onResume();\n\t}\n\n\t@Override\n\tpublic boolean onError(MediaPlayer mp, int what, int extra) {\n\t\tif (mp != null) {\n\t\t\tmp.stop();\n\t\t\tmp.release();\n\t\t}\n\t\treturn false;\n\t}\n\n\t@Override\n\tpublic void onBufferingUpdate(MediaPlayer mp, int percent) {\n\t\t// TODO Auto-generated method stub\n\n\t}\n\n\t@Override\n\tpublic void onCompletion(MediaPlayer mp) {\n\t\t// TODO Auto-generated method stub\n\n\t}\n\n\t@Override\n\tpublic void onPrepared(MediaPlayer mp) {\n\t\t// TODO Auto-generated method stub\n\n\t}\n\n\t@Override\n\tpublic void surfaceChanged(SurfaceHolder holder, int format, int width, int height) {\n\t\t// TODO Auto-generated method stub\n\n\t}\n\n\t@Override\n\tpublic void surfaceCreated(SurfaceHolder holder) {\n\t\t// TODO Auto-generated method stub\n\n\t}\n\n\t@Override\n\tpublic void surfaceDestroyed(SurfaceHolder holder) {\n\t\t// TODO Auto-generated method stub\n\n\t}\n\n\tprivate void playVideo() {\n\t\ttry {\n\t\t\tmp = new MediaPlayer();\n\t\t\tmp.setOnErrorListener(this);\n\t\t\tmp.setOnBufferingUpdateListener(this);\n\t\t\tmp.setOnCompletionListener(this);\n\t\t\tmp.setOnPreparedListener(this);\n\t\t\tmp.setAudioStreamType(2);\n\n\t\t\tmp.setDisplay(mPreview.getHolder());\n\t\t\tRunnable r = new Runnable() {\n\t\t\t\t@Override\n\t\t\t\tpublic void run() {\n\t\t\t\t\ttry {\n\t\t\t\t\t\tsetDataSource(mPath);\n\t\t\t\t\t} catch (Exception ex) {\n\t\t\t\t\t\tLog.e(TAG, ex.getMessage());\n\t\t\t\t\t}\n\t\t\t\t\ttry {\n\t\t\t\t\t\tmp.prepare();\n\t\t\t\t\t\tLog.v(TAG, \"Duration: ===> \" + mp.getDuration());\n\t\t\t\t\t} catch (IllegalStateException e) {\n\t\t\t\t\t\t// TODO Auto-generated catch block\n\t\t\t\t\t\te.printStackTrace();\n\t\t\t\t\t} catch (IOException e) {\n\t\t\t\t\t\t// TODO Auto-generated catch block\n\t\t\t\t\t\te.printStackTrace();\n\t\t\t\t\t\tLog.e(TAG, e.getMessage());\n\t\t\t\t\t}\n\t\t\t\t\tmp.start();\n\t\t\t\t}\n\n\t\t\t};\n\t\t\tnew Thread(r).start();\n\t\t} catch (Exception ex) {\n\t\t\tString sDummy = ex.toString();\n\t\t\tif (mp != null) {\n\t\t\t\tmp.stop();\n\t\t\t\tmp.release();\n\t\t\t}\n\t\t}\n\n\t}\n\n\tprivate void setDataSource(String path) throws IOException {\n\t\tif (!URLUtil.isNetworkUrl(mPath)) {\n\t\t\tmp.setDataSource(mPath);\n\t\t} else {\n\t\t\tURL url = new URL(mPath);\n\t\t\tURLConnection cn = url.openConnection();\n\t\t\tcn.connect();\n\t\t\tInputStream stream = cn.getInputStream();\n\t\t\tif (stream == null) {\n\t\t\t\tthrow new RuntimeException(\"stream is null\");\n\t\t\t}\n\t\t\tFile fileTemp = File.createTempFile(\"mediaplayerTmp\", \"dat\");\n\t\t\tString tempPath = fileTemp.getAbsolutePath();\n\t\t\tFileOutputStream out = new FileOutputStream(fileTemp);\n\t\t\tbyte buf[] = new byte[128];\n\t\t\tdo {\n\t\t\t\tint numRead = stream.read(buf);\n\t\t\t\tif (numRead <= 0) {\n\t\t\t\t\tbreak;\n\t\t\t\t}\n\t\t\t\tout.write(buf, 0, numRead);\n\t\t\t} while (true);\n\t\t\tmp.setDataSource(tempPath);\n\t\t\ttry {\n\t\t\t\tstream.close();\n\t\t\t} catch (Exception ex) {\n\t\t\t\tString sDummy = ex.toString();\n\t\t\t}\n\t\t}\n\t}\n\n\tprivate void getPathFromParentDialog() {\n\t\tIntent intent = getIntent();\n\t\tmPath = intent.getExtras().getString(\"Path\");\n\t}\n}","usedLibraries":["jar:android-13.jar:1"]}