{
  "java_file": "/home/theguy/Documents/research/snr-server/src/test/resources/snippets/so/Android13.java",
  "output_file": "StatType-Completion-output-json/Android13.java.json",
  "exit_code": 0,
  "stdout": "/home/theguy/Documents/research/snr-server/benchmark/snippet_log/Android13.java.stdout.b41c42973d704269b0acf041e974d505.txt",
  "stderr": "/home/theguy/Documents/research/snr-server/benchmark/snippet_log/Android13.java.stderr.b41c42973d704269b0acf041e974d505.txt",
  "run_time": 12333187452,
  "total_imports": [
    "java.io.ByteArrayInputStream",
    "java.io.ByteArrayOutputStream",
    "java.io.FileNotFoundException",
    "java.io.IOException",
    "android.content.ContentResolver",
    "android.graphics.Bitmap",
    "android.net.Uri",
    "android.provider.MediaStore.Images.Media"
  ],
  "correct_imports": [
    "java.io.FileNotFoundException",
    "android.content.ContentResolver",
    "java.io.ByteArrayInputStream",
    "android.graphics.Bitmap",
    "java.io.ByteArrayOutputStream",
    "android.provider.MediaStore.Images.Media",
    "java.io.IOException",
    "android.net.Uri"
  ]
}