{
  "java_file": "/home/theguy/Documents/research/snr-server/src/test/resources/snippets/so/Android18.java",
  "output_file": "StatType-Completion-output-json/Android18.java.json",
  "exit_code": 0,
  "stdout": "/home/theguy/Documents/research/snr-server/benchmark/snippet_log/Android18.java.stdout.fd1ae918f0094ded85f9d70543aa01d4.txt",
  "stderr": "/home/theguy/Documents/research/snr-server/benchmark/snippet_log/Android18.java.stderr.fd1ae918f0094ded85f9d70543aa01d4.txt",
  "run_time": 7457122717,
  "total_imports": [
    "android.app.Activity",
    "android.content.DialogInterface",
    "android.content.DialogInterface.OnClickListener",
    "android.content.Intent",
    "android.os.Bundle",
    "gen.R"
  ],
  "correct_imports": [
    "android.content.DialogInterface.OnClickListener",
    "android.os.Bundle",
    "android.content.Intent",
    "android.app.Activity",
    "android.content.DialogInterface"
  ]
}