{"status":2,"problems":[{"fileName":"Android16.java","startLocation":364,"endLocation":367,"lineNumber":15,"column":15,"message":"The value of the field Android16.xPos is not used","problemId":570425421,"problemSeverity":"WARNING"},{"fileName":"Android16.java","startLocation":399,"endLocation":401,"lineNumber":16,"column":50,"message":"The value of the field Android16.top is not used","problemId":570425421,"problemSeverity":"WARNING"},{"fileName":"Android16.java","startLocation":409,"endLocation":414,"lineNumber":16,"column":2,"message":"The value of the field Android16.bottom is not used","problemId":570425421,"problemSeverity":"WARNING"},{"fileName":"Android16.java","startLocation":422,"endLocation":425,"lineNumber":16,"column":9,"message":"The value of the field Android16.left is not used","problemId":570425421,"problemSeverity":"WARNING"},{"fileName":"Android16.java","startLocation":433,"endLocation":437,"lineNumber":16,"column":20,"message":"The value of the field Android16.right is not used","problemId":570425421,"problemSeverity":"WARNING"},{"fileName":"Android16.java","startLocation":1286,"endLocation":1291,"lineNumber":51,"column":3,"message":"Canvas cannot be resolved to a type","problemId":16777218,"problemSeverity":"ERROR"}],"originalContent":"package androidExamples;\n//ID = 631238\n\n\npublic class Android16 extends SeekBar {\n\n\n\tprivate int oHeight = 320, oWidth = 29;\n    private int oProgress = -1, oOffset = -1;;\n    private float xPos = -1, yPos = -1;\n    private int top = -1, bottom = -1, left = -1, right = -1;\n\n    public Android16(Context context) {\n            super(context);\n    }\n    public Android16(Context context, AttributeSet attrs)\n    {\n            super(context, attrs);\n            oOffset = this.getThumbOffset();\n            oProgress = this.getProgress();\n    }\n    public Android16(Context context, AttributeSet attrs, int defStyle)\n    {\n            super(context, attrs, defStyle);\n    }\n\n    protected synchronized void onMeasure(int widthMeasureSpec, int heightMeasureSpec)\n    {\n            int height = View.MeasureSpec.getSize(heightMeasureSpec);\n            oHeight = height;\n            this.setMeasuredDimension(oWidth, oHeight);\n\n    }\n    protected void onSizeChanged(int w, int h, int oldw, int oldh)\n    {\n            super.onSizeChanged(h, w, oldw, oldh);\n    }\n    protected void onLayout(boolean changed, int l, int t, int r, int b)\n    {\n            super.onLayout(changed, l, t, r, b);\n            left = l;\n            right = r;\n            top = t;\n            bottom = b;\n    }\n    protected void onDraw(Canvas c)\n    {\n            c.rotate(90);\n            c.translate(0,-29);\n            super.onDraw(c);\n    }\n    public boolean onTouchEvent(MotionEvent event)\n    {\n            xPos = event.getX();\n            yPos = event.getY();\n            float progress = (yPos-this.getTop())/(this.getBottom()-this.getTop());\n            oOffset = this.getThumbOffset();\n            oProgress = this.getProgress();\n            Log.d(\"offset\" + System.nanoTime(), new Integer(oOffset).toString());\n            Log.d(\"progress\" + System.nanoTime(), new Integer(oProgress).toString());\n\n            float offset;\n\n            offset = progress * (this.getBottom()-this.getTop());\n\n            this.setThumbOffset((int)offset);\n\n            Log.d(\"offset_postsetprogress\" + System.nanoTime(), new Integer(oOffset).toString());\n            Log.d(\"progress_postsetprogress\" + System.nanoTime(), new Integer(oProgress).toString());\n\n            this.setProgress((int)(100*event.getY()/this.getBottom()));\n            return true;\n    }\n\n\n\n}","updatedContent":"package androidExamples;\n//ID = 631238\n\nimport android.content.Context;\nimport android.util.AttributeSet;\nimport android.view.MotionEvent;\nimport android.view.View;\nimport android.widget.SeekBar;\nimport android.util.Log;\n\npublic class Android16 extends SeekBar {\n\n\tprivate int oHeight = 320, oWidth = 29;\n\tprivate int oProgress = -1, oOffset = -1;;\n\tprivate float xPos = -1, yPos = -1;\n\tprivate int top = -1, bottom = -1, left = -1, right = -1;\n\n\tpublic Android16(Context context) {\n\t\tsuper(context);\n\t}\n\n\tpublic Android16(Context context, AttributeSet attrs) {\n\t\tsuper(context, attrs);\n\t\toOffset = this.getThumbOffset();\n\t\toProgress = this.getProgress();\n\t}\n\n\tpublic Android16(Context context, AttributeSet attrs, int defStyle) {\n\t\tsuper(context, attrs, defStyle);\n\t}\n\n\tprotected synchronized void onMeasure(int widthMeasureSpec, int heightMeasureSpec) {\n\t\tint height = View.MeasureSpec.getSize(heightMeasureSpec);\n\t\toHeight = height;\n\t\tthis.setMeasuredDimension(oWidth, oHeight);\n\n\t}\n\n\tprotected void onSizeChanged(int w, int h, int oldw, int oldh) {\n\t\tsuper.onSizeChanged(h, w, oldw, oldh);\n\t}\n\n\tprotected void onLayout(boolean changed, int l, int t, int r, int b) {\n\t\tsuper.onLayout(changed, l, t, r, b);\n\t\tleft = l;\n\t\tright = r;\n\t\ttop = t;\n\t\tbottom = b;\n\t}\n\n\tprotected void onDraw(Canvas c) {\n\t\tc.rotate(90);\n\t\tc.translate(0, -29);\n\t\tsuper.onDraw(c);\n\t}\n\n\tpublic boolean onTouchEvent(MotionEvent event) {\n\t\txPos = event.getX();\n\t\tyPos = event.getY();\n\t\tfloat progress = (yPos - this.getTop()) / (this.getBottom() - this.getTop());\n\t\toOffset = this.getThumbOffset();\n\t\toProgress = this.getProgress();\n\t\tLog.d(\"offset\" + System.nanoTime(), new Integer(oOffset).toString());\n\t\tLog.d(\"progress\" + System.nanoTime(), new Integer(oProgress).toString());\n\n\t\tfloat offset;\n\n\t\toffset = progress * (this.getBottom() - this.getTop());\n\n\t\tthis.setThumbOffset((int) offset);\n\n\t\tLog.d(\"offset_postsetprogress\" + System.nanoTime(), new Integer(oOffset).toString());\n\t\tLog.d(\"progress_postsetprogress\" + System.nanoTime(), new Integer(oProgress).toString());\n\n\t\tthis.setProgress((int) (100 * event.getY() / this.getBottom()));\n\t\treturn true;\n\t}\n\n}","usedLibraries":["jar:android-13.jar:1"]}