{"status":0,"problems":[],"originalContent":"package androidExamples;\n//ID = 549451\n\npublic class Android12 extends Activity {\n\t /** Called when the activity is first created. */\n\t @Override\n\t public void onCreate(Bundle savedInstanceState) {\n\t  super.onCreate(savedInstanceState);\n\t  LinearLayout l = new LinearLayout(this);\n\t  LinearLayout.LayoutParams lp = new LinearLayout.LayoutParams(\n\t    LinearLayout.LayoutParams.FILL_PARENT,\n\t    LinearLayout.LayoutParams.WRAP_CONTENT);\n\t  LinearLayout.LayoutParams mlp = new LinearLayout.LayoutParams(\n\t    new ViewGroup.MarginLayoutParams(\n\t      LinearLayout.LayoutParams.WRAP_CONTENT,\n\t      LinearLayout.LayoutParams.WRAP_CONTENT));\n\t  mlp.setMargins(0, 0, 2, 0);\n\n\t  for (int i = 0; i < 10; i++) {\n\t   TextView t = new TextView(this);\n\t   t.setText(\"Hello\");\n\t   t.setBackgroundColor(Color.RED);\n\t   t.setSingleLine(true);\n\t   l.addView(t, mlp);\n\t  }\n\n\t  setContentView(l, lp);\n\t }\n\t}","updatedContent":"package androidExamples;\n//ID = 549451\n\nimport android.widget.LinearLayout;\nimport android.view.ViewGroup;\nimport android.graphics.Color;\nimport android.os.Bundle;\nimport android.widget.TextView;\nimport android.app.Activity;\n\npublic class Android12 extends Activity {\n\t/** Called when the activity is first created. */\n\t@Override\n\tpublic void onCreate(Bundle savedInstanceState) {\n\t\tsuper.onCreate(savedInstanceState);\n\t\tLinearLayout l = new LinearLayout(this);\n\t\tLinearLayout.LayoutParams lp = new LinearLayout.LayoutParams(LinearLayout.LayoutParams.FILL_PARENT,\n\t\t\t\tLinearLayout.LayoutParams.WRAP_CONTENT);\n\t\tLinearLayout.LayoutParams mlp = new LinearLayout.LayoutParams(new ViewGroup.MarginLayoutParams(\n\t\t\t\tLinearLayout.LayoutParams.WRAP_CONTENT, LinearLayout.LayoutParams.WRAP_CONTENT));\n\t\tmlp.setMargins(0, 0, 2, 0);\n\n\t\tfor (int i = 0; i < 10; i++) {\n\t\t\tTextView t = new TextView(this);\n\t\t\tt.setText(\"Hello\");\n\t\t\tt.setBackgroundColor(Color.RED);\n\t\t\tt.setSingleLine(true);\n\t\t\tl.addView(t, mlp);\n\t\t}\n\n\t\tsetContentView(l, lp);\n\t}\n}","usedLibraries":["jar:android-13.jar:1"]}