{"status":2,"problems":[{"fileName":"ChildActivity.java","startLocation":236,"endLocation":244,"lineNumber":10,"column":6,"message":"The public type Android18 must be defined in its own file","problemId":16777541,"problemSeverity":"ERROR"},{"fileName":"ChildActivity.java","startLocation":460,"endLocation":460,"lineNumber":15,"column":42,"message":"R cannot be resolved to a variable","problemId":33554515,"problemSeverity":"ERROR"},{"fileName":"ChildActivity.java","startLocation":850,"endLocation":850,"lineNumber":32,"column":-1,"message":"R cannot be resolved to a variable","problemId":33554515,"problemSeverity":"ERROR"}],"originalContent":"package androidExamples;\n//ID = 724419\npublic class Android18 extends Activity implements OnClickListener {\n    /** Called when the activity is first created. */\n    @Override\n    public void onCreate(Bundle savedInstanceState) {\n     super.onCreate(savedInstanceState);\n     setContentView(R.layout.main);\n     this.setTitle(\"MainActivity\");\n    }\n\n\n\n\t@Override\n\tpublic void onClick(DialogInterface arg0, int arg1) {\n\t     startActivity(new Intent(this, ChildActivity.class));\n\t\t\n\t}\n\n}\n\nclass ChildActivity extends Activity {\n    /** Called when the activity is first created. */\n    @Override\n    public void onCreate(Bundle savedInstanceState) {\n     super.onCreate(savedInstanceState);\n     setContentView(R.layout.main2);\n     this.setTitle(\"ChildActivity\");\n\n    }\n\n}","updatedContent":"package androidExamples;\n\nimport android.content.DialogInterface.OnClickListener;\nimport android.os.Bundle;\nimport android.content.Intent;\nimport android.app.Activity;\nimport android.content.DialogInterface;\n\n//ID = 724419\npublic class Android18 extends Activity implements OnClickListener {\n\t/** Called when the activity is first created. */\n\t@Override\n\tpublic void onCreate(Bundle savedInstanceState) {\n\t\tsuper.onCreate(savedInstanceState);\n\t\tsetContentView(R.layout.main);\n\t\tthis.setTitle(\"MainActivity\");\n\t}\n\n\t@Override\n\tpublic void onClick(DialogInterface arg0, int arg1) {\n\t\tstartActivity(new Intent(this, ChildActivity.class));\n\n\t}\n\n}\n\nclass ChildActivity extends Activity {\n\t/** Called when the activity is first created. */\n\t@Override\n\tpublic void onCreate(Bundle savedInstanceState) {\n\t\tsuper.onCreate(savedInstanceState);\n\t\tsetContentView(R.layout.main2);\n\t\tthis.setTitle(\"ChildActivity\");\n\n\t}\n\n}","usedLibraries":["jar:android-13.jar:1"]}