{
  "java_file": "/home/theguy/Documents/research/snr-server/src/test/resources/snippets/so/Android33.java",
  "output_file": "StatType-Completion-output-json/Android33.java.json",
  "exit_code": 0,
  "stdout": "/home/theguy/Documents/research/snr-server/benchmark/snippet_log/Android33.java.stdout.092e39cacbd54d5ba9a808c77f4b229e.txt",
  "stderr": "/home/theguy/Documents/research/snr-server/benchmark/snippet_log/Android33.java.stderr.092e39cacbd54d5ba9a808c77f4b229e.txt",
  "run_time": 7720070105,
  "total_imports": [
    "java.io.IOException",
    "android.content.Context",
    "android.graphics.PixelFormat",
    "android.hardware.Camera",
    "android.hardware.Camera.Parameters",
    "android.view.SurfaceHolder"
  ],
  "correct_imports": [
    "android.content.Context",
    "android.hardware.Camera",
    "android.hardware.Camera.Parameters",
    "java.io.IOException",
    "android.view.SurfaceHolder",
    "android.graphics.PixelFormat"
  ]
}