{"status":2,"problems":[{"fileName":"Android22.java","startLocation":267,"endLocation":298,"lineNumber":10,"column":34,"message":"The type Contacts.People is deprecated","problemId":16777221,"problemSeverity":"WARNING"},{"fileName":"Android22.java","startLocation":830,"endLocation":835,"lineNumber":28,"column":37,"message":"The type Contacts.People is deprecated","problemId":16777221,"problemSeverity":"WARNING"},{"fileName":"Android22.java","startLocation":837,"endLocation":847,"lineNumber":28,"column":6,"message":"The field Contacts.People.CONTENT_URI is deprecated","problemId":33554505,"problemSeverity":"WARNING"},{"fileName":"Android22.java","startLocation":938,"endLocation":943,"lineNumber":31,"column":13,"message":"The type Contacts.People is deprecated","problemId":16777221,"problemSeverity":"WARNING"},{"fileName":"Android22.java","startLocation":945,"endLocation":948,"lineNumber":31,"column":20,"message":"The field Contacts.PeopleColumns.NAME is deprecated","problemId":33554505,"problemSeverity":"WARNING"},{"fileName":"Android22.java","startLocation":981,"endLocation":981,"lineNumber":32,"column":4,"message":"R cannot be resolved to a variable","problemId":33554515,"problemSeverity":"ERROR"},{"fileName":"Android22.java","startLocation":1037,"endLocation":1037,"lineNumber":34,"column":4,"message":"R cannot be resolved to a variable","problemId":33554515,"problemSeverity":"ERROR"},{"fileName":"Android22.java","startLocation":1391,"endLocation":1396,"lineNumber":44,"column":-1,"message":"The type Contacts.People is deprecated","problemId":16777221,"problemSeverity":"WARNING"},{"fileName":"Android22.java","startLocation":1398,"endLocation":1401,"lineNumber":44,"column":-1,"message":"The field Contacts.PeopleColumns.NAME is deprecated","problemId":33554505,"problemSeverity":"WARNING"}],"originalContent":"package androidExamples;\n//ID = 866769\n\npublic class Android22 extends ListActivity {\n\n    private ListAdapter mAdapter;\n    public TextView pbContact;\n    public static String PBCONTACT;\n    public static final int ACTIVITY_EDIT=1;\n    private static final int ACTIVITY_CREATE=0;\n\n    // Called when the activity is first created. \n    @Override\n    public void onCreate(Bundle icicle) {\n        super.onCreate(icicle);\n        Cursor C = getContentResolver().query(People.CONTENT_URI, null, null, null, null);\n        startManagingCursor(C);\n\n        String[] columns = new String[] {People.NAME};\n        int[] names = new int[] {R.id.lay};\n\n        mAdapter = new SimpleCursorAdapter(this, R.layout.mycontacts, C, columns, names);\n        setListAdapter(mAdapter);\n    } // end onCreate()\n    // Called when contact is pressed\n    @Override\n    protected void onListItemClick(ListView l, View v, int position, long id) {\n        super.onListItemClick(l, v, position, id);\n\n        Cursor C = (Cursor) mAdapter.getItem(position);\n        PBCONTACT = C.getString(C.getColumnIndex(People.NAME));\n\n        // RHS 05/06\n        //pbContact = (TextView) findViewById(R.id.myContact);\n        //pbContact.setText(new StringBuilder().append(\"b\"));\n\n        Intent i = new Intent(this, Note.class);\n        startActivityForResult(i, ACTIVITY_CREATE);\n    }\n}","updatedContent":"package androidExamples;\n//ID = 866769\n\nimport android.app.ListActivity;\nimport android.widget.TextView;\nimport android.os.Bundle;\nimport android.provider.ContactsContract.CommonDataKinds.Note;\nimport android.content.Intent;\nimport android.widget.ListAdapter;\nimport android.provider.Contacts.People;\nimport android.widget.ListView;\nimport android.view.View;\nimport android.database.Cursor;\nimport android.widget.SimpleCursorAdapter;\n\npublic class Android22 extends ListActivity {\n\n\tprivate ListAdapter mAdapter;\n\tpublic TextView pbContact;\n\tpublic static String PBCONTACT;\n\tpublic static final int ACTIVITY_EDIT = 1;\n\tprivate static final int ACTIVITY_CREATE = 0;\n\n\t// Called when the activity is first created. \n\t@Override\n\tpublic void onCreate(Bundle icicle) {\n\t\tsuper.onCreate(icicle);\n\t\tCursor C = getContentResolver().query(People.CONTENT_URI, null, null, null, null);\n\t\tstartManagingCursor(C);\n\n\t\tString[] columns = new String[] { People.NAME };\n\t\tint[] names = new int[] { R.id.lay };\n\n\t\tmAdapter = new SimpleCursorAdapter(this, R.layout.mycontacts, C, columns, names);\n\t\tsetListAdapter(mAdapter);\n\t} // end onCreate()\n\t\t// Called when contact is pressed\n\n\t@Override\n\tprotected void onListItemClick(ListView l, View v, int position, long id) {\n\t\tsuper.onListItemClick(l, v, position, id);\n\n\t\tCursor C = (Cursor) mAdapter.getItem(position);\n\t\tPBCONTACT = C.getString(C.getColumnIndex(People.NAME));\n\n\t\t// RHS 05/06\n\t\t//pbContact = (TextView) findViewById(R.id.myContact);\n\t\t//pbContact.setText(new StringBuilder().append(\"b\"));\n\n\t\tIntent i = new Intent(this, Note.class);\n\t\tstartActivityForResult(i, ACTIVITY_CREATE);\n\t}\n}","usedLibraries":["jar:android-13.jar:1"]}