{"status":2,"problems":[{"fileName":"Android38.java","startLocation":3749,"endLocation":3787,"lineNumber":136,"column":36,"message":"The method getResponseOrig(HttpURLConnection) from the type Android38 is never used locally","problemId":603979894,"problemSeverity":"WARNING"},{"fileName":"Android38.java","startLocation":3749,"endLocation":3787,"lineNumber":136,"column":36,"message":"SANITY CHECK: Invalid opcode -88 at pc 1,262 for stackmap table attribute for method getResponseOrig(HttpURLConnection)","problemId":0,"problemSeverity":"ERROR"},{"fileName":"Android38.java","startLocation":6583,"endLocation":6588,"lineNumber":226,"column":7,"message":"The method printf(String, Object[]) in the type PrintStream is not applicable for the arguments (String)","problemId":67108979,"problemSeverity":"ERROR"}],"originalContent":"package androidExamples;\n//ID = 1118447\n\npublic class Android38\n{\n    static String serviceDomain = \"http://staging.abaqus.net\";\n    static String postUrl = serviceDomain + \"/geo/upl/wupload/pictures\";\n    static String CRLF = \"\\r\\n\"; \n    static String twoHyphens = \"--\"; \n    static String boundary = \"*****mgd*****\"; \n\n    private String name = null;\n    private String password = null;\n    private DataOutputStream dataStream = null;\n\n    enum ReturnCode { noPicture, unknown, http201, http400, http401, http403, http404, http500};\n\n    public Android38(String name, String password) \n    {\n        this.name = name;\n        this.password = password;\n    }\n\n    public static void setServiceDomain(String domainName)\n    {\n        serviceDomain = domainName;\n    }\n\n    public static String getServiceDomain()\n    {\n        return serviceDomain;\n    }\n\n    public ReturnCode uploadPicture(String pictureFileName)\n    {\n        File uploadFile = new File(pictureFileName); \n\n        if (uploadFile.exists())\n            try \n            { \n                FileInputStream fileInputStream = new FileInputStream(uploadFile); \n                URL connectURL = new URL(postUrl);\n                HttpURLConnection conn = (HttpURLConnection)connectURL.openConnection(); \n\n                conn.setDoInput(true); \n                conn.setDoOutput(true); \n                conn.setUseCaches(false); \n                conn.setRequestMethod(\"POST\"); \n\n                conn.setRequestProperty(\"User-Agent\", \"myGeodiary-V1\");\n                conn.setRequestProperty(\"Connection\",\"Keep-Alive\"); \n                conn.setRequestProperty(\"Content-Type\",\"multipart/form-data;boundary=\"+boundary); \n\n                conn.connect();\n\n                dataStream = new DataOutputStream(conn.getOutputStream()); \n\n                writeFormField(\"login\", name);\n                writeFormField(\"password\", password);\n                writeFileField(\"photo1\", pictureFileName, \"image/jpg\", fileInputStream);\n\n                // final closing boundary line\n                dataStream.writeBytes(twoHyphens + boundary + twoHyphens + CRLF); \n\n                fileInputStream.close(); \n                dataStream.flush(); \n                dataStream.close();\n                dataStream = null;\n\n                String response = getResponse(conn);\n                conn.getResponseCode();\n\n                if (response.contains(\"uploaded successfully\"))\n                    return ReturnCode.http201;\n                else \n                    // for now assume bad name/password\n                    return ReturnCode.http401; \n            } \n            catch (MalformedURLException mue) { \n                // Log.e(Tag, \"error: \" + mue.getMessage(), mue); \n                System.out.println(\"GeoPictureUploader.uploadPicture: Malformed URL: \" + mue.getMessage());\n                return ReturnCode.http400;\n            } \n            catch (IOException ioe) { \n                // Log.e(Tag, \"error: \" + ioe.getMessage(), ioe); \n                System.out.println(\"GeoPictureUploader.uploadPicture: IOE: \" + ioe.getMessage());\n                return ReturnCode.http500;\n            } \n            catch (Exception e) { \n                // Log.e(Tag, \"error: \" + ioe.getMessage(), ioe); \n                System.out.println(\"GeoPictureUploader.uploadPicture: unknown: \" + e.getMessage());\n                return ReturnCode.unknown;\n            } \n        else \n        {\n            return ReturnCode.noPicture;  \n        }\n    }\n\n    /**\n     * @param conn\n     * @return\n     */\n    private String getResponse(HttpURLConnection conn)\n    {\n        try \n        {\n            DataInputStream dis = new DataInputStream(conn.getInputStream()); \n            byte []        data = new byte[1024];\n            int             len = dis.read(data, 0, 1024);\n\n            dis.close();\n            conn.getResponseCode();\n\n            if (len > 0)\n                return new String(data, 0, len);\n            else\n                return \"\";\n        }\n        catch(Exception e)\n        {\n            System.out.println(\"GeoPictureUploader: biffed it getting HTTPResponse\");\n            //Log.e(TAG, \"GeoPictureUploader: biffed it getting HTTPResponse\");\n            return \"\";\n        }\n    }\n\n    /**\n     *  this mode of reading response no good either\n     */\n    private String getResponseOrig(HttpURLConnection conn)\n    {\n        InputStream is = null;\n        try \n        {\n            is = conn.getInputStream(); \n            // scoop up the reply from the server\n            int ch; \n            StringBuffer sb = new StringBuffer(); \n            while( ( ch = is.read() ) != -1 ) { \n                sb.append( (char)ch ); \n            } \n            return sb.toString();   \n        }\n        catch(Exception e)\n        {\n            System.out.println(\"GeoPictureUploader: biffed it getting HTTPResponse\");\n            //Log.e(TAG, \"GeoPictureUploader: biffed it getting HTTPResponse\");\n        }\n        finally \n        {\n            try {\n            if (is != null)\n                is.close();\n            } catch (Exception e) {}\n        }\n\n        return \"\";\n    }\n\n    /**\n     * write one form field to dataSream\n     * @param fieldName\n     * @param fieldValue\n     */\n    private void writeFormField(String fieldName, String fieldValue)\n    {\n        try\n        {\n            dataStream.writeBytes(twoHyphens + boundary + CRLF);    \n            dataStream.writeBytes(\"Content-Disposition: form-data; name=\\\"\" + fieldName + \"\\\"\" + CRLF);\n            dataStream.writeBytes(CRLF);\n            dataStream.writeBytes(fieldValue);\n            dataStream.writeBytes(CRLF);\n        }\n        catch(Exception e)\n        {\n            System.out.println(\"GeoPictureUploader.writeFormField: got: \" + e.getMessage());\n            //Log.e(TAG, \"GeoPictureUploader.writeFormField: got: \" + e.getMessage());\n        }\n    }\n\n    /**\n     * write one file field to dataSream\n     * @param fieldName - name of file field\n     * @param fieldValue - file name\n     * @param type - mime type\n     * @param fileInputStream - stream of bytes that get sent up\n     */\n    private void writeFileField(\n        String fieldName,\n        String fieldValue,\n        String type,\n        FileInputStream fis)\n    {\n        try\n        {\n            // opening boundary line\n            dataStream.writeBytes(twoHyphens + boundary + CRLF);    \n            dataStream.writeBytes(\"Content-Disposition: form-data; name=\\\"\"\n                                  + fieldName\n                                  + \"\\\";filename=\\\"\" \n                                  + fieldValue\n                                  + \"\\\"\" \n                                  + CRLF);\n            dataStream.writeBytes(\"Content-Type: \" + type +  CRLF);\n            dataStream.writeBytes(CRLF); \n\n            // create a buffer of maximum size \n            int bytesAvailable = fis.available(); \n            int maxBufferSize = 1024; \n            int bufferSize = Math.min(bytesAvailable, maxBufferSize); \n            byte[] buffer = new byte[bufferSize]; \n            // read file and write it into form... \n            int bytesRead = fis.read(buffer, 0, bufferSize); \n            while (bytesRead > 0) \n            { \n                dataStream.write(buffer, 0, bufferSize); \n                bytesAvailable = fis.available(); \n                bufferSize = Math.min(bytesAvailable, maxBufferSize); \n                bytesRead = fis.read(buffer, 0, bufferSize); \n            } \n\n            // closing CRLF\n            dataStream.writeBytes(CRLF);\n        }\n        catch(Exception e)\n        {\n            System.out.println(\"GeoPictureUploader.writeFormField: got: \" + e.getMessage());\n            //Log.e(TAG, \"GeoPictureUploader.writeFormField: got: \" + e.getMessage());\n        }\n    }\n\n\n    /**\n     * @param args\n     */\n    public static void main(String[] args)\n    {\n        if (args.length >= 0)\n        {\n            Android38 gpu = new Android38(\"john\", \"notmyrealpassword\");\n            String picName = args[0];\n\n            gpu.uploadPicture(picName);\n            System.out.printf(\"done\");\n        }\n    }\n\n}","updatedContent":"package androidExamples;\n//ID = 1118447\n\nimport java.io.File;\nimport java.io.DataOutputStream;\nimport java.net.URL;\nimport java.net.MalformedURLException;\nimport java.io.DataInputStream;\nimport java.io.FileInputStream;\nimport java.io.IOException;\nimport java.io.InputStream;\nimport java.net.HttpURLConnection;\n\npublic class Android38 {\n\tstatic String serviceDomain = \"http://staging.abaqus.net\";\n\tstatic String postUrl = serviceDomain + \"/geo/upl/wupload/pictures\";\n\tstatic String CRLF = \"\\r\\n\";\n\tstatic String twoHyphens = \"--\";\n\tstatic String boundary = \"*****mgd*****\";\n\n\tprivate String name = null;\n\tprivate String password = null;\n\tprivate DataOutputStream dataStream = null;\n\n\tenum ReturnCode {\n\t\t\t\t\t\tnoPicture,\n\t\t\t\t\t\tunknown,\n\t\t\t\t\t\thttp201,\n\t\t\t\t\t\thttp400,\n\t\t\t\t\t\thttp401,\n\t\t\t\t\t\thttp403,\n\t\t\t\t\t\thttp404,\n\t\t\t\t\t\thttp500\n\t};\n\n\tpublic Android38(String name, String password) {\n\t\tthis.name = name;\n\t\tthis.password = password;\n\t}\n\n\tpublic static void setServiceDomain(String domainName) {\n\t\tserviceDomain = domainName;\n\t}\n\n\tpublic static String getServiceDomain() {\n\t\treturn serviceDomain;\n\t}\n\n\tpublic ReturnCode uploadPicture(String pictureFileName) {\n\t\tFile uploadFile = new File(pictureFileName);\n\n\t\tif (uploadFile.exists())\n\t\t\ttry {\n\t\t\t\tFileInputStream fileInputStream = new FileInputStream(uploadFile);\n\t\t\t\tURL connectURL = new URL(postUrl);\n\t\t\t\tHttpURLConnection conn = (HttpURLConnection) connectURL.openConnection();\n\n\t\t\t\tconn.setDoInput(true);\n\t\t\t\tconn.setDoOutput(true);\n\t\t\t\tconn.setUseCaches(false);\n\t\t\t\tconn.setRequestMethod(\"POST\");\n\n\t\t\t\tconn.setRequestProperty(\"User-Agent\", \"myGeodiary-V1\");\n\t\t\t\tconn.setRequestProperty(\"Connection\", \"Keep-Alive\");\n\t\t\t\tconn.setRequestProperty(\"Content-Type\", \"multipart/form-data;boundary=\" + boundary);\n\n\t\t\t\tconn.connect();\n\n\t\t\t\tdataStream = new DataOutputStream(conn.getOutputStream());\n\n\t\t\t\twriteFormField(\"login\", name);\n\t\t\t\twriteFormField(\"password\", password);\n\t\t\t\twriteFileField(\"photo1\", pictureFileName, \"image/jpg\", fileInputStream);\n\n\t\t\t\t// final closing boundary line\n\t\t\t\tdataStream.writeBytes(twoHyphens + boundary + twoHyphens + CRLF);\n\n\t\t\t\tfileInputStream.close();\n\t\t\t\tdataStream.flush();\n\t\t\t\tdataStream.close();\n\t\t\t\tdataStream = null;\n\n\t\t\t\tString response = getResponse(conn);\n\t\t\t\tconn.getResponseCode();\n\n\t\t\t\tif (response.contains(\"uploaded successfully\"))\n\t\t\t\t\treturn ReturnCode.http201;\n\t\t\t\telse\n\t\t\t\t\t// for now assume bad name/password\n\t\t\t\t\treturn ReturnCode.http401;\n\t\t\t} catch (MalformedURLException mue) {\n\t\t\t\t// Log.e(Tag, \"error: \" + mue.getMessage(), mue); \n\t\t\t\tSystem.out.println(\"GeoPictureUploader.uploadPicture: Malformed URL: \" + mue.getMessage());\n\t\t\t\treturn ReturnCode.http400;\n\t\t\t} catch (IOException ioe) {\n\t\t\t\t// Log.e(Tag, \"error: \" + ioe.getMessage(), ioe); \n\t\t\t\tSystem.out.println(\"GeoPictureUploader.uploadPicture: IOE: \" + ioe.getMessage());\n\t\t\t\treturn ReturnCode.http500;\n\t\t\t} catch (Exception e) {\n\t\t\t\t// Log.e(Tag, \"error: \" + ioe.getMessage(), ioe); \n\t\t\t\tSystem.out.println(\"GeoPictureUploader.uploadPicture: unknown: \" + e.getMessage());\n\t\t\t\treturn ReturnCode.unknown;\n\t\t\t}\n\t\telse {\n\t\t\treturn ReturnCode.noPicture;\n\t\t}\n\t}\n\n\t/**\n\t * @param conn\n\t * @return\n\t */\n\tprivate String getResponse(HttpURLConnection conn) {\n\t\ttry {\n\t\t\tDataInputStream dis = new DataInputStream(conn.getInputStream());\n\t\t\tbyte[] data = new byte[1024];\n\t\t\tint len = dis.read(data, 0, 1024);\n\n\t\t\tdis.close();\n\t\t\tconn.getResponseCode();\n\n\t\t\tif (len > 0)\n\t\t\t\treturn new String(data, 0, len);\n\t\t\telse\n\t\t\t\treturn \"\";\n\t\t} catch (Exception e) {\n\t\t\tSystem.out.println(\"GeoPictureUploader: biffed it getting HTTPResponse\");\n\t\t\t//Log.e(TAG, \"GeoPictureUploader: biffed it getting HTTPResponse\");\n\t\t\treturn \"\";\n\t\t}\n\t}\n\n\t/**\n\t *  this mode of reading response no good either\n\t */\n\tprivate String getResponseOrig(HttpURLConnection conn) {\n\t\tInputStream is = null;\n\t\ttry {\n\t\t\tis = conn.getInputStream();\n\t\t\t// scoop up the reply from the server\n\t\t\tint ch;\n\t\t\tStringBuffer sb = new StringBuffer();\n\t\t\twhile ((ch = is.read()) != -1) {\n\t\t\t\tsb.append((char) ch);\n\t\t\t}\n\t\t\treturn sb.toString();\n\t\t} catch (Exception e) {\n\t\t\tSystem.out.println(\"GeoPictureUploader: biffed it getting HTTPResponse\");\n\t\t\t//Log.e(TAG, \"GeoPictureUploader: biffed it getting HTTPResponse\");\n\t\t} finally {\n\t\t\ttry {\n\t\t\t\tif (is != null)\n\t\t\t\t\tis.close();\n\t\t\t} catch (Exception e) {\n\t\t\t}\n\t\t}\n\n\t\treturn \"\";\n\t}\n\n\t/**\n\t * write one form field to dataSream\n\t * @param fieldName\n\t * @param fieldValue\n\t */\n\tprivate void writeFormField(String fieldName, String fieldValue) {\n\t\ttry {\n\t\t\tdataStream.writeBytes(twoHyphens + boundary + CRLF);\n\t\t\tdataStream.writeBytes(\"Content-Disposition: form-data; name=\\\"\" + fieldName + \"\\\"\" + CRLF);\n\t\t\tdataStream.writeBytes(CRLF);\n\t\t\tdataStream.writeBytes(fieldValue);\n\t\t\tdataStream.writeBytes(CRLF);\n\t\t} catch (Exception e) {\n\t\t\tSystem.out.println(\"GeoPictureUploader.writeFormField: got: \" + e.getMessage());\n\t\t\t//Log.e(TAG, \"GeoPictureUploader.writeFormField: got: \" + e.getMessage());\n\t\t}\n\t}\n\n\t/**\n\t * write one file field to dataSream\n\t * @param fieldName - name of file field\n\t * @param fieldValue - file name\n\t * @param type - mime type\n\t * @param fileInputStream - stream of bytes that get sent up\n\t */\n\tprivate void writeFileField(String fieldName, String fieldValue, String type, FileInputStream fis) {\n\t\ttry {\n\t\t\t// opening boundary line\n\t\t\tdataStream.writeBytes(twoHyphens + boundary + CRLF);\n\t\t\tdataStream.writeBytes(\"Content-Disposition: form-data; name=\\\"\" + fieldName + \"\\\";filename=\\\"\" + fieldValue\n\t\t\t\t\t+ \"\\\"\" + CRLF);\n\t\t\tdataStream.writeBytes(\"Content-Type: \" + type + CRLF);\n\t\t\tdataStream.writeBytes(CRLF);\n\n\t\t\t// create a buffer of maximum size \n\t\t\tint bytesAvailable = fis.available();\n\t\t\tint maxBufferSize = 1024;\n\t\t\tint bufferSize = Math.min(bytesAvailable, maxBufferSize);\n\t\t\tbyte[] buffer = new byte[bufferSize];\n\t\t\t// read file and write it into form... \n\t\t\tint bytesRead = fis.read(buffer, 0, bufferSize);\n\t\t\twhile (bytesRead > 0) {\n\t\t\t\tdataStream.write(buffer, 0, bufferSize);\n\t\t\t\tbytesAvailable = fis.available();\n\t\t\t\tbufferSize = Math.min(bytesAvailable, maxBufferSize);\n\t\t\t\tbytesRead = fis.read(buffer, 0, bufferSize);\n\t\t\t}\n\n\t\t\t// closing CRLF\n\t\t\tdataStream.writeBytes(CRLF);\n\t\t} catch (Exception e) {\n\t\t\tSystem.out.println(\"GeoPictureUploader.writeFormField: got: \" + e.getMessage());\n\t\t\t//Log.e(TAG, \"GeoPictureUploader.writeFormField: got: \" + e.getMessage());\n\t\t}\n\t}\n\n\t/**\n\t * @param args\n\t */\n\tpublic static void main(String[] args) {\n\t\tif (args.length >= 0) {\n\t\t\tAndroid38 gpu = new Android38(\"john\", \"notmyrealpassword\");\n\t\t\tString picName = args[0];\n\n\t\t\tgpu.uploadPicture(picName);\n\t\t\tSystem.out.printf(\"done\");\n\t\t}\n\t}\n\n}","usedLibraries":["jar:android-13.jar:1"]}