{
  "java_file": "/home/theguy/Documents/research/snr-server/src/test/resources/snippets/so/Android29.java",
  "output_file": "StatType-Completion-output-json/Android29.java.json",
  "exit_code": 0,
  "stdout": "/home/theguy/Documents/research/snr-server/benchmark/snippet_log/Android29.java.stdout.89675393dbb24136a266da7977d066a6.txt",
  "stderr": "/home/theguy/Documents/research/snr-server/benchmark/snippet_log/Android29.java.stderr.89675393dbb24136a266da7977d066a6.txt",
  "run_time": 7538495950,
  "total_imports": [
    "android.app.Service",
    "android.content.Context",
    "android.content.Intent",
    "android.os.IBinder",
    "android.os.PowerManager",
    "android.os.PowerManager.WakeLock"
  ],
  "correct_imports": [
    "android.content.Context",
    "android.os.IBinder",
    "android.os.PowerManager",
    "android.content.Intent",
    "android.app.Service"
  ]
}