{
  "java_file": "/home/theguy/Documents/research/snr-server/src/test/resources/snippets/so/Class_20.java",
  "output_file": "StatType-Completion-output-json/Class_20.java.json",
  "exit_code": 0,
  "stdout": "/home/theguy/Documents/research/snr-server/benchmark/snippet_log/Class_20.java.stdout.beff622a8ffb4dae85628aa98fc4cfc1.txt",
  "stderr": "/home/theguy/Documents/research/snr-server/benchmark/snippet_log/Class_20.java.stderr.beff622a8ffb4dae85628aa98fc4cfc1.txt",
  "run_time": 38964049370,
  "total_imports": [
    "java.io.BufferedInputStream",
    "java.io.BufferedOutputStream",
    "java.io.DataInputStream",
    "java.io.DataOutputStream",
    "java.io.File",
    "java.io.FileInputStream",
    "java.io.FileOutputStream",
    "java.io.IOException",
    "java.util.ArrayList"
  ],
  "correct_imports": [
    "java.io.File",
    "java.io.BufferedInputStream",
    "java.io.DataOutputStream",
    "java.io.DataInputStream",
    "java.io.BufferedOutputStream",
    "java.io.FileOutputStream",
    "java.io.FileInputStream",
    "java.io.IOException",
    "java.util.ArrayList"
  ]
}