{
  "java_file": "/home/theguy/Documents/research/snr-server/src/test/resources/snippets/so/Class_7.java",
  "output_file": "StatType-Completion-output-json/Class_7.java.json",
  "exit_code": 0,
  "stdout": "/home/theguy/Documents/research/snr-server/benchmark/snippet_log/Class_7.java.stdout.2b0a12eee3604e56b98b35bf678fe559.txt",
  "stderr": "/home/theguy/Documents/research/snr-server/benchmark/snippet_log/Class_7.java.stderr.2b0a12eee3604e56b98b35bf678fe559.txt",
  "run_time": 23862937054,
  "total_imports": [
    "java.text.ParseException",
    "java.text.SimpleDateFormat",
    "java.util.ArrayList",
    "java.util.Collections",
    "java.util.Comparator",
    "java.util.Date"
  ],
  "correct_imports": [
    "java.util.Collections",
    "java.text.SimpleDateFormat",
    "java.util.ArrayList",
    "java.util.Comparator"
  ]
}