{
  "java_file": "/home/theguy/Documents/research/snr-server/src/test/resources/snippets/so/Class_6.java",
  "output_file": "StatType-Completion-output-json/Class_6.java.json",
  "exit_code": 0,
  "stdout": "/home/theguy/Documents/research/snr-server/benchmark/snippet_log/Class_6.java.stdout.633c3386de0b401295d4a060def4ebcd.txt",
  "stderr": "/home/theguy/Documents/research/snr-server/benchmark/snippet_log/Class_6.java.stderr.633c3386de0b401295d4a060def4ebcd.txt",
  "run_time": 2627446176,
  "total_imports": [
    "java.awt.BorderLayout",
    "java.awt.Color",
    "java.awt.Component",
    "java.awt.EventQueue",
    "java.awt.Graphics",
    "java.awt.Graphics2D",
    "java.awt.RenderingHints",
    "java.awt.event.ActionEvent",
    "java.awt.event.ActionListener",
    "java.util.Observable",
    "java.util.Observer",
    "java.util.Random",
    "javax.swing.Icon",
    "javax.swing.JButton",
    "javax.swing.JFrame",
    "javax.swing.JLabel",
    "javax.swing.JPanel"
  ],
  "correct_imports": []
}