{"status":2,"problems":[{"fileName":"Class_9.java","startLocation":1162,"endLocation":1174,"lineNumber":40,"column":10,"message":"DriverManager cannot be resolved","problemId":570425394,"problemSeverity":"ERROR"}],"originalContent":"package common_JDK;\n/*\n Date: 1/19/17\n URL: http://stackoverflow.com/questions/2839321/connect-java-to-a-mysql-database\n */\n\npublic class Class_9 {\n    // init database constants\n    private static final String DATABASE_DRIVER = \"com.mysql.jdbc.Driver\";\n    private static final String DATABASE_URL = \"jdbc:mysql://localhost:3306/database_name\";\n    private static final String USERNAME = \"root\";\n    private static final String PASSWORD = \"\";\n    private static final String MAX_POOL = \"250\";\n\n    // init connection object\n    private Connection connection;\n    // init properties object\n    private Properties properties;\n\n    // create properties\n    private Properties getProperties() {\n        if (properties == null) {\n            properties = new Properties();\n            properties.setProperty(\"user\", USERNAME);\n            properties.setProperty(\"password\", PASSWORD);\n            properties.setProperty(\"MaxPooledStatements\", MAX_POOL);\n        }\n        return properties;\n    }\n\n    // connect database\n    public Connection connect() {\n        if (connection == null) {\n            try {\n                Class.forName(DATABASE_DRIVER);\n                connection = DriverManager.getConnection(DATABASE_URL, getProperties());\n            } catch (ClassNotFoundException | SQLException e) {\n                e.printStackTrace();\n            }\n        }\n        return connection;\n    }\n\n    // disconnect database\n    public void disconnect() {\n        if (connection != null) {\n            try {\n                connection.close();\n                connection = null;\n            } catch (SQLException e) {\n                e.printStackTrace();\n            }\n        }\n    }\n}","updatedContent":"package common_JDK;\n/*\n Date: 1/19/17\n URL: http://stackoverflow.com/questions/2839321/connect-java-to-a-mysql-database\n */\n\nimport java.util.Properties;\nimport com.sun.corba.se.pept.transport.Connection;\nimport android.database.SQLException;\n\npublic class Class_9 {\n\t// init database constants\n\tprivate static final String DATABASE_DRIVER = \"com.mysql.jdbc.Driver\";\n\tprivate static final String DATABASE_URL = \"jdbc:mysql://localhost:3306/database_name\";\n\tprivate static final String USERNAME = \"root\";\n\tprivate static final String PASSWORD = \"\";\n\tprivate static final String MAX_POOL = \"250\";\n\n\t// init connection object\n\tprivate Connection connection;\n\t// init properties object\n\tprivate Properties properties;\n\n\t// create properties\n\tprivate Properties getProperties() {\n\t\tif (properties == null) {\n\t\t\tproperties = new Properties();\n\t\t\tproperties.setProperty(\"user\", USERNAME);\n\t\t\tproperties.setProperty(\"password\", PASSWORD);\n\t\t\tproperties.setProperty(\"MaxPooledStatements\", MAX_POOL);\n\t\t}\n\t\treturn properties;\n\t}\n\n\t// connect database\n\tpublic Connection connect() {\n\t\tif (connection == null) {\n\t\t\ttry {\n\t\t\t\tClass.forName(DATABASE_DRIVER);\n\t\t\t\tconnection = DriverManager.getConnection(DATABASE_URL, getProperties());\n\t\t\t} catch (ClassNotFoundException | SQLException e) {\n\t\t\t\te.printStackTrace();\n\t\t\t}\n\t\t}\n\t\treturn connection;\n\t}\n\n\t// disconnect database\n\tpublic void disconnect() {\n\t\tif (connection != null) {\n\t\t\ttry {\n\t\t\t\tconnection.close();\n\t\t\t\tconnection = null;\n\t\t\t} catch (SQLException e) {\n\t\t\t\te.printStackTrace();\n\t\t\t}\n\t\t}\n\t}\n}","usedLibraries":["openjdk:jdk:1.8.0","jar:android-13.jar:1"]}