{
  "java_file": "/home/theguy/Documents/research/snr-server/src/test/resources/snippets/so/Class_19.java",
  "output_file": "StatType-Completion-output-json/Class_19.java.json",
  "exit_code": 0,
  "stdout": "/home/theguy/Documents/research/snr-server/benchmark/snippet_log/Class_19.java.stdout.9d61798215de4117a8e358255ad37ae3.txt",
  "stderr": "/home/theguy/Documents/research/snr-server/benchmark/snippet_log/Class_19.java.stderr.9d61798215de4117a8e358255ad37ae3.txt",
  "run_time": 19316112411,
  "total_imports": [
    "java.util.List",
    "java.util.Collection",
    "java.util.Iterator",
    "java.util.Random",
    "java.util.ArrayList",
    "java.util.NoSuchElementException",
    "java.util.concurrent.ThreadLocalRandom"
  ],
  "correct_imports": [
    "java.util.List",
    "java.util.Collection",
    "java.util.concurrent.ThreadLocalRandom",
    "java.util.Iterator",
    "java.util.Random",
    "java.util.ArrayList"
  ]
}