{"status":2,"problems":[{"fileName":"Class_11.java","startLocation":1128,"endLocation":1133,"lineNumber":46,"column":11,"message":"The method append(CharSequence) is ambiguous for the type BufferedWriter","problemId":67108966,"problemSeverity":"ERROR"},{"fileName":"Class_11.java","startLocation":1151,"endLocation":1156,"lineNumber":47,"column":34,"message":"The method append(CharSequence) is ambiguous for the type BufferedWriter","problemId":67108966,"problemSeverity":"ERROR"}],"originalContent":"package common_JDK;\n/*\nDate: 1/19/17 - Consider later\nURL: http://stackoverflow.com/questions/2885173/how-do-i-create-a-file-and-write-to-a-file-in-java\n*/\n\n\npublic class Class_11 {\n\n    public static void main(String[] args) {\n        try{\n            // Create new file\n            String content = \"This is the content to write into create file\";\n            String path=\"D:\\\\a\\\\hi.txt\";\n            File file = new File(path);\n\n            // If file doesn't exists, then create it\n            if (!file.exists()) {\n                file.createNewFile();\n            }\n\n            FileWriter fw = new FileWriter(file.getAbsoluteFile());\n            BufferedWriter bw = new BufferedWriter(fw);\n\n            // Write in file\n            bw.write(content);\n\n            // Close connection\n            bw.close();\n        }\n        catch(Exception e){\n            System.out.println(e);\n        }\n        \n        JFileChooser c = new JFileChooser();\n        c.showOpenDialog(c);\n        File writeFile = c.getSelectedFile();\n        String content = \"Input the data here to be written to your file\";\n\n        try {\n            FileWriter fw = new FileWriter(writeFile);\n            BufferedWriter bw = new BufferedWriter(fw);\n            bw.append(content);\n            bw.append(\"hiiiii\");\n            bw.close();\n            fw.close();\n        }\n        catch (Exception exc) {\n           System.out.println(exc);\n        }\n    }\n}","updatedContent":"package common_JDK;\n/*\nDate: 1/19/17 - Consider later\nURL: http://stackoverflow.com/questions/2885173/how-do-i-create-a-file-and-write-to-a-file-in-java\n*/\n\nimport java.io.File;\nimport java.io.BufferedWriter;\nimport java.io.FileWriter;\nimport javax.swing.JFileChooser;\n\npublic class Class_11 {\n\n\tpublic static void main(String[] args) {\n\t\ttry {\n\t\t\t// Create new file\n\t\t\tString content = \"This is the content to write into create file\";\n\t\t\tString path = \"D:\\\\a\\\\hi.txt\";\n\t\t\tFile file = new File(path);\n\n\t\t\t// If file doesn't exists, then create it\n\t\t\tif (!file.exists()) {\n\t\t\t\tfile.createNewFile();\n\t\t\t}\n\n\t\t\tFileWriter fw = new FileWriter(file.getAbsoluteFile());\n\t\t\tBufferedWriter bw = new BufferedWriter(fw);\n\n\t\t\t// Write in file\n\t\t\tbw.write(content);\n\n\t\t\t// Close connection\n\t\t\tbw.close();\n\t\t} catch (Exception e) {\n\t\t\tSystem.out.println(e);\n\t\t}\n\n\t\tJFileChooser c = new JFileChooser();\n\t\tc.showOpenDialog(c);\n\t\tFile writeFile = c.getSelectedFile();\n\t\tString content = \"Input the data here to be written to your file\";\n\n\t\ttry {\n\t\t\tFileWriter fw = new FileWriter(writeFile);\n\t\t\tBufferedWriter bw = new BufferedWriter(fw);\n\t\t\tbw.append(content);\n\t\t\tbw.append(\"hiiiii\");\n\t\t\tbw.close();\n\t\t\tfw.close();\n\t\t} catch (Exception exc) {\n\t\t\tSystem.out.println(exc);\n\t\t}\n\t}\n}","usedLibraries":["openjdk:jdk:1.8.0","jar:android-13.jar:1"]}