{
  "java_file": "/home/theguy/Documents/research/snr-server/src/test/resources/snippets/so/Class_21.java",
  "output_file": "StatType-Completion-output-json/Class_21.java.json",
  "exit_code": 0,
  "stdout": "/home/theguy/Documents/research/snr-server/benchmark/snippet_log/Class_21.java.stdout.6a39b02ca99d436fb105cfc3d5b29e08.txt",
  "stderr": "/home/theguy/Documents/research/snr-server/benchmark/snippet_log/Class_21.java.stderr.6a39b02ca99d436fb105cfc3d5b29e08.txt",
  "run_time": 20429762292,
  "total_imports": [
    "java.awt.BorderLayout",
    "java.awt.Component",
    "java.awt.Image",
    "java.awt.image.BufferedImage",
    "java.awt.event.ActionListener",
    "java.awt.event.ActionEvent",
    "java.awt.event.KeyEvent",
    "java.awt.event.InputEvent",
    "javax.swing.ImageIcon",
    "javax.swing.JFrame",
    "javax.swing.JLabel",
    "javax.swing.JMenu",
    "javax.swing.JMenuBar",
    "javax.swing.JMenuItem",
    "javax.swing.JOptionPane",
    "javax.swing.JPanel",
    "javax.swing.JScrollPane",
    "javax.swing.JTextArea",
    "javax.swing.JTree",
    "javax.swing.KeyStroke",
    "javax.swing.SwingUtilities",
    "javax.swing.border.TitledBorder",
    "javax.imageio.ImageIO",
    "java.io.File"
  ],
  "correct_imports": [
    "java.awt.event.ActionListener",
    "javax.swing.KeyStroke",
    "java.io.File",
    "javax.swing.JMenuBar",
    "java.awt.image.BufferedImage",
    "java.awt.Image",
    "javax.swing.JMenu",
    "java.awt.event.ActionEvent",
    "java.awt.Component",
    "java.awt.event.KeyEvent",
    "javax.swing.JOptionPane",
    "javax.swing.JScrollPane",
    "javax.swing.JMenuItem",
    "javax.swing.JTree",
    "javax.swing.JLabel",
    "javax.swing.SwingUtilities",
    "javax.swing.border.TitledBorder",
    "javax.swing.JTextArea",
    "javax.swing.JFrame",
    "javax.swing.JPanel",
    "javax.swing.ImageIcon",
    "java.awt.event.InputEvent",
    "javax.imageio.ImageIO",
    "java.awt.BorderLayout"
  ]
}