{"status":2,"problems":[{"fileName":"Class_18.java","startLocation":456,"endLocation":460,"lineNumber":18,"column":14,"message":"Class is a raw type. References to generic type Class<T> should be parameterized","problemId":16777788,"problemSeverity":"WARNING"}],"originalContent":"/*\nDate: 1/19/17 - Consider later\nURL: http://stackoverflow.com/questions/37628/what-is-reflection-and-why-is-it-useful\n*/\npackage common_JDK;\npublic class Class_18{\n\tpublic static String dump(Object o, int callCount) {\n\t    callCount++;\n\t    StringBuffer tabs = new StringBuffer();\n\t    for (int k = 0; k < callCount; k++) {\n\t        tabs.append(\"\\t\");\n\t    }\n\t    StringBuffer buffer = new StringBuffer();\n\t    Class oClass = o.getClass();\n\t    if (oClass.isArray()) {\n\t        buffer.append(\"\\n\");\n\t        buffer.append(tabs.toString());\n\t        buffer.append(\"[\");\n\t        for (int i = 0; i < Array.getLength(o); i++) {\n\t            if (i < 0)\n\t                buffer.append(\",\");\n\t            Object value = Array.get(o, i);\n\t            if (value.getClass().isPrimitive() ||\n\t                    value.getClass() == java.lang.Long.class ||\n\t                    value.getClass() == java.lang.String.class ||\n\t                    value.getClass() == java.lang.Integer.class ||\n\t                    value.getClass() == java.lang.Boolean.class\n\t                    ) {\n\t                buffer.append(value);\n\t            } else {\n\t                buffer.append(dump(value, callCount));\n\t            }\n\t        }\n\t        buffer.append(tabs.toString());\n\t        buffer.append(\"]\\n\");\n\t    } else {\n\t        buffer.append(\"\\n\");\n\t        buffer.append(tabs.toString());\n\t        buffer.append(\"{\\n\");\n\t        while (oClass != null) {\n\t            Field[] fields = oClass.getDeclaredFields();\n\t            for (int i = 0; i < fields.length; i++) {\n\t                buffer.append(tabs.toString());\n\t                fields[i].setAccessible(true);\n\t                buffer.append(fields[i].getName());\n\t                buffer.append(\"=\");\n\t                try {\n\t                    Object value = fields[i].get(o);\n\t                    if (value != null) {\n\t                        if (value.getClass().isPrimitive() ||\n\t                                value.getClass() == java.lang.Long.class ||\n\t                                value.getClass() == java.lang.String.class ||\n\t                                value.getClass() == java.lang.Integer.class ||\n\t                                value.getClass() == java.lang.Boolean.class\n\t                                ) {\n\t                            buffer.append(value);\n\t                        } else {\n\t                            buffer.append(dump(value, callCount));\n\t                        }\n\t                    }\n\t                } catch (IllegalAccessException e) {\n\t                    buffer.append(e.getMessage());\n\t                }\n\t                buffer.append(\"\\n\");\n\t            }\n\t            oClass = oClass.getSuperclass();\n\t        }\n\t        buffer.append(tabs.toString());\n\t        buffer.append(\"}\\n\");\n\t    }\n\t    return buffer.toString();\n\t}\n}","updatedContent":"/*\nDate: 1/19/17 - Consider later\nURL: http://stackoverflow.com/questions/37628/what-is-reflection-and-why-is-it-useful\n*/\npackage common_JDK;\n\nimport java.lang.reflect.Array;\nimport java.lang.reflect.Field;\n\npublic class Class_18 {\n\tpublic static String dump(Object o, int callCount) {\n\t\tcallCount++;\n\t\tStringBuffer tabs = new StringBuffer();\n\t\tfor (int k = 0; k < callCount; k++) {\n\t\t\ttabs.append(\"\\t\");\n\t\t}\n\t\tStringBuffer buffer = new StringBuffer();\n\t\tClass oClass = o.getClass();\n\t\tif (oClass.isArray()) {\n\t\t\tbuffer.append(\"\\n\");\n\t\t\tbuffer.append(tabs.toString());\n\t\t\tbuffer.append(\"[\");\n\t\t\tfor (int i = 0; i < Array.getLength(o); i++) {\n\t\t\t\tif (i < 0)\n\t\t\t\t\tbuffer.append(\",\");\n\t\t\t\tObject value = Array.get(o, i);\n\t\t\t\tif (value.getClass().isPrimitive() || value.getClass() == java.lang.Long.class\n\t\t\t\t\t\t|| value.getClass() == java.lang.String.class || value.getClass() == java.lang.Integer.class\n\t\t\t\t\t\t|| value.getClass() == java.lang.Boolean.class) {\n\t\t\t\t\tbuffer.append(value);\n\t\t\t\t} else {\n\t\t\t\t\tbuffer.append(dump(value, callCount));\n\t\t\t\t}\n\t\t\t}\n\t\t\tbuffer.append(tabs.toString());\n\t\t\tbuffer.append(\"]\\n\");\n\t\t} else {\n\t\t\tbuffer.append(\"\\n\");\n\t\t\tbuffer.append(tabs.toString());\n\t\t\tbuffer.append(\"{\\n\");\n\t\t\twhile (oClass != null) {\n\t\t\t\tField[] fields = oClass.getDeclaredFields();\n\t\t\t\tfor (int i = 0; i < fields.length; i++) {\n\t\t\t\t\tbuffer.append(tabs.toString());\n\t\t\t\t\tfields[i].setAccessible(true);\n\t\t\t\t\tbuffer.append(fields[i].getName());\n\t\t\t\t\tbuffer.append(\"=\");\n\t\t\t\t\ttry {\n\t\t\t\t\t\tObject value = fields[i].get(o);\n\t\t\t\t\t\tif (value != null) {\n\t\t\t\t\t\t\tif (value.getClass().isPrimitive() || value.getClass() == java.lang.Long.class\n\t\t\t\t\t\t\t\t\t|| value.getClass() == java.lang.String.class\n\t\t\t\t\t\t\t\t\t|| value.getClass() == java.lang.Integer.class\n\t\t\t\t\t\t\t\t\t|| value.getClass() == java.lang.Boolean.class) {\n\t\t\t\t\t\t\t\tbuffer.append(value);\n\t\t\t\t\t\t\t} else {\n\t\t\t\t\t\t\t\tbuffer.append(dump(value, callCount));\n\t\t\t\t\t\t\t}\n\t\t\t\t\t\t}\n\t\t\t\t\t} catch (IllegalAccessException e) {\n\t\t\t\t\t\tbuffer.append(e.getMessage());\n\t\t\t\t\t}\n\t\t\t\t\tbuffer.append(\"\\n\");\n\t\t\t\t}\n\t\t\t\toClass = oClass.getSuperclass();\n\t\t\t}\n\t\t\tbuffer.append(tabs.toString());\n\t\t\tbuffer.append(\"}\\n\");\n\t\t}\n\t\treturn buffer.toString();\n\t}\n}","usedLibraries":["jar:android-13.jar:1"]}