{
  "java_file": "/home/theguy/Documents/research/snr-server/src/test/resources/snippets/so/Class_8.java",
  "output_file": "StatType-Completion-output-json/Class_8.java.json",
  "exit_code": 0,
  "stdout": "/home/theguy/Documents/research/snr-server/benchmark/snippet_log/Class_8.java.stdout.f9c55b4336404c519304f91fccec0891.txt",
  "stderr": "/home/theguy/Documents/research/snr-server/benchmark/snippet_log/Class_8.java.stderr.f9c55b4336404c519304f91fccec0891.txt",
  "run_time": 1418853950,
  "total_imports": [],
  "correct_imports": []
}