{
  "java_file": "/home/theguy/Documents/research/snr-server/src/test/resources/snippets/so/Class_10.java",
  "output_file": "StatType-Completion-output-json/Class_10.java.json",
  "exit_code": 0,
  "stdout": "/home/theguy/Documents/research/snr-server/benchmark/snippet_log/Class_10.java.stdout.d7ff21dc45df46d48c123027680a51b1.txt",
  "stderr": "/home/theguy/Documents/research/snr-server/benchmark/snippet_log/Class_10.java.stderr.d7ff21dc45df46d48c123027680a51b1.txt",
  "run_time": 15772925444,
  "total_imports": [
    "java.text.NumberFormat",
    "java.util.Locale"
  ],
  "correct_imports": [
    "java.util.Locale"
  ]
}