{
  "java_file": "/home/theguy/Documents/research/snr-server/src/test/resources/snippets/so/Class_11.java",
  "output_file": "StatType-Completion-output-json/Class_11.java.json",
  "exit_code": 0,
  "stdout": "/home/theguy/Documents/research/snr-server/benchmark/snippet_log/Class_11.java.stdout.34a45bec00224585bc9044cee7a862d5.txt",
  "stderr": "/home/theguy/Documents/research/snr-server/benchmark/snippet_log/Class_11.java.stderr.34a45bec00224585bc9044cee7a862d5.txt",
  "run_time": 8160686214,
  "total_imports": [
    "java.io.BufferedWriter",
    "java.io.File",
    "java.io.FileWriter",
    "javax.swing.JFileChooser"
  ],
  "correct_imports": [
    "java.io.File",
    "java.io.BufferedWriter",
    "java.io.FileWriter",
    "javax.swing.JFileChooser"
  ]
}