{
  "java_file": "/home/theguy/Documents/research/snr-server/src/test/resources/snippets/so/Class_15.java",
  "output_file": "StatType-Completion-output-json/Class_15.java.json",
  "exit_code": 0,
  "stdout": "/home/theguy/Documents/research/snr-server/benchmark/snippet_log/Class_15.java.stdout.cc21b730afdf462ea0bd667feda388cc.txt",
  "stderr": "/home/theguy/Documents/research/snr-server/benchmark/snippet_log/Class_15.java.stderr.cc21b730afdf462ea0bd667feda388cc.txt",
  "run_time": 9026532073,
  "total_imports": [
    "java.util.HashMap"
  ],
  "correct_imports": []
}