{"status":2,"problems":[{"fileName":"Class_17.java","startLocation":499,"endLocation":545,"lineNumber":21,"column":52,"message":"Unhandled exception type ParseException","problemId":16777384,"problemSeverity":"ERROR"}],"originalContent":"/*\nDate: 1/19/17 - Consider later\nURL: http://stackoverflow.com/questions/4772425/change-date-format-in-a-java-string\n*/\npackage common_JDK;\n\npublic class Class_17{\n\n  public static void main(String arg[]){\n\n    try{\n\n    SimpleDateFormat sourceDateFormat = new SimpleDateFormat(\"yyyy-MM-DD HH:mm:ss\");\n\n    Date date = sourceDateFormat.parse(\"2011-01-18 00:00:00.0\");\n\n\n    SimpleDateFormat targetDateFormat = new SimpleDateFormat(\"yyyy-MM-dd\");\n    System.out.println(targetDateFormat.format(date));\n\n    }catch(ParseException e){\n        e.printStackTrace();\n    }\n    String date = \"2011-01-18 00:00:00.0\";\n    TemporalAccessor temporal = DateTimeFormatter\n        .ofPattern(\"yyyy-MM-dd HH:mm:ss.S\")\n        .parse(date); // use parse(date, LocalDateTime::from) to get LocalDateTime\n    String output = DateTimeFormatter.ofPattern(\"yyyy-MM-dd\").format(temporal);\n  } \n\n}","updatedContent":"/*\nDate: 1/19/17 - Consider later\nURL: http://stackoverflow.com/questions/4772425/change-date-format-in-a-java-string\n*/\npackage common_JDK;\n\nimport java.time.temporal.TemporalAccessor;\nimport android.net.ParseException;\nimport java.util.Date;\nimport java.time.format.DateTimeFormatter;\nimport java.text.SimpleDateFormat;\n\npublic class Class_17 {\n\n\tpublic static void main(String arg[]) {\n\n\t\ttry {\n\n\t\t\tSimpleDateFormat sourceDateFormat = new SimpleDateFormat(\"yyyy-MM-DD HH:mm:ss\");\n\n\t\t\tDate date = sourceDateFormat.parse(\"2011-01-18 00:00:00.0\");\n\n\t\t\tSimpleDateFormat targetDateFormat = new SimpleDateFormat(\"yyyy-MM-dd\");\n\t\t\tSystem.out.println(targetDateFormat.format(date));\n\n\t\t} catch (ParseException e) {\n\t\t\te.printStackTrace();\n\t\t}\n\t\tString date = \"2011-01-18 00:00:00.0\";\n\t\tTemporalAccessor temporal = DateTimeFormatter.ofPattern(\"yyyy-MM-dd HH:mm:ss.S\").parse(date); // use parse(date, LocalDateTime::from) to get LocalDateTime\n\t\tString output = DateTimeFormatter.ofPattern(\"yyyy-MM-dd\").format(temporal);\n\t}\n\n}","usedLibraries":["openjdk:jdk:1.8.0","jar:android-13.jar:1"]}