{"status":2,"problems":[{"fileName":"Class_1.java","startLocation":1151,"endLocation":1179,"lineNumber":42,"column":3,"message":"The method windowClosing(WindowEvent) from the type new WindowAdapter(){} is never used locally","problemId":603979894,"problemSeverity":"WARNING"},{"fileName":"Class_1.java","startLocation":1435,"endLocation":1447,"lineNumber":55,"column":66,"message":"The method setBackground(Color) in the type Graphics2D is not applicable for the arguments (int)","problemId":67108979,"problemSeverity":"ERROR"},{"fileName":"Class_1.java","startLocation":1520,"endLocation":1527,"lineNumber":57,"column":24,"message":"The method setColor(Color) in the type Graphics is not applicable for the arguments (int)","problemId":67108979,"problemSeverity":"ERROR"}],"originalContent":"package common_JDK;\n/*\n Date: 1/19/17\n URL: http://stackoverflow.com/questions/41553382/draw-on-top-of-an-applet-inside-a-frame\n */\n\n@SuppressWarnings(\"serial\")\npublic class Class_1 {\n    private static void createBinaryApplet() throws IOException {\n        Applet applet = new Applet() {\n            @Override\n            public void paint(Graphics g) {\n                super.paint(g);\n                g.fillRect(0, 0, 10, 10);\n            }\n        };\n\n        ObjectOutputStream oos = new ObjectOutputStream(new FileOutputStream(\"applet.dat\"));\n        oos.writeObject(applet);\n        oos.close();\n    }\n\n    public static void main(String[] args) {\n        final Frame frame = new Frame(\"Applet Test\");\n        frame.addWindowListener(new WindowAdapter() {\n            public void windowClosing(WindowEvent we) {\n                frame.dispose();\n             }\n         });\n\n        final int prefHeight = 50;\n        final int prefWidth = 50;\n\n        Container container = new Container() {\n            @Override\n            public void paint(Graphics g) {\n                super.paint(g);\n                Graphics2D graphs = (Graphics2D) g;\n                graphs.setBackground(Color.WHITE);\n                graphs.clearRect(0, 0, prefWidth, prefHeight);\n                g.setColor(Color.RED);\n                g.fillRect(5, 5, 10, 10);\n            }\n        };\n\n        container.setPreferredSize(new Dimension(prefWidth, prefHeight));\n\n        frame.add(container);\n        frame.pack();\n        frame.setVisible(true);\n\n        BufferedImage bufImage = new BufferedImage(prefWidth, prefHeight, BufferedImage.TYPE_INT_RGB);\n        container.paint(bufImage.createGraphics());\n\n        try {\n            createBinaryApplet();\n\n            ObjectInputStream ois = new ObjectInputStream(new FileInputStream(\"applet.dat\"));\n            Applet applet = (Applet) ois.readObject();\n            ois.close();\n\n            container.add(applet);\n            applet.setBounds(0, 0, prefWidth, prefHeight);\n            applet.init();\n\n            Graphics g = applet.getGraphics();\n            g.drawImage(bufImage, 0, 0, applet);\n            applet.paint(g);\n        } catch(ClassNotFoundException | IOException e) {\n            System.out.println(\"Whoops\");\n        }\n    }\n}","updatedContent":"package common_JDK;\n/*\n Date: 1/19/17\n URL: http://stackoverflow.com/questions/41553382/draw-on-top-of-an-applet-inside-a-frame\n */\n\nimport java.awt.Frame;\nimport java.awt.image.BufferedImage;\nimport java.io.FileOutputStream;\nimport java.io.FileInputStream;\nimport java.io.ObjectInputStream;\nimport java.io.IOException;\nimport java.awt.event.WindowAdapter;\nimport android.graphics.Color;\nimport java.awt.Dimension;\nimport java.awt.Graphics2D;\nimport java.applet.Applet;\nimport com.extjs.gxt.ui.client.event.WindowEvent;\nimport java.awt.Graphics;\nimport java.awt.Container;\nimport java.io.ObjectOutputStream;\n\n@SuppressWarnings(\"serial\")\npublic class Class_1 {\n\tprivate static void createBinaryApplet() throws IOException {\n\t\tApplet applet = new Applet() {\n\t\t\t@Override\n\t\t\tpublic void paint(Graphics g) {\n\t\t\t\tsuper.paint(g);\n\t\t\t\tg.fillRect(0, 0, 10, 10);\n\t\t\t}\n\t\t};\n\n\t\tObjectOutputStream oos = new ObjectOutputStream(new FileOutputStream(\"applet.dat\"));\n\t\toos.writeObject(applet);\n\t\toos.close();\n\t}\n\n\tpublic static void main(String[] args) {\n\t\tfinal Frame frame = new Frame(\"Applet Test\");\n\t\tframe.addWindowListener(new WindowAdapter() {\n\t\t\tpublic void windowClosing(WindowEvent we) {\n\t\t\t\tframe.dispose();\n\t\t\t}\n\t\t});\n\n\t\tfinal int prefHeight = 50;\n\t\tfinal int prefWidth = 50;\n\n\t\tContainer container = new Container() {\n\t\t\t@Override\n\t\t\tpublic void paint(Graphics g) {\n\t\t\t\tsuper.paint(g);\n\t\t\t\tGraphics2D graphs = (Graphics2D) g;\n\t\t\t\tgraphs.setBackground(Color.WHITE);\n\t\t\t\tgraphs.clearRect(0, 0, prefWidth, prefHeight);\n\t\t\t\tg.setColor(Color.RED);\n\t\t\t\tg.fillRect(5, 5, 10, 10);\n\t\t\t}\n\t\t};\n\n\t\tcontainer.setPreferredSize(new Dimension(prefWidth, prefHeight));\n\n\t\tframe.add(container);\n\t\tframe.pack();\n\t\tframe.setVisible(true);\n\n\t\tBufferedImage bufImage = new BufferedImage(prefWidth, prefHeight, BufferedImage.TYPE_INT_RGB);\n\t\tcontainer.paint(bufImage.createGraphics());\n\n\t\ttry {\n\t\t\tcreateBinaryApplet();\n\n\t\t\tObjectInputStream ois = new ObjectInputStream(new FileInputStream(\"applet.dat\"));\n\t\t\tApplet applet = (Applet) ois.readObject();\n\t\t\tois.close();\n\n\t\t\tcontainer.add(applet);\n\t\t\tapplet.setBounds(0, 0, prefWidth, prefHeight);\n\t\t\tapplet.init();\n\n\t\t\tGraphics g = applet.getGraphics();\n\t\t\tg.drawImage(bufImage, 0, 0, applet);\n\t\t\tapplet.paint(g);\n\t\t} catch (ClassNotFoundException | IOException e) {\n\t\t\tSystem.out.println(\"Whoops\");\n\t\t}\n\t}\n}","usedLibraries":["openjdk:jdk:1.8.0","jar:android-13.jar:1","jar:gxt-2.2.1.jar:1"]}