{
  "java_file": "/home/theguy/Documents/research/snr-server/src/test/resources/snippets/so/Class_14.java",
  "output_file": "StatType-Completion-output-json/Class_14.java.json",
  "exit_code": 0,
  "stdout": "/home/theguy/Documents/research/snr-server/benchmark/snippet_log/Class_14.java.stdout.015b2b66adfb4642aad892e3cc2e9eca.txt",
  "stderr": "/home/theguy/Documents/research/snr-server/benchmark/snippet_log/Class_14.java.stderr.015b2b66adfb4642aad892e3cc2e9eca.txt",
  "run_time": 1435058505,
  "total_imports": [
    "java.lang.reflect.Method"
  ],
  "correct_imports": []
}