{
  "java_file": "/home/theguy/Documents/research/snr-server/src/test/resources/snippets/so/Class_3.java",
  "output_file": "StatType-Completion-output-json/Class_3.java.json",
  "exit_code": 0,
  "stdout": "/home/theguy/Documents/research/snr-server/benchmark/snippet_log/Class_3.java.stdout.6a1fa1b3a79c43e9a65499860cc193b9.txt",
  "stderr": "/home/theguy/Documents/research/snr-server/benchmark/snippet_log/Class_3.java.stderr.6a1fa1b3a79c43e9a65499860cc193b9.txt",
  "run_time": 20947490342,
  "total_imports": [
    "java.math.RoundingMode",
    "java.text.DecimalFormat",
    "java.text.DecimalFormatSymbols",
    "java.text.ParseException",
    "java.util.Locale"
  ],
  "correct_imports": [
    "java.util.Locale",
    "java.text.DecimalFormat",
    "java.text.DecimalFormatSymbols",
    "java.math.RoundingMode"
  ]
}