{
  "java_file": "/home/theguy/Documents/research/snr-server/src/test/resources/snippets/so/Class_16.java",
  "output_file": "StatType-Completion-output-json/Class_16.java.json",
  "exit_code": 0,
  "stdout": "/home/theguy/Documents/research/snr-server/benchmark/snippet_log/Class_16.java.stdout.db94c42eee384e2e839557eab4ec964c.txt",
  "stderr": "/home/theguy/Documents/research/snr-server/benchmark/snippet_log/Class_16.java.stderr.db94c42eee384e2e839557eab4ec964c.txt",
  "run_time": 35801739407,
  "total_imports": [
    "java.lang.reflect.InvocationTargetException",
    "java.lang.reflect.Method",
    "java.util.HashMap",
    "java.util.Map",
    "java.util.ArrayList",
    "java.util.List",
    "java.util.prefs.Preferences"
  ],
  "correct_imports": [
    "java.util.Map",
    "java.util.List",
    "java.util.prefs.Preferences",
    "java.lang.reflect.Method",
    "java.lang.reflect.InvocationTargetException",
    "java.util.ArrayList"
  ]
}