{"status":0,"problems":[],"originalContent":"/*\nDate: 1/19/17\nURL: http://stackoverflow.com/questions/2265503/why-do-i-need-to-override-the-equals-and-hashcode-methods-in-java\n*/\npackage common_JDK;\npublic class Class_15{\npublic class Employee {\n\nString name;\nString mobile;\npublic Employee(String name,String mobile) {\n    this.name=name;\n    this.mobile=mobile;\n}\n\n@Override\npublic int hashCode() {\n    System.out.println(\"calling hascode method of Employee\");\n    String str=this.name;\n    Integer sum=0;\n    for(int i=0;i<str.length();i++){\n        sum=sum+str.charAt(i);\n    }\n    return sum;\n\n}\n@Override\npublic boolean equals(Object obj) {\n    // TODO Auto-generated method stub\n    System.out.println(\"calling equals method of Employee\");\n    Employee emp=(Employee)obj;\n    if(this.mobile.equalsIgnoreCase(emp.mobile)){\n\n        System.out.println(\"returning true\");\n        return true;\n    }else{\n        System.out.println(\"returning false\");\n        return false;\n    }\n\n\n}\n\npublic void main(String[] args) {\n    // TODO Auto-generated method stub\n\n    Employee emp=new Employee(\"abc\", \"hhh\");\n    Employee emp2=new Employee(\"abc\", \"hhh\");\n    HashMap<Employee, Employee> h=new HashMap<>();\n    //for (int i=0;i<5;i++){\n        h.put(emp, emp);\n        h.put(emp2, emp2);\n\n    //}\n\n    System.out.println(\"----------------\");\n    System.out.println(\"size of hashmap: \"+h.size());\n\n\n}\n\n}\n}","updatedContent":"/*\nDate: 1/19/17\nURL: http://stackoverflow.com/questions/2265503/why-do-i-need-to-override-the-equals-and-hashcode-methods-in-java\n*/\npackage common_JDK;\n\nimport com.google.gwt.dev.util.collect.HashMap;\n\npublic class Class_15 {\n\tpublic class Employee {\n\n\t\tString name;\n\t\tString mobile;\n\n\t\tpublic Employee(String name, String mobile) {\n\t\t\tthis.name = name;\n\t\t\tthis.mobile = mobile;\n\t\t}\n\n\t\t@Override\n\t\tpublic int hashCode() {\n\t\t\tSystem.out.println(\"calling hascode method of Employee\");\n\t\t\tString str = this.name;\n\t\t\tInteger sum = 0;\n\t\t\tfor (int i = 0; i < str.length(); i++) {\n\t\t\t\tsum = sum + str.charAt(i);\n\t\t\t}\n\t\t\treturn sum;\n\n\t\t}\n\n\t\t@Override\n\t\tpublic boolean equals(Object obj) {\n\t\t\t// TODO Auto-generated method stub\n\t\t\tSystem.out.println(\"calling equals method of Employee\");\n\t\t\tEmployee emp = (Employee) obj;\n\t\t\tif (this.mobile.equalsIgnoreCase(emp.mobile)) {\n\n\t\t\t\tSystem.out.println(\"returning true\");\n\t\t\t\treturn true;\n\t\t\t} else {\n\t\t\t\tSystem.out.println(\"returning false\");\n\t\t\t\treturn false;\n\t\t\t}\n\n\t\t}\n\n\t\tpublic void main(String[] args) {\n\t\t\t// TODO Auto-generated method stub\n\n\t\t\tEmployee emp = new Employee(\"abc\", \"hhh\");\n\t\t\tEmployee emp2 = new Employee(\"abc\", \"hhh\");\n\t\t\tHashMap<Employee, Employee> h = new HashMap<>();\n\t\t\t//for (int i=0;i<5;i++){\n\t\t\th.put(emp, emp);\n\t\t\th.put(emp2, emp2);\n\n\t\t\t//}\n\n\t\t\tSystem.out.println(\"----------------\");\n\t\t\tSystem.out.println(\"size of hashmap: \" + h.size());\n\n\t\t}\n\n\t}\n}","usedLibraries":["jar:gwt-dev-2.9.0.jar:1"]}