{"status":2,"problems":[{"fileName":"Class_2.java","startLocation":1726,"endLocation":1734,"lineNumber":55,"column":26,"message":"JComboBox is a raw type. References to generic type JComboBox<E> should be parameterized","problemId":16777788,"problemSeverity":"WARNING"},{"fileName":"Class_2.java","startLocation":1750,"endLocation":1773,"lineNumber":55,"column":50,"message":"Type safety: The constructor JComboBox(Object[]) belongs to the raw type JComboBox. References to generic type JComboBox<E> should be parameterized","problemId":16777746,"problemSeverity":"WARNING"},{"fileName":"Class_2.java","startLocation":1754,"endLocation":1762,"lineNumber":55,"column":54,"message":"JComboBox is a raw type. References to generic type JComboBox<E> should be parameterized","problemId":16777788,"problemSeverity":"WARNING"},{"fileName":"Class_2.java","startLocation":3260,"endLocation":3314,"lineNumber":102,"column":26,"message":"Type safety: The method toArray(Object[]) belongs to the raw type Set. References to generic type Set<E> should be parameterized","problemId":16777747,"problemSeverity":"WARNING"},{"fileName":"Class_2.java","startLocation":3260,"endLocation":3314,"lineNumber":102,"column":26,"message":"Type mismatch: cannot convert from Object[] to String[]","problemId":16777233,"problemSeverity":"ERROR"}],"originalContent":"/*\n Date: 1/19/17\n URL: http://stackoverflow.com/questions/5621338/how-to-add-jtable-in-jpanel-with-null-layout\n */\npackage common_JDK;\n\nclass Class_2 {\n\n    public static void main(String[] args) {\n\n        Runnable r = new Runnable() {\n\n            public void run() {\n                final JFrame frame = new JFrame(\"Nested Layout Example\");\n                frame.setDefaultCloseOperation(JFrame.EXIT_ON_CLOSE);\n\n                final JPanel gui = new JPanel(new BorderLayout(5,5));\n                gui.setBorder( new TitledBorder(\"BorderLayout(5,5)\") );\n\n                //JToolBar tb = new JToolBar();\n                JPanel plafComponents = new JPanel(\n                    new FlowLayout(FlowLayout.RIGHT, 3,3));\n                plafComponents.setBorder(\n                    new TitledBorder(\"FlowLayout(FlowLayout.RIGHT, 3,3)\") );\n\n                final UIManager.LookAndFeelInfo[] plafInfos =\n                    UIManager.getInstalledLookAndFeels();\n                String[] plafNames = new String[plafInfos.length];\n                for (int ii=0; ii<plafInfos.length; ii++) {\n                    plafNames[ii] = plafInfos[ii].getName();\n                }\n                final JComboBox plafChooser = new JComboBox(plafNames);\n                plafComponents.add(plafChooser);\n\n                final JCheckBox pack = new JCheckBox(\"Pack on PLAF change\", true);\n                plafComponents.add(pack);\n\n                plafChooser.addActionListener( new ActionListener(){\n                    public void actionPerformed(ActionEvent ae) {\n                        int index = plafChooser.getSelectedIndex();\n                        try {\n                            UIManager.setLookAndFeel(\n                                plafInfos[index].getClassName() );\n                            SwingUtilities.updateComponentTreeUI(frame);\n                            if (pack.isSelected()) {\n                                frame.pack();\n                                frame.setMinimumSize(frame.getSize());\n                            }\n                        } catch(Exception e) {\n                            e.printStackTrace();\n                        }\n                    }\n                } );\n\n                gui.add(plafComponents, BorderLayout.NORTH);\n\n                JPanel dynamicLabels = new JPanel(new BorderLayout(4,4));\n                dynamicLabels.setBorder(\n                    new TitledBorder(\"BorderLayout(4,4)\") );\n                gui.add(dynamicLabels, BorderLayout.WEST);\n\n                final JPanel labels = new JPanel(new GridLayout(0,2,3,3));\n                labels.setBorder(\n                    new TitledBorder(\"GridLayout(0,2,3,3)\") );\n\n                JButton addNew = new JButton(\"Add Another Label\");\n                dynamicLabels.add( addNew, BorderLayout.NORTH );\n                addNew.addActionListener( new ActionListener(){\n\n                    private int labelCount = 0;\n\n                    public void actionPerformed(ActionEvent ae) {\n                        labels.add( new JLabel(\"Label \" + ++labelCount) );\n                        frame.validate();\n                    }\n                } );\n\n                dynamicLabels.add( new JScrollPane(labels), BorderLayout.CENTER );\n\n                String[] header = {\"Name\", \"Value\"};\n                String[] a = new String[0];\n                String[] names = System.getProperties().\n                    stringPropertyNames().toArray(a);\n                String[][] data = new String[names.length][2];\n                for (int ii=0; ii<names.length; ii++) {\n                    data[ii][0] = names[ii];\n                    data[ii][1] = System.getProperty(names[ii]);\n                }\n                DefaultTableModel model = new DefaultTableModel(data, header);\n                JTable table = new JTable(model);\n                try {\n                    // 1.6+\n                    table.setAutoCreateRowSorter(true);\n                } catch(Exception continuewithNoSort) {\n                }\n                JScrollPane tableScroll = new JScrollPane(table);\n                Dimension tablePreferred = tableScroll.getPreferredSize();\n                tableScroll.setPreferredSize(\n                    new Dimension(tablePreferred.width, tablePreferred.height/3) );\n\n                JPanel imagePanel = new JPanel(new GridBagLayout());\n                imagePanel.setBorder(\n                    new TitledBorder(\"GridBagLayout()\") );\n\n                BufferedImage bi = new BufferedImage(\n                    200,200,BufferedImage.TYPE_INT_ARGB);\n                Graphics2D g = bi.createGraphics();\n                GradientPaint gp = new GradientPaint(\n                    20f,20f,Color.red, 180f,180f,Color.yellow);\n                g.setPaint(gp);\n                g.fillRect(0,0,200,200);\n                ImageIcon ii = new ImageIcon(bi);\n                JLabel imageLabel = new JLabel(ii);\n                imagePanel.add( imageLabel, null );\n\n                JSplitPane splitPane = new JSplitPane(\n                    JSplitPane.VERTICAL_SPLIT,\n                    tableScroll,\n                    new JScrollPane(imagePanel));\n                gui.add( splitPane, BorderLayout.CENTER );\n\n                frame.setContentPane(gui);\n\n                frame.pack();\n\n                frame.setLocationRelativeTo(null);\n                try {\n                    // 1.6+\n                    frame.setLocationByPlatform(true);\n                    frame.setMinimumSize(frame.getSize());\n                } catch(Throwable ignoreAndContinue) {\n                }\n\n                frame.setVisible(true);\n            }\n        };\n        SwingUtilities.invokeLater(r);\n    }\n}","updatedContent":"/*\n Date: 1/19/17\n URL: http://stackoverflow.com/questions/5621338/how-to-add-jtable-in-jpanel-with-null-layout\n */\npackage common_JDK;\n\nimport javax.swing.table.DefaultTableModel;\nimport java.awt.GridBagLayout;\nimport javax.swing.JButton;\nimport java.awt.image.BufferedImage;\nimport java.awt.FlowLayout;\nimport java.awt.event.ActionEvent;\nimport javax.swing.JScrollPane;\nimport java.awt.Dimension;\nimport javax.swing.JLabel;\nimport javax.swing.JCheckBox;\nimport java.awt.GradientPaint;\nimport javax.swing.JSplitPane;\nimport javax.swing.JPanel;\nimport javax.swing.JTable;\nimport javax.swing.UIManager;\nimport java.awt.event.ActionListener;\nimport java.awt.Color;\nimport java.awt.Graphics2D;\nimport javax.swing.SwingUtilities;\nimport java.awt.GridLayout;\nimport javax.swing.border.TitledBorder;\nimport javax.swing.JFrame;\nimport javax.swing.JComboBox;\nimport javax.swing.ImageIcon;\nimport java.awt.BorderLayout;\n\nclass Class_2 {\n\n\tpublic static void main(String[] args) {\n\n\t\tRunnable r = new Runnable() {\n\n\t\t\tpublic void run() {\n\t\t\t\tfinal JFrame frame = new JFrame(\"Nested Layout Example\");\n\t\t\t\tframe.setDefaultCloseOperation(JFrame.EXIT_ON_CLOSE);\n\n\t\t\t\tfinal JPanel gui = new JPanel(new BorderLayout(5, 5));\n\t\t\t\tgui.setBorder(new TitledBorder(\"BorderLayout(5,5)\"));\n\n\t\t\t\t//JToolBar tb = new JToolBar();\n\t\t\t\tJPanel plafComponents = new JPanel(new FlowLayout(FlowLayout.RIGHT, 3, 3));\n\t\t\t\tplafComponents.setBorder(new TitledBorder(\"FlowLayout(FlowLayout.RIGHT, 3,3)\"));\n\n\t\t\t\tfinal UIManager.LookAndFeelInfo[] plafInfos = UIManager.getInstalledLookAndFeels();\n\t\t\t\tString[] plafNames = new String[plafInfos.length];\n\t\t\t\tfor (int ii = 0; ii < plafInfos.length; ii++) {\n\t\t\t\t\tplafNames[ii] = plafInfos[ii].getName();\n\t\t\t\t}\n\t\t\t\tfinal JComboBox plafChooser = new JComboBox(plafNames);\n\t\t\t\tplafComponents.add(plafChooser);\n\n\t\t\t\tfinal JCheckBox pack = new JCheckBox(\"Pack on PLAF change\", true);\n\t\t\t\tplafComponents.add(pack);\n\n\t\t\t\tplafChooser.addActionListener(new ActionListener() {\n\t\t\t\t\tpublic void actionPerformed(ActionEvent ae) {\n\t\t\t\t\t\tint index = plafChooser.getSelectedIndex();\n\t\t\t\t\t\ttry {\n\t\t\t\t\t\t\tUIManager.setLookAndFeel(plafInfos[index].getClassName());\n\t\t\t\t\t\t\tSwingUtilities.updateComponentTreeUI(frame);\n\t\t\t\t\t\t\tif (pack.isSelected()) {\n\t\t\t\t\t\t\t\tframe.pack();\n\t\t\t\t\t\t\t\tframe.setMinimumSize(frame.getSize());\n\t\t\t\t\t\t\t}\n\t\t\t\t\t\t} catch (Exception e) {\n\t\t\t\t\t\t\te.printStackTrace();\n\t\t\t\t\t\t}\n\t\t\t\t\t}\n\t\t\t\t});\n\n\t\t\t\tgui.add(plafComponents, BorderLayout.NORTH);\n\n\t\t\t\tJPanel dynamicLabels = new JPanel(new BorderLayout(4, 4));\n\t\t\t\tdynamicLabels.setBorder(new TitledBorder(\"BorderLayout(4,4)\"));\n\t\t\t\tgui.add(dynamicLabels, BorderLayout.WEST);\n\n\t\t\t\tfinal JPanel labels = new JPanel(new GridLayout(0, 2, 3, 3));\n\t\t\t\tlabels.setBorder(new TitledBorder(\"GridLayout(0,2,3,3)\"));\n\n\t\t\t\tJButton addNew = new JButton(\"Add Another Label\");\n\t\t\t\tdynamicLabels.add(addNew, BorderLayout.NORTH);\n\t\t\t\taddNew.addActionListener(new ActionListener() {\n\n\t\t\t\t\tprivate int labelCount = 0;\n\n\t\t\t\t\tpublic void actionPerformed(ActionEvent ae) {\n\t\t\t\t\t\tlabels.add(new JLabel(\"Label \" + ++labelCount));\n\t\t\t\t\t\tframe.validate();\n\t\t\t\t\t}\n\t\t\t\t});\n\n\t\t\t\tdynamicLabels.add(new JScrollPane(labels), BorderLayout.CENTER);\n\n\t\t\t\tString[] header = { \"Name\", \"Value\" };\n\t\t\t\tString[] a = new String[0];\n\t\t\t\tString[] names = System.getProperties().stringPropertyNames().toArray(a);\n\t\t\t\tString[][] data = new String[names.length][2];\n\t\t\t\tfor (int ii = 0; ii < names.length; ii++) {\n\t\t\t\t\tdata[ii][0] = names[ii];\n\t\t\t\t\tdata[ii][1] = System.getProperty(names[ii]);\n\t\t\t\t}\n\t\t\t\tDefaultTableModel model = new DefaultTableModel(data, header);\n\t\t\t\tJTable table = new JTable(model);\n\t\t\t\ttry {\n\t\t\t\t\t// 1.6+\n\t\t\t\t\ttable.setAutoCreateRowSorter(true);\n\t\t\t\t} catch (Exception continuewithNoSort) {\n\t\t\t\t}\n\t\t\t\tJScrollPane tableScroll = new JScrollPane(table);\n\t\t\t\tDimension tablePreferred = tableScroll.getPreferredSize();\n\t\t\t\ttableScroll.setPreferredSize(new Dimension(tablePreferred.width, tablePreferred.height / 3));\n\n\t\t\t\tJPanel imagePanel = new JPanel(new GridBagLayout());\n\t\t\t\timagePanel.setBorder(new TitledBorder(\"GridBagLayout()\"));\n\n\t\t\t\tBufferedImage bi = new BufferedImage(200, 200, BufferedImage.TYPE_INT_ARGB);\n\t\t\t\tGraphics2D g = bi.createGraphics();\n\t\t\t\tGradientPaint gp = new GradientPaint(20f, 20f, Color.red, 180f, 180f, Color.yellow);\n\t\t\t\tg.setPaint(gp);\n\t\t\t\tg.fillRect(0, 0, 200, 200);\n\t\t\t\tImageIcon ii = new ImageIcon(bi);\n\t\t\t\tJLabel imageLabel = new JLabel(ii);\n\t\t\t\timagePanel.add(imageLabel, null);\n\n\t\t\t\tJSplitPane splitPane = new JSplitPane(JSplitPane.VERTICAL_SPLIT, tableScroll,\n\t\t\t\t\t\tnew JScrollPane(imagePanel));\n\t\t\t\tgui.add(splitPane, BorderLayout.CENTER);\n\n\t\t\t\tframe.setContentPane(gui);\n\n\t\t\t\tframe.pack();\n\n\t\t\t\tframe.setLocationRelativeTo(null);\n\t\t\t\ttry {\n\t\t\t\t\t// 1.6+\n\t\t\t\t\tframe.setLocationByPlatform(true);\n\t\t\t\t\tframe.setMinimumSize(frame.getSize());\n\t\t\t\t} catch (Throwable ignoreAndContinue) {\n\t\t\t\t}\n\n\t\t\t\tframe.setVisible(true);\n\t\t\t}\n\t\t};\n\t\tSwingUtilities.invokeLater(r);\n\t}\n}","usedLibraries":["openjdk:jdk:1.8.0"]}