{
  "java_file": "/home/theguy/Documents/research/snr-server/src/test/resources/snippets/so/Class_2.java",
  "output_file": "StatType-Completion-output-json/Class_2.java.json",
  "exit_code": 0,
  "stdout": "/home/theguy/Documents/research/snr-server/benchmark/snippet_log/Class_2.java.stdout.2d17beefb33b4db398b66262b3f7bd92.txt",
  "stderr": "/home/theguy/Documents/research/snr-server/benchmark/snippet_log/Class_2.java.stderr.2d17beefb33b4db398b66262b3f7bd92.txt",
  "run_time": 22492697342,
  "total_imports": [
    "java.awt.BorderLayout",
    "java.awt.Color",
    "java.awt.Dimension",
    "java.awt.FlowLayout",
    "java.awt.GradientPaint",
    "java.awt.Graphics2D",
    "java.awt.GridBagLayout",
    "java.awt.GridLayout",
    "java.awt.event.ActionEvent",
    "java.awt.event.ActionListener",
    "java.awt.image.BufferedImage",
    "javax.swing.ImageIcon",
    "javax.swing.JButton",
    "javax.swing.JCheckBox",
    "javax.swing.JComboBox",
    "javax.swing.JFrame",
    "javax.swing.JLabel",
    "javax.swing.JPanel",
    "javax.swing.JScrollPane",
    "javax.swing.JSplitPane",
    "javax.swing.JTable",
    "javax.swing.SwingUtilities",
    "javax.swing.UIManager",
    "javax.swing.border.TitledBorder",
    "javax.swing.table.DefaultTableModel"
  ],
  "correct_imports": [
    "javax.swing.table.DefaultTableModel",
    "java.awt.GridBagLayout",
    "javax.swing.JButton",
    "java.awt.image.BufferedImage",
    "java.awt.FlowLayout",
    "java.awt.event.ActionEvent",
    "javax.swing.JScrollPane",
    "java.awt.Dimension",
    "javax.swing.JLabel",
    "javax.swing.JCheckBox",
    "java.awt.GradientPaint",
    "javax.swing.JSplitPane",
    "javax.swing.JPanel",
    "javax.swing.JTable",
    "javax.swing.UIManager",
    "java.awt.event.ActionListener",
    "java.awt.Color",
    "java.awt.Graphics2D",
    "javax.swing.SwingUtilities",
    "java.awt.GridLayout",
    "javax.swing.border.TitledBorder",
    "javax.swing.JFrame",
    "javax.swing.JComboBox",
    "javax.swing.ImageIcon",
    "java.awt.BorderLayout"
  ]
}