{"status":2,"problems":[{"fileName":"Test.java","startLocation":1240,"endLocation":1279,"lineNumber":48,"column":33,"message":"Type safety: Unchecked invocation addAll(List<T>, Iterator) of the generic method addAll(Collection<T>, Iterator<T>) of type Test","problemId":16777786,"problemSeverity":"WARNING"},{"fileName":"Test.java","startLocation":1260,"endLocation":1278,"lineNumber":48,"column":53,"message":"Type safety: The expression of type Iterator needs unchecked conversion to conform to Iterator<T>","problemId":16777748,"problemSeverity":"WARNING"},{"fileName":"Test.java","startLocation":2208,"endLocation":2229,"lineNumber":96,"column":32,"message":"NoSuchElementException cannot be resolved to a type","problemId":16777218,"problemSeverity":"ERROR"}],"originalContent":"/*\nDate: 1/19/17\nURL: http://stackoverflow.com/questions/1519736/random-shuffling-of-an-array\n*/\npackage common_JDK;\n\nclass Test\n{\n  public static void main(String args[])\n  {\n    int[] solutionArray = { 1, 2, 3, 4, 5, 6, 16, 15, 14, 13, 12, 11 };\n\n    shuffleArray(solutionArray);\n    for (int i = 0; i < solutionArray.length; i++)\n    {\n      System.out.print(solutionArray[i] + \" \");\n    }\n    System.out.println();\n    \n  }\n\n  // Implementing Fisher???Yates shuffle\n  static void shuffleArray(int[] ar)\n  {\n    // If running on Java 6 or older, use `new Random()` on RHS here\n    Random rnd = ThreadLocalRandom.current();\n    for (int i = ar.length - 1; i > 0; i--)\n    {\n      int index = rnd.nextInt(i + 1);\n      // Simple swap\n      int a = ar[index];\n      ar[index] = ar[i];\n      ar[i] = a;\n    }\n  }\n  protected static List<Integer> range(int n) {\n      return toList(new Range(n), new ArrayList<Integer>());\n  }\n\n  protected static <T> List<T> toList(Iterable<T> iterable) {\n      return toList(iterable, new ArrayList<T>());\n  }\n\n  protected static <T> List<T> toList(Iterable<T> iterable, List<T> destination) {\n      addAll(destination, iterable.iterator());\n\n      return destination;\n  }\n\n  protected static <T> void addAll(Collection<T> collection, Iterator<T> iterator) {\n      while (iterator.hasNext()) {\n          collection.add(iterator.next());\n      }\n  }\n\n  private static class Range implements Iterable<Integer> {\n      private int start;\n      private int stop;\n      private int step;\n\n      private Range(int n) {\n          this(0, n, 1);\n      }\n\n      private Range(int start, int stop) {\n          this(start, stop, 1);\n      }\n\n      private Range(int start, int stop, int step) {\n          this.start = start;\n          this.stop = stop;\n          this.step = step;\n      }\n\n      @Override\n      public Iterator<Integer> iterator() {\n          final int min = start;\n          final int max = stop / step;\n\n          return new Iterator<Integer>() {\n              private int current = min;\n\n              @Override\n              public boolean hasNext() {\n                  return current < max;\n              }\n\n              @Override\n              public Integer next() {\n                  if (hasNext()) {\n                      return current++ * step;\n                  } else {\n                      throw new NoSuchElementException(\"Range reached the end\");\n                  }\n              }\n\n              @Override\n              public void remove() {\n                  throw new UnsupportedOperationException(\"Can't remove values from a Range\");\n              }\n          };\n      }\n  }\n}","updatedContent":"/*\nDate: 1/19/17\nURL: http://stackoverflow.com/questions/1519736/random-shuffling-of-an-array\n*/\npackage common_JDK;\n\nimport java.util.List;\nimport java.util.Collection;\nimport java.util.concurrent.ThreadLocalRandom;\nimport java.util.Iterator;\nimport java.util.Random;\nimport java.util.ArrayList;\n\nclass Test {\n\tpublic static void main(String args[]) {\n\t\tint[] solutionArray = { 1, 2, 3, 4, 5, 6, 16, 15, 14, 13, 12, 11 };\n\n\t\tshuffleArray(solutionArray);\n\t\tfor (int i = 0; i < solutionArray.length; i++) {\n\t\t\tSystem.out.print(solutionArray[i] + \" \");\n\t\t}\n\t\tSystem.out.println();\n\n\t}\n\n\t// Implementing Fisher???Yates shuffle\n\tstatic void shuffleArray(int[] ar) {\n\t\t// If running on Java 6 or older, use `new Random()` on RHS here\n\t\tRandom rnd = ThreadLocalRandom.current();\n\t\tfor (int i = ar.length - 1; i > 0; i--) {\n\t\t\tint index = rnd.nextInt(i + 1);\n\t\t\t// Simple swap\n\t\t\tint a = ar[index];\n\t\t\tar[index] = ar[i];\n\t\t\tar[i] = a;\n\t\t}\n\t}\n\n\tprotected static List<Integer> range(int n) {\n\t\treturn toList(new Range(n), new ArrayList<Integer>());\n\t}\n\n\tprotected static <T> List<T> toList(Iterable<T> iterable) {\n\t\treturn toList(iterable, new ArrayList<T>());\n\t}\n\n\tprotected static <T> List<T> toList(Iterable<T> iterable, List<T> destination) {\n\t\taddAll(destination, iterable.iterator());\n\n\t\treturn destination;\n\t}\n\n\tprotected static <T> void addAll(Collection<T> collection, Iterator<T> iterator) {\n\t\twhile (iterator.hasNext()) {\n\t\t\tcollection.add(iterator.next());\n\t\t}\n\t}\n\n\tprivate static class Range implements Iterable<Integer> {\n\t\tprivate int start;\n\t\tprivate int stop;\n\t\tprivate int step;\n\n\t\tprivate Range(int n) {\n\t\t\tthis(0, n, 1);\n\t\t}\n\n\t\tprivate Range(int start, int stop) {\n\t\t\tthis(start, stop, 1);\n\t\t}\n\n\t\tprivate Range(int start, int stop, int step) {\n\t\t\tthis.start = start;\n\t\t\tthis.stop = stop;\n\t\t\tthis.step = step;\n\t\t}\n\n\t\t@Override\n\t\tpublic Iterator<Integer> iterator() {\n\t\t\tfinal int min = start;\n\t\t\tfinal int max = stop / step;\n\n\t\t\treturn new Iterator<Integer>() {\n\t\t\t\tprivate int current = min;\n\n\t\t\t\t@Override\n\t\t\t\tpublic boolean hasNext() {\n\t\t\t\t\treturn current < max;\n\t\t\t\t}\n\n\t\t\t\t@Override\n\t\t\t\tpublic Integer next() {\n\t\t\t\t\tif (hasNext()) {\n\t\t\t\t\t\treturn current++ * step;\n\t\t\t\t\t} else {\n\t\t\t\t\t\tthrow new NoSuchElementException(\"Range reached the end\");\n\t\t\t\t\t}\n\t\t\t\t}\n\n\t\t\t\t@Override\n\t\t\t\tpublic void remove() {\n\t\t\t\t\tthrow new UnsupportedOperationException(\"Can't remove values from a Range\");\n\t\t\t\t}\n\t\t\t};\n\t\t}\n\t}\n}","usedLibraries":["openjdk:jdk:1.8.0","jar:android-13.jar:1"]}