{"status":0,"problems":[],"originalContent":"/*\n Date: 1/19/17\n URL: http://stackoverflow.com/questions/109383/sort-a-mapkey-value-by-values-java\n */\npackage common_JDK;\n\npublic class Class_5\n{\n    public static <K, V extends Comparable<? super V>> Map<K, V> \n        sortByValue( Map<K, V> map )\n    {\n        List<Map.Entry<K, V>> list =\n            new LinkedList<Map.Entry<K, V>>( map.entrySet() );\n        Collections.sort( list, new Comparator<Map.Entry<K, V>>()\n        {\n            public int compare( Map.Entry<K, V> o1, Map.Entry<K, V> o2 )\n            {\n                return (o1.getValue()).compareTo( o2.getValue() );\n            }\n        } );\n\n        Map<K, V> result = new LinkedHashMap<K, V>();\n        for (Map.Entry<K, V> entry : list)\n        {\n            result.put( entry.getKey(), entry.getValue() );\n        }\n        return result;\n    }\n    public class main {\n        public void main_1() {\n            HashMap<String, Double> map = new HashMap<String, Double>();\n            ValueComparator bvc = new ValueComparator(map);\n            TreeMap<String, Double> sorted_map = new TreeMap<String, Double>(bvc);\n\n            map.put(\"A\", 99.5);\n            map.put(\"B\", 67.4);\n            map.put(\"C\", 67.4);\n            map.put(\"D\", 67.3);\n\n            System.out.println(\"unsorted map: \" + map);\n            sorted_map.putAll(map);\n            System.out.println(\"results: \" + sorted_map);\n        }\n    }\n\n    class ValueComparator implements Comparator<String> {\n        Map<String, Double> base;\n\n        public ValueComparator(Map<String, Double> base) {\n            this.base = base;\n        }\n\n        // Note: this comparator imposes orderings that are inconsistent with\n        // equals.\n        public int compare(String a, String b) {\n            if (base.get(a) >= base.get(b)) {\n                return -1;\n            } else {\n                return 1;\n            } // returning 0 would merge keys\n        }\n    }\n    \n}","updatedContent":"/*\n Date: 1/19/17\n URL: http://stackoverflow.com/questions/109383/sort-a-mapkey-value-by-values-java\n */\npackage common_JDK;\n\nimport java.util.Map;\nimport java.util.List;\nimport java.util.LinkedHashMap;\nimport java.util.TreeMap;\nimport com.google.gwt.dev.util.collect.HashMap;\nimport java.util.Collections;\nimport java.util.LinkedList;\nimport java.util.Comparator;\n\npublic class Class_5 {\n\tpublic static <K, V extends Comparable<? super V>> Map<K, V> sortByValue(Map<K, V> map) {\n\t\tList<Map.Entry<K, V>> list = new LinkedList<Map.Entry<K, V>>(map.entrySet());\n\t\tCollections.sort(list, new Comparator<Map.Entry<K, V>>() {\n\t\t\tpublic int compare(Map.Entry<K, V> o1, Map.Entry<K, V> o2) {\n\t\t\t\treturn (o1.getValue()).compareTo(o2.getValue());\n\t\t\t}\n\t\t});\n\n\t\tMap<K, V> result = new LinkedHashMap<K, V>();\n\t\tfor (Map.Entry<K, V> entry : list) {\n\t\t\tresult.put(entry.getKey(), entry.getValue());\n\t\t}\n\t\treturn result;\n\t}\n\n\tpublic class main {\n\t\tpublic void main_1() {\n\t\t\tHashMap<String, Double> map = new HashMap<String, Double>();\n\t\t\tValueComparator bvc = new ValueComparator(map);\n\t\t\tTreeMap<String, Double> sorted_map = new TreeMap<String, Double>(bvc);\n\n\t\t\tmap.put(\"A\", 99.5);\n\t\t\tmap.put(\"B\", 67.4);\n\t\t\tmap.put(\"C\", 67.4);\n\t\t\tmap.put(\"D\", 67.3);\n\n\t\t\tSystem.out.println(\"unsorted map: \" + map);\n\t\t\tsorted_map.putAll(map);\n\t\t\tSystem.out.println(\"results: \" + sorted_map);\n\t\t}\n\t}\n\n\tclass ValueComparator implements Comparator<String> {\n\t\tMap<String, Double> base;\n\n\t\tpublic ValueComparator(Map<String, Double> base) {\n\t\t\tthis.base = base;\n\t\t}\n\n\t\t// Note: this comparator imposes orderings that are inconsistent with\n\t\t// equals.\n\t\tpublic int compare(String a, String b) {\n\t\t\tif (base.get(a) >= base.get(b)) {\n\t\t\t\treturn -1;\n\t\t\t} else {\n\t\t\t\treturn 1;\n\t\t\t} // returning 0 would merge keys\n\t\t}\n\t}\n\n}","usedLibraries":["jar:gwt-dev-2.9.0.jar:1","jar:android-13.jar:1"]}