{"status":0,"problems":[],"originalContent":"package common_JDK;\n/*\n Date: 1/19/17\n URL: http://stackoverflow.com/questions/3481828/how-to-split-a-string-in-java\n */\n\nclass Class_4\n{\n    private static Pattern twopart = Pattern.compile(\"(\\\\d+)-(\\\\d+)\");\n\n    public static void checkString(String s)\n    {\n        Matcher m = twopart.matcher(s);\n        if (m.matches()) {\n            System.out.println(s + \" matches; first part is \" + m.group(0) +\n                               \", second part is \" + m.group(1) + \".\");\n        } else {\n            System.out.println(s + \" does not match.\");\n        }\n    }\n\n    public static void main(String[] args) {\n        checkString(\"123-4567\");\n        checkString(\"foo-bar\");\n        checkString(\"123-\");\n        checkString(\"-4567\");\n        checkString(\"123-4567-890\");\n    }\n    \n    public static String[] mySplit(String text, String delimiter) {\n        List<String> parts = new ArrayList<String>();\n\n        text += delimiter;\n\n        for (int i = text.indexOf(delimiter), j=0; i != -1;) {\n            String temp = text.substring(j,i);\n            if(temp.trim().length() != 0) {\n                parts.add(temp);\n            }\n            j = i + delimiter.length();\n            i = text.indexOf(delimiter,j);\n        }\n\n        return parts.toArray(new String[0]);\n    }\n\n\n    public static void main_2() {\n        String str = \"004-034556\";\n        String delimiter = \"-\";\n        String result[] = mySplit(str, delimiter);\n        for(String s:result)\n            System.out.println(s);\n    }\n}","updatedContent":"package common_JDK;\n/*\n Date: 1/19/17\n URL: http://stackoverflow.com/questions/3481828/how-to-split-a-string-in-java\n */\n\nimport java.util.List;\nimport java.util.regex.Matcher;\nimport java.util.regex.Pattern;\nimport java.util.ArrayList;\n\nclass Class_4 {\n\tprivate static Pattern twopart = Pattern.compile(\"(\\\\d+)-(\\\\d+)\");\n\n\tpublic static void checkString(String s) {\n\t\tMatcher m = twopart.matcher(s);\n\t\tif (m.matches()) {\n\t\t\tSystem.out.println(s + \" matches; first part is \" + m.group(0) + \", second part is \" + m.group(1) + \".\");\n\t\t} else {\n\t\t\tSystem.out.println(s + \" does not match.\");\n\t\t}\n\t}\n\n\tpublic static void main(String[] args) {\n\t\tcheckString(\"123-4567\");\n\t\tcheckString(\"foo-bar\");\n\t\tcheckString(\"123-\");\n\t\tcheckString(\"-4567\");\n\t\tcheckString(\"123-4567-890\");\n\t}\n\n\tpublic static String[] mySplit(String text, String delimiter) {\n\t\tList<String> parts = new ArrayList<String>();\n\n\t\ttext += delimiter;\n\n\t\tfor (int i = text.indexOf(delimiter), j = 0; i != -1;) {\n\t\t\tString temp = text.substring(j, i);\n\t\t\tif (temp.trim().length() != 0) {\n\t\t\t\tparts.add(temp);\n\t\t\t}\n\t\t\tj = i + delimiter.length();\n\t\t\ti = text.indexOf(delimiter, j);\n\t\t}\n\n\t\treturn parts.toArray(new String[0]);\n\t}\n\n\tpublic static void main_2() {\n\t\tString str = \"004-034556\";\n\t\tString delimiter = \"-\";\n\t\tString result[] = mySplit(str, delimiter);\n\t\tfor (String s : result)\n\t\t\tSystem.out.println(s);\n\t}\n}","usedLibraries":["jar:android-13.jar:1"]}