{"status":2,"problems":[{"fileName":"Class_12.java","startLocation":1430,"endLocation":1468,"lineNumber":40,"column":40,"message":"The constructor ParseException(String, int) is undefined","problemId":134217858,"problemSeverity":"ERROR"},{"fileName":"Class_12.java","startLocation":2679,"endLocation":2712,"lineNumber":68,"column":13,"message":"Unhandled exception type ParseException","problemId":16777384,"problemSeverity":"ERROR"},{"fileName":"Class_12.java","startLocation":2736,"endLocation":2769,"lineNumber":70,"column":13,"message":"Unhandled exception type ParseException","problemId":16777384,"problemSeverity":"ERROR"}],"originalContent":"/*\nDate: 1/19/17\nURL: http://stackoverflow.com/questions/2201925/converting-iso-8601-compliant-string-to-java-util-date\n*/\npackage common_JDK;\n\n/**\n * Helper class for handling a most common subset of ISO 8601 strings\n * (in the following format: \"2008-03-01T13:00:00+01:00\"). It supports\n * parsing the \"Z\" timezone, but many other less-used features are\n * missing.\n */\npublic final class Class_12 {\n    /** Transform Calendar to ISO 8601 string. */\n    public static String fromCalendar(final Calendar calendar) {\n        Date date = calendar.getTime();\n        String formatted = new SimpleDateFormat(\"yyyy-MM-dd'T'HH:mm:ssZ\")\n            .format(date);\n        return formatted.substring(0, 22) + \":\" + formatted.substring(22);\n    }\n\n    /** Get current date and time formatted as ISO 8601 string. */\n    public static String now() {\n        return fromCalendar(GregorianCalendar.getInstance());\n    }\n\n    /** Transform ISO 8601 string to Calendar. */\n    public static Calendar toCalendar(final String iso8601string)\n            throws ParseException {\n        Calendar calendar = GregorianCalendar.getInstance();\n        String s = iso8601string.replace(\"Z\", \"+00:00\");\n        try {\n            s = s.substring(0, 22) + s.substring(23);  // to get rid of the \":\"\n        } catch (IndexOutOfBoundsException e) {\n            throw new ParseException(\"Invalid length\", 0);\n        }\n        Date date = new SimpleDateFormat(\"yyyy-MM-dd'T'HH:mm:ssZ\").parse(s);\n        calendar.setTime(date);\n        return calendar;\n    }\n\npublic class ISO8601DateFormatter {\n\nprivate final DateFormat DATE_FORMAT_1 = new SimpleDateFormat(\"yyyy-MM-dd'T'HH:mm:ssZ\");\nprivate final DateFormat DATE_FORMAT_2 = new SimpleDateFormat(\"yyyy-MM-dd'T'HHmmssZ\");\nprivate static final String UTC_PLUS = \"+\";\nprivate static final String UTC_MINUS = \"-\";\n\npublic Date toDate(String iso8601string) throws ParseException {\n    iso8601string = iso8601string.trim();\n    if(iso8601string.toUpperCase().indexOf(\"Z\")>0){\n        iso8601string = iso8601string.toUpperCase().replace(\"Z\", \"+0000\");\n    }else if(((iso8601string.indexOf(UTC_PLUS))>0)){\n        iso8601string = replaceColon(iso8601string, iso8601string.indexOf(UTC_PLUS));\n        iso8601string = appendZeros(iso8601string, iso8601string.indexOf(UTC_PLUS), UTC_PLUS);\n    }else if(((iso8601string.indexOf(UTC_MINUS))>0)){\n        iso8601string = replaceColon(iso8601string, iso8601string.indexOf(UTC_MINUS));\n        iso8601string = appendZeros(iso8601string, iso8601string.indexOf(UTC_MINUS), UTC_MINUS);\n    }\n\n    Date date = null;\n    if(iso8601string.contains(\":\"))\n        date = DATE_FORMAT_1.parse(iso8601string);\n    else{\n        date = DATE_FORMAT_2.parse(iso8601string);\n    }\n    return date;\n}\n\npublic String toISO8601String(Date date){\n    return DATE_FORMAT_1.format(date);\n}\n\nprivate String replaceColon(String sourceStr, int offsetIndex){\n    if(sourceStr.substring(offsetIndex).contains(\":\"))\n        return sourceStr.substring(0, offsetIndex) + sourceStr.substring(offsetIndex).replace(\":\", \"\");\n    return sourceStr;\n}\n\nprivate String appendZeros(String sourceStr, int offsetIndex, String offsetChar){\n    if((sourceStr.length()-1)-sourceStr.indexOf(offsetChar,offsetIndex)<=2)\n        return sourceStr + \"00\";\n    return sourceStr;\n}\n}}","updatedContent":"/*\nDate: 1/19/17\nURL: http://stackoverflow.com/questions/2201925/converting-iso-8601-compliant-string-to-java-util-date\n*/\npackage common_JDK;\n\nimport java.util.Calendar;\nimport java.util.GregorianCalendar;\nimport com.google.gwt.core.ext.typeinfo.ParseException;\nimport java.util.Date;\nimport java.text.DateFormat;\nimport java.text.SimpleDateFormat;\n\n/**\n * Helper class for handling a most common subset of ISO 8601 strings\n * (in the following format: \"2008-03-01T13:00:00+01:00\"). It supports\n * parsing the \"Z\" timezone, but many other less-used features are\n * missing.\n */\npublic final class Class_12 {\n\t/** Transform Calendar to ISO 8601 string. */\n\tpublic static String fromCalendar(final Calendar calendar) {\n\t\tDate date = calendar.getTime();\n\t\tString formatted = new SimpleDateFormat(\"yyyy-MM-dd'T'HH:mm:ssZ\").format(date);\n\t\treturn formatted.substring(0, 22) + \":\" + formatted.substring(22);\n\t}\n\n\t/** Get current date and time formatted as ISO 8601 string. */\n\tpublic static String now() {\n\t\treturn fromCalendar(GregorianCalendar.getInstance());\n\t}\n\n\t/** Transform ISO 8601 string to Calendar. */\n\tpublic static Calendar toCalendar(final String iso8601string) throws ParseException {\n\t\tCalendar calendar = GregorianCalendar.getInstance();\n\t\tString s = iso8601string.replace(\"Z\", \"+00:00\");\n\t\ttry {\n\t\t\ts = s.substring(0, 22) + s.substring(23); // to get rid of the \":\"\n\t\t} catch (IndexOutOfBoundsException e) {\n\t\t\tthrow new ParseException(\"Invalid length\", 0);\n\t\t}\n\t\tDate date = new SimpleDateFormat(\"yyyy-MM-dd'T'HH:mm:ssZ\").parse(s);\n\t\tcalendar.setTime(date);\n\t\treturn calendar;\n\t}\n\n\tpublic class ISO8601DateFormatter {\n\n\t\tprivate final DateFormat DATE_FORMAT_1 = new SimpleDateFormat(\"yyyy-MM-dd'T'HH:mm:ssZ\");\n\t\tprivate final DateFormat DATE_FORMAT_2 = new SimpleDateFormat(\"yyyy-MM-dd'T'HHmmssZ\");\n\t\tprivate static final String UTC_PLUS = \"+\";\n\t\tprivate static final String UTC_MINUS = \"-\";\n\n\t\tpublic Date toDate(String iso8601string) throws ParseException {\n\t\t\tiso8601string = iso8601string.trim();\n\t\t\tif (iso8601string.toUpperCase().indexOf(\"Z\") > 0) {\n\t\t\t\tiso8601string = iso8601string.toUpperCase().replace(\"Z\", \"+0000\");\n\t\t\t} else if (((iso8601string.indexOf(UTC_PLUS)) > 0)) {\n\t\t\t\tiso8601string = replaceColon(iso8601string, iso8601string.indexOf(UTC_PLUS));\n\t\t\t\tiso8601string = appendZeros(iso8601string, iso8601string.indexOf(UTC_PLUS), UTC_PLUS);\n\t\t\t} else if (((iso8601string.indexOf(UTC_MINUS)) > 0)) {\n\t\t\t\tiso8601string = replaceColon(iso8601string, iso8601string.indexOf(UTC_MINUS));\n\t\t\t\tiso8601string = appendZeros(iso8601string, iso8601string.indexOf(UTC_MINUS), UTC_MINUS);\n\t\t\t}\n\n\t\t\tDate date = null;\n\t\t\tif (iso8601string.contains(\":\"))\n\t\t\t\tdate = DATE_FORMAT_1.parse(iso8601string);\n\t\t\telse {\n\t\t\t\tdate = DATE_FORMAT_2.parse(iso8601string);\n\t\t\t}\n\t\t\treturn date;\n\t\t}\n\n\t\tpublic String toISO8601String(Date date) {\n\t\t\treturn DATE_FORMAT_1.format(date);\n\t\t}\n\n\t\tprivate String replaceColon(String sourceStr, int offsetIndex) {\n\t\t\tif (sourceStr.substring(offsetIndex).contains(\":\"))\n\t\t\t\treturn sourceStr.substring(0, offsetIndex) + sourceStr.substring(offsetIndex).replace(\":\", \"\");\n\t\t\treturn sourceStr;\n\t\t}\n\n\t\tprivate String appendZeros(String sourceStr, int offsetIndex, String offsetChar) {\n\t\t\tif ((sourceStr.length() - 1) - sourceStr.indexOf(offsetChar, offsetIndex) <= 2)\n\t\t\t\treturn sourceStr + \"00\";\n\t\t\treturn sourceStr;\n\t\t}\n\t}\n}","usedLibraries":["jar:gwt-dev-2.9.0.jar:1","jar:android-13.jar:1"]}