{
  "java_file": "/home/theguy/Documents/research/snr-server/src/test/resources/snippets/so/Class_4.java",
  "output_file": "StatType-Completion-output-json/Class_4.java.json",
  "exit_code": 0,
  "stdout": "/home/theguy/Documents/research/snr-server/benchmark/snippet_log/Class_4.java.stdout.6db173bd2ee0437eb03535ea03023c71.txt",
  "stderr": "/home/theguy/Documents/research/snr-server/benchmark/snippet_log/Class_4.java.stderr.6db173bd2ee0437eb03535ea03023c71.txt",
  "run_time": 16981885441,
  "total_imports": [
    "java.util.regex.Pattern",
    "java.util.ArrayList",
    "java.util.List",
    "java.util.regex.Matcher"
  ],
  "correct_imports": [
    "java.util.List",
    "java.util.regex.Matcher",
    "java.util.regex.Pattern",
    "java.util.ArrayList"
  ]
}