{
  "java_file": "/home/theguy/Documents/research/snr-server/src/test/resources/snippets/so/Class_9.java",
  "output_file": "StatType-Completion-output-json/Class_9.java.json",
  "exit_code": 0,
  "stdout": "/home/theguy/Documents/research/snr-server/benchmark/snippet_log/Class_9.java.stdout.f80b2af9635c40aa9cc9a49efc1cf5ff.txt",
  "stderr": "/home/theguy/Documents/research/snr-server/benchmark/snippet_log/Class_9.java.stderr.f80b2af9635c40aa9cc9a49efc1cf5ff.txt",
  "run_time": 14167253958,
  "total_imports": [
    "java.sql.Connection",
    "java.sql.DriverManager",
    "java.sql.SQLException",
    "java.util.Properties"
  ],
  "correct_imports": [
    "java.util.Properties"
  ]
}