{"status":2,"problems":[{"fileName":"Class_7.java","startLocation":397,"endLocation":400,"lineNumber":18,"column":1,"message":"Date cannot be resolved to a type","problemId":16777218,"problemSeverity":"ERROR"},{"fileName":"Class_7.java","startLocation":452,"endLocation":455,"lineNumber":20,"column":25,"message":"Date cannot be resolved to a type","problemId":16777218,"problemSeverity":"ERROR"},{"fileName":"Class_7.java","startLocation":503,"endLocation":510,"lineNumber":23,"column":9,"message":"Date cannot be resolved to a type","problemId":16777218,"problemSeverity":"ERROR"},{"fileName":"Class_7.java","startLocation":593,"endLocation":600,"lineNumber":27,"column":0,"message":"Date cannot be resolved to a type","problemId":16777218,"problemSeverity":"ERROR"},{"fileName":"Class_7.java","startLocation":1037,"endLocation":1049,"lineNumber":48,"column":4,"message":"Date cannot be resolved to a type","problemId":16777218,"problemSeverity":"ERROR"},{"fileName":"Class_7.java","startLocation":1061,"endLocation":1073,"lineNumber":48,"column":28,"message":"Date cannot be resolved to a type","problemId":16777218,"problemSeverity":"ERROR"},{"fileName":"Class_7.java","startLocation":1315,"endLocation":1362,"lineNumber":59,"column":62,"message":"The constructor Class_7.Person(String, int, Date) refers to the missing type Date","problemId":134217857,"problemSeverity":"ERROR"},{"fileName":"Class_7.java","startLocation":1380,"endLocation":1427,"lineNumber":60,"column":57,"message":"The constructor Class_7.Person(String, int, Date) refers to the missing type Date","problemId":134217857,"problemSeverity":"ERROR"},{"fileName":"Class_7.java","startLocation":1445,"endLocation":1492,"lineNumber":61,"column":52,"message":"The constructor Class_7.Person(String, int, Date) refers to the missing type Date","problemId":134217857,"problemSeverity":"ERROR"}],"originalContent":"package common_JDK;\n/*\n Date: 1/19/17\n URL: http://stackoverflow.com/questions/2784514/sort-arraylist-of-custom-objects-by-property\n */\n\npublic class Class_7 {\n\npublic static class Person {\n    public String name;\n    public int id;\n    public Date hireDate;\n\n    public Person(String iname, int iid, Date ihireDate) {\n        name = iname;\n        id = iid;\n        hireDate = ihireDate;\n    }\n\n    public String toString() {\n        return name + \" \" + id + \" \" + hireDate.toString();\n    }\n\n    // Comparator\n    public static class CompId implements Comparator<Person> {\n        @Override\n        public int compare(Person arg0, Person arg1) {\n            return arg0.id - arg1.id;\n        }\n    }\n\n    public static class CompDate implements Comparator<Person> {\n        private int mod = 1;\n        public CompDate(boolean desc) {\n            if (desc) mod =-1;\n        }\n        @Override\n        public int compare(Person arg0, Person arg1) {\n            return mod*arg0.hireDate.compareTo(arg1.hireDate);\n        }\n    }\n}\n\npublic static void main(String[] args) {\n    // TODO Auto-generated method stub\n    SimpleDateFormat df = new SimpleDateFormat(\"mm-dd-yyyy\");\n    ArrayList<Person> people;\n    people = new ArrayList<Person>();\n    try {\n        people.add(new Person(\"Joe\", 92422, df.parse(\"12-12-2010\")));\n        people.add(new Person(\"Joef\", 24122, df.parse(\"1-12-2010\")));\n        people.add(new Person(\"Joee\", 24922, df.parse(\"12-2-2010\")));\n    } catch (ParseException e) {\n        // TODO Auto-generated catch block\n        e.printStackTrace();\n    }\n\n    Collections.sort(people, new Person.CompId());\n    System.out.println(\"BY ID\");\n    for (Person p : people) {\n        System.out.println(p.toString());\n    }\n\n    Collections.sort(people, new Person.CompDate(false));\n    System.out.println(\"BY Date asc\");\n    for (Person p : people) {\n        System.out.println(p.toString());\n    }\n    Collections.sort(people, new Person.CompDate(true));\n    System.out.println(\"BY Date desc\");\n    for (Person p : people) {\n        System.out.println(p.toString());\n    }\n\n}\n\n}","updatedContent":"package common_JDK;\n/*\n Date: 1/19/17\n URL: http://stackoverflow.com/questions/2784514/sort-arraylist-of-custom-objects-by-property\n */\n\nimport android.net.ParseException;\nimport java.util.Collections;\nimport java.text.SimpleDateFormat;\nimport java.util.ArrayList;\nimport java.util.Comparator;\n\npublic class Class_7 {\n\n\tpublic static class Person {\n\t\tpublic String name;\n\t\tpublic int id;\n\t\tpublic Date hireDate;\n\n\t\tpublic Person(String iname, int iid, Date ihireDate) {\n\t\t\tname = iname;\n\t\t\tid = iid;\n\t\t\thireDate = ihireDate;\n\t\t}\n\n\t\tpublic String toString() {\n\t\t\treturn name + \" \" + id + \" \" + hireDate.toString();\n\t\t}\n\n\t\t// Comparator\n\t\tpublic static class CompId implements Comparator<Person> {\n\t\t\t@Override\n\t\t\tpublic int compare(Person arg0, Person arg1) {\n\t\t\t\treturn arg0.id - arg1.id;\n\t\t\t}\n\t\t}\n\n\t\tpublic static class CompDate implements Comparator<Person> {\n\t\t\tprivate int mod = 1;\n\n\t\t\tpublic CompDate(boolean desc) {\n\t\t\t\tif (desc)\n\t\t\t\t\tmod = -1;\n\t\t\t}\n\n\t\t\t@Override\n\t\t\tpublic int compare(Person arg0, Person arg1) {\n\t\t\t\treturn mod * arg0.hireDate.compareTo(arg1.hireDate);\n\t\t\t}\n\t\t}\n\t}\n\n\tpublic static void main(String[] args) {\n\t\t// TODO Auto-generated method stub\n\t\tSimpleDateFormat df = new SimpleDateFormat(\"mm-dd-yyyy\");\n\t\tArrayList<Person> people;\n\t\tpeople = new ArrayList<Person>();\n\t\ttry {\n\t\t\tpeople.add(new Person(\"Joe\", 92422, df.parse(\"12-12-2010\")));\n\t\t\tpeople.add(new Person(\"Joef\", 24122, df.parse(\"1-12-2010\")));\n\t\t\tpeople.add(new Person(\"Joee\", 24922, df.parse(\"12-2-2010\")));\n\t\t} catch (ParseException e) {\n\t\t\t// TODO Auto-generated catch block\n\t\t\te.printStackTrace();\n\t\t}\n\n\t\tCollections.sort(people, new Person.CompId());\n\t\tSystem.out.println(\"BY ID\");\n\t\tfor (Person p : people) {\n\t\t\tSystem.out.println(p.toString());\n\t\t}\n\n\t\tCollections.sort(people, new Person.CompDate(false));\n\t\tSystem.out.println(\"BY Date asc\");\n\t\tfor (Person p : people) {\n\t\t\tSystem.out.println(p.toString());\n\t\t}\n\t\tCollections.sort(people, new Person.CompDate(true));\n\t\tSystem.out.println(\"BY Date desc\");\n\t\tfor (Person p : people) {\n\t\t\tSystem.out.println(p.toString());\n\t\t}\n\n\t}\n\n}","usedLibraries":["jar:android-13.jar:1"]}