{
  "java_file": "/home/theguy/Documents/research/snr-server/src/test/resources/snippets/so/Class_22.java",
  "output_file": "StatType-Completion-output-json/Class_22.java.json",
  "exit_code": 0,
  "stdout": "/home/theguy/Documents/research/snr-server/benchmark/snippet_log/Class_22.java.stdout.df5d3a6aafe54c218ff3192bf20e98e6.txt",
  "stderr": "/home/theguy/Documents/research/snr-server/benchmark/snippet_log/Class_22.java.stderr.df5d3a6aafe54c218ff3192bf20e98e6.txt",
  "run_time": 18489281268,
  "total_imports": [
    "java.awt.Container",
    "java.awt.EventQueue",
    "java.awt.GridLayout",
    "java.beans.PropertyChangeEvent",
    "java.beans.PropertyChangeListener",
    "java.text.DecimalFormat",
    "java.util.List",
    "javax.swing.JFrame",
    "javax.swing.JLabel",
    "javax.swing.JProgressBar",
    "javax.swing.SwingWorker"
  ],
  "correct_imports": [
    "java.util.List",
    "java.awt.EventQueue",
    "javax.swing.JLabel",
    "java.text.DecimalFormat",
    "javax.swing.JProgressBar",
    "java.awt.Container",
    "java.beans.PropertyChangeListener",
    "javax.swing.JFrame",
    "java.beans.PropertyChangeEvent",
    "javax.swing.SwingWorker"
  ]
}