{"status":2,"problems":[{"fileName":"Class_3.java","startLocation":1572,"endLocation":1577,"lineNumber":47,"column":30,"message":"The method append(Object) is ambiguous for the type StringBuilder","problemId":67108966,"problemSeverity":"ERROR"},{"fileName":"Class_3.java","startLocation":3164,"endLocation":3189,"lineNumber":103,"column":18,"message":"Unhandled exception type ParseException","problemId":16777384,"problemSeverity":"ERROR"}],"originalContent":"package common_JDK;\n/*\n Date: 1/19/17\n URL: http://stackoverflow.com/questions/153724/how-to-round-a-number-to-n-decimal-places-in-java\n */\n\npublic class Class_3 {\n\n    private static final String SYMBOL_INFINITE           = \"\\u221e\";\n    private static final char   SYMBOL_MINUS              = '-';\n    private static final char   SYMBOL_ZERO               = '0';\n    private static final int    DECIMAL_LEADING_GROUPS    = 10;\n    private static final int    EXPONENTIAL_INT_THRESHOLD = 1000000000; // After this value switch to exponential notation\n    private static final double EXPONENTIAL_DEC_THRESHOLD = 0.0001; // Below this value switch to exponential notation\n\n    private DecimalFormat decimalFormat;\n    private DecimalFormat decimalFormatLong;\n    private DecimalFormat exponentialFormat;\n\n    private char groupSeparator;\n\n    public void NumberFormatter(int decimalPlaces) {\n        configureDecimalPlaces(decimalPlaces);\n    }\n\n    public void configureDecimalPlaces(int decimalPlaces) {\n        if (decimalPlaces <= 0) {\n            throw new IllegalArgumentException(\"Invalid decimal places\");\n        }\n\n        DecimalFormatSymbols separators = new DecimalFormatSymbols(Locale.getDefault());\n        separators.setMinusSign(SYMBOL_MINUS);\n        separators.setZeroDigit(SYMBOL_ZERO);\n\n        groupSeparator = separators.getGroupingSeparator();\n\n        StringBuilder decimal = new StringBuilder();\n        StringBuilder exponential = new StringBuilder(\"0.\");\n\n        for (int i = 0; i < DECIMAL_LEADING_GROUPS; i++) {\n            decimal.append(\"###\").append(i == DECIMAL_LEADING_GROUPS - 1 ? \".\" : \",\");\n        }\n\n        for (int i = 0; i < decimalPlaces; i++) {\n            decimal.append(\"#\");\n            exponential.append(\"0\");\n        }\n\n        exponential.append(\"E0\");\n\n        decimalFormat = new DecimalFormat(decimal.toString(), separators);\n        decimalFormatLong = new DecimalFormat(decimal.append(\"####\").toString(), separators);\n        exponentialFormat = new DecimalFormat(exponential.toString(), separators);\n\n        decimalFormat.setRoundingMode(RoundingMode.HALF_UP);\n        decimalFormatLong.setRoundingMode(RoundingMode.HALF_UP);\n        exponentialFormat.setRoundingMode(RoundingMode.HALF_UP);\n    }\n\n    public String format(double value) {\n        String result;\n        if (Double.isNaN(value)) {\n            result = \"\";\n        } else if (Double.isInfinite(value)) {\n            result = String.valueOf(SYMBOL_INFINITE);\n        } else {\n            double absValue = Math.abs(value);\n            if (absValue >= 1) {\n                if (absValue >= EXPONENTIAL_INT_THRESHOLD) {\n                    value = Math.floor(value);\n                    result = exponentialFormat.format(value);\n                } else {\n                    result = decimalFormat.format(value);\n                }\n            } else if (absValue < 1 && absValue > 0) {\n                if (absValue >= EXPONENTIAL_DEC_THRESHOLD) {\n                    result = decimalFormat.format(value);\n                    if (result.equalsIgnoreCase(\"0\")) {\n                        result = decimalFormatLong.format(value);\n                    }\n                } else {\n                    result = exponentialFormat.format(value);\n                }\n            } else {\n                result = \"0\";\n            }\n        }\n        return result;\n    }\n\n    public String formatWithoutGroupSeparators(double value) {\n        return removeGroupSeparators(format(value));\n    }\n\n    public double parse(String value, double defValue) {\n        try {\n            return decimalFormat.parse(value).doubleValue();\n        } catch (ParseException e) {\n            e.printStackTrace();\n        }\n        return defValue;\n    }\n\n    private String removeGroupSeparators(String number) {\n        return number.replace(String.valueOf(groupSeparator), \"\");\n    }\n\n}","updatedContent":"package common_JDK;\n/*\n Date: 1/19/17\n URL: http://stackoverflow.com/questions/153724/how-to-round-a-number-to-n-decimal-places-in-java\n */\n\nimport android.net.ParseException;\nimport java.util.Locale;\nimport java.text.DecimalFormat;\nimport java.text.DecimalFormatSymbols;\nimport java.math.RoundingMode;\n\npublic class Class_3 {\n\n\tprivate static final String SYMBOL_INFINITE = \"\\u221e\";\n\tprivate static final char SYMBOL_MINUS = '-';\n\tprivate static final char SYMBOL_ZERO = '0';\n\tprivate static final int DECIMAL_LEADING_GROUPS = 10;\n\tprivate static final int EXPONENTIAL_INT_THRESHOLD = 1000000000; // After this value switch to exponential notation\n\tprivate static final double EXPONENTIAL_DEC_THRESHOLD = 0.0001; // Below this value switch to exponential notation\n\n\tprivate DecimalFormat decimalFormat;\n\tprivate DecimalFormat decimalFormatLong;\n\tprivate DecimalFormat exponentialFormat;\n\n\tprivate char groupSeparator;\n\n\tpublic void NumberFormatter(int decimalPlaces) {\n\t\tconfigureDecimalPlaces(decimalPlaces);\n\t}\n\n\tpublic void configureDecimalPlaces(int decimalPlaces) {\n\t\tif (decimalPlaces <= 0) {\n\t\t\tthrow new IllegalArgumentException(\"Invalid decimal places\");\n\t\t}\n\n\t\tDecimalFormatSymbols separators = new DecimalFormatSymbols(Locale.getDefault());\n\t\tseparators.setMinusSign(SYMBOL_MINUS);\n\t\tseparators.setZeroDigit(SYMBOL_ZERO);\n\n\t\tgroupSeparator = separators.getGroupingSeparator();\n\n\t\tStringBuilder decimal = new StringBuilder();\n\t\tStringBuilder exponential = new StringBuilder(\"0.\");\n\n\t\tfor (int i = 0; i < DECIMAL_LEADING_GROUPS; i++) {\n\t\t\tdecimal.append(\"###\").append(i == DECIMAL_LEADING_GROUPS - 1 ? \".\" : \",\");\n\t\t}\n\n\t\tfor (int i = 0; i < decimalPlaces; i++) {\n\t\t\tdecimal.append(\"#\");\n\t\t\texponential.append(\"0\");\n\t\t}\n\n\t\texponential.append(\"E0\");\n\n\t\tdecimalFormat = new DecimalFormat(decimal.toString(), separators);\n\t\tdecimalFormatLong = new DecimalFormat(decimal.append(\"####\").toString(), separators);\n\t\texponentialFormat = new DecimalFormat(exponential.toString(), separators);\n\n\t\tdecimalFormat.setRoundingMode(RoundingMode.HALF_UP);\n\t\tdecimalFormatLong.setRoundingMode(RoundingMode.HALF_UP);\n\t\texponentialFormat.setRoundingMode(RoundingMode.HALF_UP);\n\t}\n\n\tpublic String format(double value) {\n\t\tString result;\n\t\tif (Double.isNaN(value)) {\n\t\t\tresult = \"\";\n\t\t} else if (Double.isInfinite(value)) {\n\t\t\tresult = String.valueOf(SYMBOL_INFINITE);\n\t\t} else {\n\t\t\tdouble absValue = Math.abs(value);\n\t\t\tif (absValue >= 1) {\n\t\t\t\tif (absValue >= EXPONENTIAL_INT_THRESHOLD) {\n\t\t\t\t\tvalue = Math.floor(value);\n\t\t\t\t\tresult = exponentialFormat.format(value);\n\t\t\t\t} else {\n\t\t\t\t\tresult = decimalFormat.format(value);\n\t\t\t\t}\n\t\t\t} else if (absValue < 1 && absValue > 0) {\n\t\t\t\tif (absValue >= EXPONENTIAL_DEC_THRESHOLD) {\n\t\t\t\t\tresult = decimalFormat.format(value);\n\t\t\t\t\tif (result.equalsIgnoreCase(\"0\")) {\n\t\t\t\t\t\tresult = decimalFormatLong.format(value);\n\t\t\t\t\t}\n\t\t\t\t} else {\n\t\t\t\t\tresult = exponentialFormat.format(value);\n\t\t\t\t}\n\t\t\t} else {\n\t\t\t\tresult = \"0\";\n\t\t\t}\n\t\t}\n\t\treturn result;\n\t}\n\n\tpublic String formatWithoutGroupSeparators(double value) {\n\t\treturn removeGroupSeparators(format(value));\n\t}\n\n\tpublic double parse(String value, double defValue) {\n\t\ttry {\n\t\t\treturn decimalFormat.parse(value).doubleValue();\n\t\t} catch (ParseException e) {\n\t\t\te.printStackTrace();\n\t\t}\n\t\treturn defValue;\n\t}\n\n\tprivate String removeGroupSeparators(String number) {\n\t\treturn number.replace(String.valueOf(groupSeparator), \"\");\n\t}\n\n}","usedLibraries":["jar:android-13.jar:1"]}