{
  "java_file": "/home/theguy/Documents/research/snr-server/src/test/resources/snippets/so/Class_18.java",
  "output_file": "StatType-Completion-output-json/Class_18.java.json",
  "exit_code": 0,
  "stdout": "/home/theguy/Documents/research/snr-server/benchmark/snippet_log/Class_18.java.stdout.c87a7c8b8ff8454fbd5f180427d60851.txt",
  "stderr": "/home/theguy/Documents/research/snr-server/benchmark/snippet_log/Class_18.java.stderr.c87a7c8b8ff8454fbd5f180427d60851.txt",
  "run_time": 31606483188,
  "total_imports": [
    "java.lang.reflect.Array",
    "java.lang.reflect.Field"
  ],
  "correct_imports": [
    "java.lang.reflect.Array",
    "java.lang.reflect.Field"
  ]
}