{
  "java_file": "/home/theguy/Documents/research/snr-server/src/test/resources/snippets/so/Class_23.java",
  "output_file": "StatType-Completion-output-json/Class_23.java.json",
  "exit_code": 0,
  "stdout": "/home/theguy/Documents/research/snr-server/benchmark/snippet_log/Class_23.java.stdout.ffa3fe7f663841d49003102741999b3d.txt",
  "stderr": "/home/theguy/Documents/research/snr-server/benchmark/snippet_log/Class_23.java.stderr.ffa3fe7f663841d49003102741999b3d.txt",
  "run_time": 1288210107,
  "total_imports": [],
  "correct_imports": []
}