{"status":2,"problems":[{"fileName":"Class_16.java","startLocation":947,"endLocation":965,"lineNumber":26,"column":36,"message":"Type safety: The expression of type Class needs unchecked conversion to conform to Class<? extends Preferences>","problemId":16777748,"problemSeverity":"WARNING"}],"originalContent":"/*\nDate: 1/19/17\nURL: http://stackoverflow.com/questions/62289/read-write-to-windows-registry-using-java\n*/\npackage common_JDK;\n\npublic class Class_16 {\n  public static final int HKEY_CURRENT_USER = 0x80000001;\n  public static final int HKEY_LOCAL_MACHINE = 0x80000002;\n  public static final int REG_SUCCESS = 0;\n  public static final int REG_NOTFOUND = 2;\n  public static final int REG_ACCESSDENIED = 5;\n\n  private static final int KEY_ALL_ACCESS = 0xf003f;\n  private static final int KEY_READ = 0x20019;\n  private static final Preferences userRoot = Preferences.userRoot();\n  private static final Preferences systemRoot = Preferences.systemRoot();\n  private static final Class<? extends Preferences> userClass = userRoot.getClass();\n  private static final Method regOpenKey;\n  private static final Method regCloseKey;\n  private static final Method regQueryValueEx;\n  private static final Method regEnumValue;\n  private static final Method regQueryInfoKey;\n  private static final Method regEnumKeyEx;\n  private static final Method regCreateKeyEx;\n  private static final Method regSetValueEx;\n  private static final Method regDeleteKey;\n  private static final Method regDeleteValue;\n\n  static {\n    try {\n      regOpenKey = userClass.getDeclaredMethod(\"WindowsRegOpenKey\",\n          new Class[] { int.class, byte[].class, int.class });\n      regOpenKey.setAccessible(true);\n      regCloseKey = userClass.getDeclaredMethod(\"WindowsRegCloseKey\",\n          new Class[] { int.class });\n      regCloseKey.setAccessible(true);\n      regQueryValueEx = userClass.getDeclaredMethod(\"WindowsRegQueryValueEx\",\n          new Class[] { int.class, byte[].class });\n      regQueryValueEx.setAccessible(true);\n      regEnumValue = userClass.getDeclaredMethod(\"WindowsRegEnumValue\",\n          new Class[] { int.class, int.class, int.class });\n      regEnumValue.setAccessible(true);\n      regQueryInfoKey = userClass.getDeclaredMethod(\"WindowsRegQueryInfoKey1\",\n          new Class[] { int.class });\n      regQueryInfoKey.setAccessible(true);\n      regEnumKeyEx = userClass.getDeclaredMethod(  \n          \"WindowsRegEnumKeyEx\", new Class[] { int.class, int.class,  \n              int.class });  \n      regEnumKeyEx.setAccessible(true);\n      regCreateKeyEx = userClass.getDeclaredMethod(  \n          \"WindowsRegCreateKeyEx\", new Class[] { int.class,  \n              byte[].class });  \n      regCreateKeyEx.setAccessible(true);  \n      regSetValueEx = userClass.getDeclaredMethod(  \n          \"WindowsRegSetValueEx\", new Class[] { int.class,  \n              byte[].class, byte[].class });  \n      regSetValueEx.setAccessible(true); \n      regDeleteValue = userClass.getDeclaredMethod(  \n          \"WindowsRegDeleteValue\", new Class[] { int.class,  \n              byte[].class });  \n      regDeleteValue.setAccessible(true); \n      regDeleteKey = userClass.getDeclaredMethod(  \n          \"WindowsRegDeleteKey\", new Class[] { int.class,  \n              byte[].class });  \n      regDeleteKey.setAccessible(true); \n    }\n    catch (Exception e) {\n      throw new RuntimeException(e);\n    }\n  }\n\n  private Class_16() {  }\n\n  /**\n   * Read a value from key and value name\n   * @param hkey   HKEY_CURRENT_USER/HKEY_LOCAL_MACHINE\n   * @param key\n   * @param valueName\n   * @return the value\n   * @throws IllegalArgumentException\n   * @throws IllegalAccessException\n   * @throws InvocationTargetException\n   */\n  public static String readString(int hkey, String key, String valueName) \n    throws IllegalArgumentException, IllegalAccessException,\n    InvocationTargetException \n  {\n    if (hkey == HKEY_LOCAL_MACHINE) {\n      return readString(systemRoot, hkey, key, valueName);\n    }\n    else if (hkey == HKEY_CURRENT_USER) {\n      return readString(userRoot, hkey, key, valueName);\n    }\n    else {\n      throw new IllegalArgumentException(\"hkey=\" + hkey);\n    }\n  }\n\n  /**\n   * Read value(s) and value name(s) form given key \n   * @param hkey  HKEY_CURRENT_USER/HKEY_LOCAL_MACHINE\n   * @param key\n   * @return the value name(s) plus the value(s)\n   * @throws IllegalArgumentException\n   * @throws IllegalAccessException\n   * @throws InvocationTargetException\n   */\n  public static Map<String, String> readStringValues(int hkey, String key) \n    throws IllegalArgumentException, IllegalAccessException,\n    InvocationTargetException \n  {\n    if (hkey == HKEY_LOCAL_MACHINE) {\n      return readStringValues(systemRoot, hkey, key);\n    }\n    else if (hkey == HKEY_CURRENT_USER) {\n      return readStringValues(userRoot, hkey, key);\n    }\n    else {\n      throw new IllegalArgumentException(\"hkey=\" + hkey);\n    }\n  }\n\n  /**\n   * Read the value name(s) from a given key\n   * @param hkey  HKEY_CURRENT_USER/HKEY_LOCAL_MACHINE\n   * @param key\n   * @return the value name(s)\n   * @throws IllegalArgumentException\n   * @throws IllegalAccessException\n   * @throws InvocationTargetException\n   */\n  public static List<String> readStringSubKeys(int hkey, String key) \n    throws IllegalArgumentException, IllegalAccessException,\n    InvocationTargetException \n  {\n    if (hkey == HKEY_LOCAL_MACHINE) {\n      return readStringSubKeys(systemRoot, hkey, key);\n    }\n    else if (hkey == HKEY_CURRENT_USER) {\n      return readStringSubKeys(userRoot, hkey, key);\n    }\n    else {\n      throw new IllegalArgumentException(\"hkey=\" + hkey);\n    }\n  }\n\n  /**\n   * Create a key\n   * @param hkey  HKEY_CURRENT_USER/HKEY_LOCAL_MACHINE\n   * @param key\n   * @throws IllegalArgumentException\n   * @throws IllegalAccessException\n   * @throws InvocationTargetException\n   */\n  public static void createKey(int hkey, String key) \n    throws IllegalArgumentException, IllegalAccessException,\n    InvocationTargetException \n  {\n    int [] ret;\n    if (hkey == HKEY_LOCAL_MACHINE) {\n      ret = createKey(systemRoot, hkey, key);\n      regCloseKey.invoke(systemRoot, new Object[] { new Integer(ret[0]) });\n    }\n    else if (hkey == HKEY_CURRENT_USER) {\n      ret = createKey(userRoot, hkey, key);\n      regCloseKey.invoke(userRoot, new Object[] { new Integer(ret[0]) });\n    }\n    else {\n      throw new IllegalArgumentException(\"hkey=\" + hkey);\n    }\n    if (ret[1] != REG_SUCCESS) {\n      throw new IllegalArgumentException(\"rc=\" + ret[1] + \"  key=\" + key);\n    }\n  }\n\n  /**\n   * Write a value in a given key/value name\n   * @param hkey\n   * @param key\n   * @param valueName\n   * @param value\n   * @throws IllegalArgumentException\n   * @throws IllegalAccessException\n   * @throws InvocationTargetException\n   */\n  public static void writeStringValue\n    (int hkey, String key, String valueName, String value) \n    throws IllegalArgumentException, IllegalAccessException,\n    InvocationTargetException \n  {\n    if (hkey == HKEY_LOCAL_MACHINE) {\n      writeStringValue(systemRoot, hkey, key, valueName, value);\n    }\n    else if (hkey == HKEY_CURRENT_USER) {\n      writeStringValue(userRoot, hkey, key, valueName, value);\n    }\n    else {\n      throw new IllegalArgumentException(\"hkey=\" + hkey);\n    }\n  }\n\n  /**\n   * Delete a given key\n   * @param hkey\n   * @param key\n   * @throws IllegalArgumentException\n   * @throws IllegalAccessException\n   * @throws InvocationTargetException\n   */\n  public static void deleteKey(int hkey, String key) \n    throws IllegalArgumentException, IllegalAccessException,\n    InvocationTargetException \n  {\n    int rc = -1;\n    if (hkey == HKEY_LOCAL_MACHINE) {\n      rc = deleteKey(systemRoot, hkey, key);\n    }\n    else if (hkey == HKEY_CURRENT_USER) {\n      rc = deleteKey(userRoot, hkey, key);\n    }\n    if (rc != REG_SUCCESS) {\n      throw new IllegalArgumentException(\"rc=\" + rc + \"  key=\" + key);\n    }\n  }\n\n  /**\n   * delete a value from a given key/value name\n   * @param hkey\n   * @param key\n   * @param value\n   * @throws IllegalArgumentException\n   * @throws IllegalAccessException\n   * @throws InvocationTargetException\n   */\n  public static void deleteValue(int hkey, String key, String value) \n    throws IllegalArgumentException, IllegalAccessException,\n    InvocationTargetException \n  {\n    int rc = -1;\n    if (hkey == HKEY_LOCAL_MACHINE) {\n      rc = deleteValue(systemRoot, hkey, key, value);\n    }\n    else if (hkey == HKEY_CURRENT_USER) {\n      rc = deleteValue(userRoot, hkey, key, value);\n    }\n    if (rc != REG_SUCCESS) {\n      throw new IllegalArgumentException(\"rc=\" + rc + \"  key=\" + key + \"  value=\" + value);\n    }\n  }\n\n  // =====================\n\n  private static int deleteValue\n    (Preferences root, int hkey, String key, String value)\n    throws IllegalArgumentException, IllegalAccessException,\n    InvocationTargetException \n  {\n    int[] handles = (int[]) regOpenKey.invoke(root, new Object[] {\n        new Integer(hkey), toCstr(key), new Integer(KEY_ALL_ACCESS) });\n    if (handles[1] != REG_SUCCESS) {\n      return handles[1];  // can be REG_NOTFOUND, REG_ACCESSDENIED\n    }\n    int rc =((Integer) regDeleteValue.invoke(root,  \n        new Object[] { \n          new Integer(handles[0]), toCstr(value) \n          })).intValue();\n    regCloseKey.invoke(root, new Object[] { new Integer(handles[0]) });\n    return rc;\n  }\n\n  private static int deleteKey(Preferences root, int hkey, String key) \n    throws IllegalArgumentException, IllegalAccessException,\n    InvocationTargetException \n  {\n    int rc =((Integer) regDeleteKey.invoke(root,  \n        new Object[] { new Integer(hkey), toCstr(key) })).intValue();\n    return rc;  // can REG_NOTFOUND, REG_ACCESSDENIED, REG_SUCCESS\n  }\n\n  private static String readString(Preferences root, int hkey, String key, String value)\n    throws IllegalArgumentException, IllegalAccessException,\n    InvocationTargetException \n  {\n    int[] handles = (int[]) regOpenKey.invoke(root, new Object[] {\n        new Integer(hkey), toCstr(key), new Integer(KEY_READ) });\n    if (handles[1] != REG_SUCCESS) {\n      return null; \n    }\n    byte[] valb = (byte[]) regQueryValueEx.invoke(root, new Object[] {\n        new Integer(handles[0]), toCstr(value) });\n    regCloseKey.invoke(root, new Object[] { new Integer(handles[0]) });\n    return (valb != null ? new String(valb).trim() : null);\n  }\n\n  private static Map<String,String> readStringValues\n    (Preferences root, int hkey, String key)\n    throws IllegalArgumentException, IllegalAccessException,\n    InvocationTargetException \n  {\n    HashMap<String, String> results = new HashMap<String,String>();\n    int[] handles = (int[]) regOpenKey.invoke(root, new Object[] {\n        new Integer(hkey), toCstr(key), new Integer(KEY_READ) });\n    if (handles[1] != REG_SUCCESS) {\n      return null;\n    }\n    int[] info = (int[]) regQueryInfoKey.invoke(root,\n        new Object[] { new Integer(handles[0]) });\n\n    int count = info[0]; // count  \n    int maxlen = info[3]; // value length max\n    for(int index=0; index<count; index++)  {\n      byte[] name = (byte[]) regEnumValue.invoke(root, new Object[] {\n          new Integer\n            (handles[0]), new Integer(index), new Integer(maxlen + 1)});\n      String value = readString(hkey, key, new String(name));\n      results.put(new String(name).trim(), value);\n    }\n    regCloseKey.invoke(root, new Object[] { new Integer(handles[0]) });\n    return results;\n  }\n\n  private static List<String> readStringSubKeys\n    (Preferences root, int hkey, String key)\n    throws IllegalArgumentException, IllegalAccessException,\n    InvocationTargetException \n  {\n    List<String> results = new ArrayList<String>();\n    int[] handles = (int[]) regOpenKey.invoke(root, new Object[] {\n        new Integer(hkey), toCstr(key), new Integer(KEY_READ) \n        });\n    if (handles[1] != REG_SUCCESS) {\n      return null;\n    }\n    int[] info = (int[]) regQueryInfoKey.invoke(root,\n        new Object[] { new Integer(handles[0]) });\n\n    int count  = info[0]; // Fix: info[2] was being used here with wrong results. Suggested by davenpcj, confirmed by Petrucio\n    int maxlen = info[3]; // value length max\n    for(int index=0; index<count; index++)  {\n      byte[] name = (byte[]) regEnumKeyEx.invoke(root, new Object[] {\n          new Integer\n            (handles[0]), new Integer(index), new Integer(maxlen + 1)\n          });\n      results.add(new String(name).trim());\n    }\n    regCloseKey.invoke(root, new Object[] { new Integer(handles[0]) });\n    return results;\n  }\n\n  private static int [] createKey(Preferences root, int hkey, String key)\n    throws IllegalArgumentException, IllegalAccessException,\n    InvocationTargetException \n  {\n    return  (int[]) regCreateKeyEx.invoke(root,\n        new Object[] { new Integer(hkey), toCstr(key) });\n  }\n\n  private static void writeStringValue \n    (Preferences root, int hkey, String key, String valueName, String value) \n    throws IllegalArgumentException, IllegalAccessException,\n    InvocationTargetException \n  {\n    int[] handles = (int[]) regOpenKey.invoke(root, new Object[] {\n        new Integer(hkey), toCstr(key), new Integer(KEY_ALL_ACCESS) });\n\n    regSetValueEx.invoke(root,  \n        new Object[] { \n          new Integer(handles[0]), toCstr(valueName), toCstr(value) \n          }); \n    regCloseKey.invoke(root, new Object[] { new Integer(handles[0]) });\n  }\n\n  // utility\n  private static byte[] toCstr(String str) {\n    byte[] result = new byte[str.length() + 1];\n\n    for (int i = 0; i < str.length(); i++) {\n      result[i] = (byte) str.charAt(i);\n    }\n    result[str.length()] = 0;\n    return result;\n  }\n}","updatedContent":"/*\nDate: 1/19/17\nURL: http://stackoverflow.com/questions/62289/read-write-to-windows-registry-using-java\n*/\npackage common_JDK;\n\nimport java.util.Map;\nimport java.util.List;\nimport com.google.gwt.dev.util.collect.HashMap;\nimport java.util.prefs.Preferences;\nimport java.lang.reflect.Method;\nimport java.lang.reflect.InvocationTargetException;\nimport java.util.ArrayList;\n\npublic class Class_16 {\n\tpublic static final int HKEY_CURRENT_USER = 0x80000001;\n\tpublic static final int HKEY_LOCAL_MACHINE = 0x80000002;\n\tpublic static final int REG_SUCCESS = 0;\n\tpublic static final int REG_NOTFOUND = 2;\n\tpublic static final int REG_ACCESSDENIED = 5;\n\n\tprivate static final int KEY_ALL_ACCESS = 0xf003f;\n\tprivate static final int KEY_READ = 0x20019;\n\tprivate static final Preferences userRoot = Preferences.userRoot();\n\tprivate static final Preferences systemRoot = Preferences.systemRoot();\n\tprivate static final Class<? extends Preferences> userClass = userRoot.getClass();\n\tprivate static final Method regOpenKey;\n\tprivate static final Method regCloseKey;\n\tprivate static final Method regQueryValueEx;\n\tprivate static final Method regEnumValue;\n\tprivate static final Method regQueryInfoKey;\n\tprivate static final Method regEnumKeyEx;\n\tprivate static final Method regCreateKeyEx;\n\tprivate static final Method regSetValueEx;\n\tprivate static final Method regDeleteKey;\n\tprivate static final Method regDeleteValue;\n\n\tstatic {\n\t\ttry {\n\t\t\tregOpenKey = userClass.getDeclaredMethod(\"WindowsRegOpenKey\",\n\t\t\t\t\tnew Class[] { int.class, byte[].class, int.class });\n\t\t\tregOpenKey.setAccessible(true);\n\t\t\tregCloseKey = userClass.getDeclaredMethod(\"WindowsRegCloseKey\", new Class[] { int.class });\n\t\t\tregCloseKey.setAccessible(true);\n\t\t\tregQueryValueEx = userClass.getDeclaredMethod(\"WindowsRegQueryValueEx\",\n\t\t\t\t\tnew Class[] { int.class, byte[].class });\n\t\t\tregQueryValueEx.setAccessible(true);\n\t\t\tregEnumValue = userClass.getDeclaredMethod(\"WindowsRegEnumValue\",\n\t\t\t\t\tnew Class[] { int.class, int.class, int.class });\n\t\t\tregEnumValue.setAccessible(true);\n\t\t\tregQueryInfoKey = userClass.getDeclaredMethod(\"WindowsRegQueryInfoKey1\", new Class[] { int.class });\n\t\t\tregQueryInfoKey.setAccessible(true);\n\t\t\tregEnumKeyEx = userClass.getDeclaredMethod(\"WindowsRegEnumKeyEx\",\n\t\t\t\t\tnew Class[] { int.class, int.class, int.class });\n\t\t\tregEnumKeyEx.setAccessible(true);\n\t\t\tregCreateKeyEx = userClass.getDeclaredMethod(\"WindowsRegCreateKeyEx\",\n\t\t\t\t\tnew Class[] { int.class, byte[].class });\n\t\t\tregCreateKeyEx.setAccessible(true);\n\t\t\tregSetValueEx = userClass.getDeclaredMethod(\"WindowsRegSetValueEx\",\n\t\t\t\t\tnew Class[] { int.class, byte[].class, byte[].class });\n\t\t\tregSetValueEx.setAccessible(true);\n\t\t\tregDeleteValue = userClass.getDeclaredMethod(\"WindowsRegDeleteValue\",\n\t\t\t\t\tnew Class[] { int.class, byte[].class });\n\t\t\tregDeleteValue.setAccessible(true);\n\t\t\tregDeleteKey = userClass.getDeclaredMethod(\"WindowsRegDeleteKey\", new Class[] { int.class, byte[].class });\n\t\t\tregDeleteKey.setAccessible(true);\n\t\t} catch (Exception e) {\n\t\t\tthrow new RuntimeException(e);\n\t\t}\n\t}\n\n\tprivate Class_16() {\n\t}\n\n\t/**\n\t * Read a value from key and value name\n\t * @param hkey   HKEY_CURRENT_USER/HKEY_LOCAL_MACHINE\n\t * @param key\n\t * @param valueName\n\t * @return the value\n\t * @throws IllegalArgumentException\n\t * @throws IllegalAccessException\n\t * @throws InvocationTargetException\n\t */\n\tpublic static String readString(int hkey, String key, String valueName)\n\t\t\tthrows IllegalArgumentException, IllegalAccessException, InvocationTargetException {\n\t\tif (hkey == HKEY_LOCAL_MACHINE) {\n\t\t\treturn readString(systemRoot, hkey, key, valueName);\n\t\t} else if (hkey == HKEY_CURRENT_USER) {\n\t\t\treturn readString(userRoot, hkey, key, valueName);\n\t\t} else {\n\t\t\tthrow new IllegalArgumentException(\"hkey=\" + hkey);\n\t\t}\n\t}\n\n\t/**\n\t * Read value(s) and value name(s) form given key \n\t * @param hkey  HKEY_CURRENT_USER/HKEY_LOCAL_MACHINE\n\t * @param key\n\t * @return the value name(s) plus the value(s)\n\t * @throws IllegalArgumentException\n\t * @throws IllegalAccessException\n\t * @throws InvocationTargetException\n\t */\n\tpublic static Map<String, String> readStringValues(int hkey, String key)\n\t\t\tthrows IllegalArgumentException, IllegalAccessException, InvocationTargetException {\n\t\tif (hkey == HKEY_LOCAL_MACHINE) {\n\t\t\treturn readStringValues(systemRoot, hkey, key);\n\t\t} else if (hkey == HKEY_CURRENT_USER) {\n\t\t\treturn readStringValues(userRoot, hkey, key);\n\t\t} else {\n\t\t\tthrow new IllegalArgumentException(\"hkey=\" + hkey);\n\t\t}\n\t}\n\n\t/**\n\t * Read the value name(s) from a given key\n\t * @param hkey  HKEY_CURRENT_USER/HKEY_LOCAL_MACHINE\n\t * @param key\n\t * @return the value name(s)\n\t * @throws IllegalArgumentException\n\t * @throws IllegalAccessException\n\t * @throws InvocationTargetException\n\t */\n\tpublic static List<String> readStringSubKeys(int hkey, String key)\n\t\t\tthrows IllegalArgumentException, IllegalAccessException, InvocationTargetException {\n\t\tif (hkey == HKEY_LOCAL_MACHINE) {\n\t\t\treturn readStringSubKeys(systemRoot, hkey, key);\n\t\t} else if (hkey == HKEY_CURRENT_USER) {\n\t\t\treturn readStringSubKeys(userRoot, hkey, key);\n\t\t} else {\n\t\t\tthrow new IllegalArgumentException(\"hkey=\" + hkey);\n\t\t}\n\t}\n\n\t/**\n\t * Create a key\n\t * @param hkey  HKEY_CURRENT_USER/HKEY_LOCAL_MACHINE\n\t * @param key\n\t * @throws IllegalArgumentException\n\t * @throws IllegalAccessException\n\t * @throws InvocationTargetException\n\t */\n\tpublic static void createKey(int hkey, String key)\n\t\t\tthrows IllegalArgumentException, IllegalAccessException, InvocationTargetException {\n\t\tint[] ret;\n\t\tif (hkey == HKEY_LOCAL_MACHINE) {\n\t\t\tret = createKey(systemRoot, hkey, key);\n\t\t\tregCloseKey.invoke(systemRoot, new Object[] { new Integer(ret[0]) });\n\t\t} else if (hkey == HKEY_CURRENT_USER) {\n\t\t\tret = createKey(userRoot, hkey, key);\n\t\t\tregCloseKey.invoke(userRoot, new Object[] { new Integer(ret[0]) });\n\t\t} else {\n\t\t\tthrow new IllegalArgumentException(\"hkey=\" + hkey);\n\t\t}\n\t\tif (ret[1] != REG_SUCCESS) {\n\t\t\tthrow new IllegalArgumentException(\"rc=\" + ret[1] + \"  key=\" + key);\n\t\t}\n\t}\n\n\t/**\n\t * Write a value in a given key/value name\n\t * @param hkey\n\t * @param key\n\t * @param valueName\n\t * @param value\n\t * @throws IllegalArgumentException\n\t * @throws IllegalAccessException\n\t * @throws InvocationTargetException\n\t */\n\tpublic static void writeStringValue(int hkey, String key, String valueName, String value)\n\t\t\tthrows IllegalArgumentException, IllegalAccessException, InvocationTargetException {\n\t\tif (hkey == HKEY_LOCAL_MACHINE) {\n\t\t\twriteStringValue(systemRoot, hkey, key, valueName, value);\n\t\t} else if (hkey == HKEY_CURRENT_USER) {\n\t\t\twriteStringValue(userRoot, hkey, key, valueName, value);\n\t\t} else {\n\t\t\tthrow new IllegalArgumentException(\"hkey=\" + hkey);\n\t\t}\n\t}\n\n\t/**\n\t * Delete a given key\n\t * @param hkey\n\t * @param key\n\t * @throws IllegalArgumentException\n\t * @throws IllegalAccessException\n\t * @throws InvocationTargetException\n\t */\n\tpublic static void deleteKey(int hkey, String key)\n\t\t\tthrows IllegalArgumentException, IllegalAccessException, InvocationTargetException {\n\t\tint rc = -1;\n\t\tif (hkey == HKEY_LOCAL_MACHINE) {\n\t\t\trc = deleteKey(systemRoot, hkey, key);\n\t\t} else if (hkey == HKEY_CURRENT_USER) {\n\t\t\trc = deleteKey(userRoot, hkey, key);\n\t\t}\n\t\tif (rc != REG_SUCCESS) {\n\t\t\tthrow new IllegalArgumentException(\"rc=\" + rc + \"  key=\" + key);\n\t\t}\n\t}\n\n\t/**\n\t * delete a value from a given key/value name\n\t * @param hkey\n\t * @param key\n\t * @param value\n\t * @throws IllegalArgumentException\n\t * @throws IllegalAccessException\n\t * @throws InvocationTargetException\n\t */\n\tpublic static void deleteValue(int hkey, String key, String value)\n\t\t\tthrows IllegalArgumentException, IllegalAccessException, InvocationTargetException {\n\t\tint rc = -1;\n\t\tif (hkey == HKEY_LOCAL_MACHINE) {\n\t\t\trc = deleteValue(systemRoot, hkey, key, value);\n\t\t} else if (hkey == HKEY_CURRENT_USER) {\n\t\t\trc = deleteValue(userRoot, hkey, key, value);\n\t\t}\n\t\tif (rc != REG_SUCCESS) {\n\t\t\tthrow new IllegalArgumentException(\"rc=\" + rc + \"  key=\" + key + \"  value=\" + value);\n\t\t}\n\t}\n\n\t// =====================\n\n\tprivate static int deleteValue(Preferences root, int hkey, String key, String value)\n\t\t\tthrows IllegalArgumentException, IllegalAccessException, InvocationTargetException {\n\t\tint[] handles = (int[]) regOpenKey.invoke(root,\n\t\t\t\tnew Object[] { new Integer(hkey), toCstr(key), new Integer(KEY_ALL_ACCESS) });\n\t\tif (handles[1] != REG_SUCCESS) {\n\t\t\treturn handles[1]; // can be REG_NOTFOUND, REG_ACCESSDENIED\n\t\t}\n\t\tint rc = ((Integer) regDeleteValue.invoke(root, new Object[] { new Integer(handles[0]), toCstr(value) }))\n\t\t\t\t.intValue();\n\t\tregCloseKey.invoke(root, new Object[] { new Integer(handles[0]) });\n\t\treturn rc;\n\t}\n\n\tprivate static int deleteKey(Preferences root, int hkey, String key)\n\t\t\tthrows IllegalArgumentException, IllegalAccessException, InvocationTargetException {\n\t\tint rc = ((Integer) regDeleteKey.invoke(root, new Object[] { new Integer(hkey), toCstr(key) })).intValue();\n\t\treturn rc; // can REG_NOTFOUND, REG_ACCESSDENIED, REG_SUCCESS\n\t}\n\n\tprivate static String readString(Preferences root, int hkey, String key, String value)\n\t\t\tthrows IllegalArgumentException, IllegalAccessException, InvocationTargetException {\n\t\tint[] handles = (int[]) regOpenKey.invoke(root,\n\t\t\t\tnew Object[] { new Integer(hkey), toCstr(key), new Integer(KEY_READ) });\n\t\tif (handles[1] != REG_SUCCESS) {\n\t\t\treturn null;\n\t\t}\n\t\tbyte[] valb = (byte[]) regQueryValueEx.invoke(root, new Object[] { new Integer(handles[0]), toCstr(value) });\n\t\tregCloseKey.invoke(root, new Object[] { new Integer(handles[0]) });\n\t\treturn (valb != null ? new String(valb).trim() : null);\n\t}\n\n\tprivate static Map<String, String> readStringValues(Preferences root, int hkey, String key)\n\t\t\tthrows IllegalArgumentException, IllegalAccessException, InvocationTargetException {\n\t\tHashMap<String, String> results = new HashMap<String, String>();\n\t\tint[] handles = (int[]) regOpenKey.invoke(root,\n\t\t\t\tnew Object[] { new Integer(hkey), toCstr(key), new Integer(KEY_READ) });\n\t\tif (handles[1] != REG_SUCCESS) {\n\t\t\treturn null;\n\t\t}\n\t\tint[] info = (int[]) regQueryInfoKey.invoke(root, new Object[] { new Integer(handles[0]) });\n\n\t\tint count = info[0]; // count  \n\t\tint maxlen = info[3]; // value length max\n\t\tfor (int index = 0; index < count; index++) {\n\t\t\tbyte[] name = (byte[]) regEnumValue.invoke(root,\n\t\t\t\t\tnew Object[] { new Integer(handles[0]), new Integer(index), new Integer(maxlen + 1) });\n\t\t\tString value = readString(hkey, key, new String(name));\n\t\t\tresults.put(new String(name).trim(), value);\n\t\t}\n\t\tregCloseKey.invoke(root, new Object[] { new Integer(handles[0]) });\n\t\treturn results;\n\t}\n\n\tprivate static List<String> readStringSubKeys(Preferences root, int hkey, String key)\n\t\t\tthrows IllegalArgumentException, IllegalAccessException, InvocationTargetException {\n\t\tList<String> results = new ArrayList<String>();\n\t\tint[] handles = (int[]) regOpenKey.invoke(root,\n\t\t\t\tnew Object[] { new Integer(hkey), toCstr(key), new Integer(KEY_READ) });\n\t\tif (handles[1] != REG_SUCCESS) {\n\t\t\treturn null;\n\t\t}\n\t\tint[] info = (int[]) regQueryInfoKey.invoke(root, new Object[] { new Integer(handles[0]) });\n\n\t\tint count = info[0]; // Fix: info[2] was being used here with wrong results. Suggested by davenpcj, confirmed by Petrucio\n\t\tint maxlen = info[3]; // value length max\n\t\tfor (int index = 0; index < count; index++) {\n\t\t\tbyte[] name = (byte[]) regEnumKeyEx.invoke(root,\n\t\t\t\t\tnew Object[] { new Integer(handles[0]), new Integer(index), new Integer(maxlen + 1) });\n\t\t\tresults.add(new String(name).trim());\n\t\t}\n\t\tregCloseKey.invoke(root, new Object[] { new Integer(handles[0]) });\n\t\treturn results;\n\t}\n\n\tprivate static int[] createKey(Preferences root, int hkey, String key)\n\t\t\tthrows IllegalArgumentException, IllegalAccessException, InvocationTargetException {\n\t\treturn (int[]) regCreateKeyEx.invoke(root, new Object[] { new Integer(hkey), toCstr(key) });\n\t}\n\n\tprivate static void writeStringValue(Preferences root, int hkey, String key, String valueName, String value)\n\t\t\tthrows IllegalArgumentException, IllegalAccessException, InvocationTargetException {\n\t\tint[] handles = (int[]) regOpenKey.invoke(root,\n\t\t\t\tnew Object[] { new Integer(hkey), toCstr(key), new Integer(KEY_ALL_ACCESS) });\n\n\t\tregSetValueEx.invoke(root, new Object[] { new Integer(handles[0]), toCstr(valueName), toCstr(value) });\n\t\tregCloseKey.invoke(root, new Object[] { new Integer(handles[0]) });\n\t}\n\n\t// utility\n\tprivate static byte[] toCstr(String str) {\n\t\tbyte[] result = new byte[str.length() + 1];\n\n\t\tfor (int i = 0; i < str.length(); i++) {\n\t\t\tresult[i] = (byte) str.charAt(i);\n\t\t}\n\t\tresult[str.length()] = 0;\n\t\treturn result;\n\t}\n}","usedLibraries":["jar:gwt-dev-2.9.0.jar:1","jar:android-13.jar:1"]}