{
  "java_file": "/home/theguy/Documents/research/snr-server/src/test/resources/snippets/so/Class_13.java",
  "output_file": "StatType-Completion-output-json/Class_13.java.json",
  "exit_code": 0,
  "stdout": "/home/theguy/Documents/research/snr-server/benchmark/snippet_log/Class_13.java.stdout.4f44f3dd3c764dd894ab358e9887984a.txt",
  "stderr": "/home/theguy/Documents/research/snr-server/benchmark/snippet_log/Class_13.java.stderr.4f44f3dd3c764dd894ab358e9887984a.txt",
  "run_time": 6492458248,
  "total_imports": [
    "javax.swing.JFrame",
    "javax.swing.JTextArea",
    "javax.swing.SwingUtilities",
    "javax.swing.UIManager"
  ],
  "correct_imports": [
    "javax.swing.UIManager",
    "javax.swing.SwingUtilities",
    "javax.swing.JTextArea",
    "javax.swing.JFrame"
  ]
}