{
  "java_file": "/home/theguy/Documents/research/snr-server/src/test/resources/snippets/so/Class_17.java",
  "output_file": "StatType-Completion-output-json/Class_17.java.json",
  "exit_code": 0,
  "stdout": "/home/theguy/Documents/research/snr-server/benchmark/snippet_log/Class_17.java.stdout.4ef1659b01964884aaa3ba0f792a63f9.txt",
  "stderr": "/home/theguy/Documents/research/snr-server/benchmark/snippet_log/Class_17.java.stderr.4ef1659b01964884aaa3ba0f792a63f9.txt",
  "run_time": 15388777943,
  "total_imports": [
    "java.text.SimpleDateFormat",
    "java.time.format.DateTimeFormatter",
    "java.time.temporal.TemporalAccessor",
    "java.util.Date",
    "java.text.ParseException"
  ],
  "correct_imports": [
    "java.time.temporal.TemporalAccessor",
    "java.util.Date",
    "java.time.format.DateTimeFormatter",
    "java.text.SimpleDateFormat"
  ]
}