{"status":0,"problems":[],"originalContent":"/*\nDate: 1/19/17\nURL: http://stackoverflow.com/questions/7143287/how-to-best-position-swing-guis\n*/\npackage common_JDK;\nclass WhereToPutTheGui {\n\n    public static void initGui() {\n        for (int ii=1; ii<4; ii++) {\n            JFrame f = new JFrame(\"Frame \" + ii);\n            f.setDefaultCloseOperation(JFrame.DISPOSE_ON_CLOSE);\n            String s =\n                \"os.name: \" + System.getProperty(\"os.name\") +\n                \"\\nos.version: \" + System.getProperty(\"os.version\");\n            f.add(new JTextArea(s,3,28));  // suggest a size\n            f.pack();\n            // Let the OS handle the positioning!\n            f.setLocationByPlatform(true);\n            f.setVisible(true);\n        }\n    }\n\n    public static void main(String[] args) {\n        SwingUtilities.invokeLater( new Runnable() {\n            public void run() {\n                try {\n                    UIManager.setLookAndFeel(\n                        UIManager.getSystemLookAndFeelClassName());\n                } catch (Exception useDefault) {}\n                initGui();\n            }\n        });\n    }\n}","updatedContent":"/*\nDate: 1/19/17\nURL: http://stackoverflow.com/questions/7143287/how-to-best-position-swing-guis\n*/\npackage common_JDK;\n\nimport javax.swing.UIManager;\nimport javax.swing.SwingUtilities;\nimport javax.swing.JTextArea;\nimport javax.swing.JFrame;\n\nclass WhereToPutTheGui {\n\n\tpublic static void initGui() {\n\t\tfor (int ii = 1; ii < 4; ii++) {\n\t\t\tJFrame f = new JFrame(\"Frame \" + ii);\n\t\t\tf.setDefaultCloseOperation(JFrame.DISPOSE_ON_CLOSE);\n\t\t\tString s = \"os.name: \" + System.getProperty(\"os.name\") + \"\\nos.version: \"\n\t\t\t\t\t+ System.getProperty(\"os.version\");\n\t\t\tf.add(new JTextArea(s, 3, 28)); // suggest a size\n\t\t\tf.pack();\n\t\t\t// Let the OS handle the positioning!\n\t\t\tf.setLocationByPlatform(true);\n\t\t\tf.setVisible(true);\n\t\t}\n\t}\n\n\tpublic static void main(String[] args) {\n\t\tSwingUtilities.invokeLater(new Runnable() {\n\t\t\tpublic void run() {\n\t\t\t\ttry {\n\t\t\t\t\tUIManager.setLookAndFeel(UIManager.getSystemLookAndFeelClassName());\n\t\t\t\t} catch (Exception useDefault) {\n\t\t\t\t}\n\t\t\t\tinitGui();\n\t\t\t}\n\t\t});\n\t}\n}","usedLibraries":["openjdk:jdk:1.8.0"]}