{
  "java_file": "/home/theguy/Documents/research/snr-server/src/test/resources/snippets/so/Class_5.java",
  "output_file": "StatType-Completion-output-json/Class_5.java.json",
  "exit_code": 0,
  "stdout": "/home/theguy/Documents/research/snr-server/benchmark/snippet_log/Class_5.java.stdout.606517bc51b04dd1be6b9bf0ddcbf1fe.txt",
  "stderr": "/home/theguy/Documents/research/snr-server/benchmark/snippet_log/Class_5.java.stderr.606517bc51b04dd1be6b9bf0ddcbf1fe.txt",
  "run_time": 54450652375,
  "total_imports": [
    "java.util.Collections",
    "java.util.Comparator",
    "java.util.HashMap",
    "java.util.LinkedHashMap",
    "java.util.LinkedList",
    "java.util.List",
    "java.util.Map",
    "java.util.TreeMap"
  ],
  "correct_imports": [
    "java.util.Map",
    "java.util.List",
    "java.util.LinkedHashMap",
    "java.util.TreeMap",
    "java.util.Collections",
    "java.util.LinkedList",
    "java.util.Comparator"
  ]
}