{
  "java_file": "/home/theguy/Documents/research/snr-server/src/test/resources/snippets/so/Class_12.java",
  "output_file": "StatType-Completion-output-json/Class_12.java.json",
  "exit_code": 0,
  "stdout": "/home/theguy/Documents/research/snr-server/benchmark/snippet_log/Class_12.java.stdout.a48e3efea1984a0fbda040331bfcf288.txt",
  "stderr": "/home/theguy/Documents/research/snr-server/benchmark/snippet_log/Class_12.java.stderr.a48e3efea1984a0fbda040331bfcf288.txt",
  "run_time": 23640911732,
  "total_imports": [
    "java.text.DateFormat",
    "java.text.ParseException",
    "java.text.SimpleDateFormat",
    "java.util.Calendar",
    "java.util.Date",
    "java.util.GregorianCalendar"
  ],
  "correct_imports": [
    "java.util.Calendar",
    "java.util.GregorianCalendar",
    "java.util.Date",
    "java.text.DateFormat",
    "java.text.SimpleDateFormat"
  ]
}