{"status":2,"problems":[{"fileName":"gwt_class_40.java","startLocation":423,"endLocation":425,"lineNumber":13,"column":0,"message":"The method add(Widget) from the type LayoutContainer refers to the missing type Widget","problemId":67108984,"problemSeverity":"ERROR"},{"fileName":"gwt_class_40.java","startLocation":475,"endLocation":477,"lineNumber":14,"column":8,"message":"The method add(Widget) from the type LayoutContainer refers to the missing type Widget","problemId":67108984,"problemSeverity":"ERROR"},{"fileName":"gwt_class_40.java","startLocation":784,"endLocation":786,"lineNumber":24,"column":-1,"message":"The method add(Widget) from the type LayoutContainer refers to the missing type Widget","problemId":67108984,"problemSeverity":"ERROR"}],"originalContent":"package gwt;\n//ID = 2868845\n\npublic class gwt_class_40 {\n\tprivate HorizontalPanel getSomeGWT() {\n        HorizontalPanel pointsLogoPanel = new HorizontalPanel();\n        for (int i=0; i<350; i++) {\n            HorizontalPanel innerContainer = new HorizontalPanel();\n            innerContainer.add(new Label(\"some GWT text\"));\n            pointsLogoPanel.add(innerContainer);\n        }\n        return pointsLogoPanel;\n    }\n\n    private LayoutContainer getSomeGXT() {\n        LayoutContainer pointsLogoPanel = new LayoutContainer();\n        pointsLogoPanel.setLayoutOnChange(true);\n        for (int i=0; i<350; i++) {\n            LayoutContainer innerContainer = new LayoutContainer();\n            pointsLogoPanel.add(innerContainer);\n        }\n        return pointsLogoPanel;\n    }\n}","updatedContent":"package gwt;\n//ID = 2868845\n\nimport com.extjs.gxt.ui.client.widget.HorizontalPanel;\nimport com.extjs.gxt.ui.client.widget.LayoutContainer;\nimport com.extjs.gxt.ui.client.widget.Label;\n\npublic class gwt_class_40 {\n\tprivate HorizontalPanel getSomeGWT() {\n\t\tHorizontalPanel pointsLogoPanel = new HorizontalPanel();\n\t\tfor (int i = 0; i < 350; i++) {\n\t\t\tHorizontalPanel innerContainer = new HorizontalPanel();\n\t\t\tinnerContainer.add(new Label(\"some GWT text\"));\n\t\t\tpointsLogoPanel.add(innerContainer);\n\t\t}\n\t\treturn pointsLogoPanel;\n\t}\n\n\tprivate LayoutContainer getSomeGXT() {\n\t\tLayoutContainer pointsLogoPanel = new LayoutContainer();\n\t\tpointsLogoPanel.setLayoutOnChange(true);\n\t\tfor (int i = 0; i < 350; i++) {\n\t\t\tLayoutContainer innerContainer = new LayoutContainer();\n\t\t\tpointsLogoPanel.add(innerContainer);\n\t\t}\n\t\treturn pointsLogoPanel;\n\t}\n}","usedLibraries":["jar:gxt-2.2.1.jar:1"]}