{"status":2,"problems":[{"fileName":"gwt_class_34.java","startLocation":874,"endLocation":890,"lineNumber":28,"column":-1,"message":"The value of the local variable formSubmitHandler is not used","problemId":536870973,"problemSeverity":"WARNING"}],"originalContent":"package gwt;\n//ID = 2598154\n\npublic class gwt_class_34 {\n\tpublic static void main(String arg[]){\n\t\tFormPanel form = null;\n\t\tButton submit = null;\n\n\t\tform = FormPanel.wrap(DOM.getElementById(\"MyForm\"));\n\t\tform.setEncoding(FormPanel.ENCODING_MULTIPART);\n\n\t\tsubmit = Button.wrap(DOM.getElementById(\"OK\"));\n\t\tsubmit.addClickHandler(new ClickHandler() {\n\t\t\tpublic void onClick(ClickEvent event) {\n\t\t\t\t// button clicked confirmed\n\t\t\t}\n\t\t});\n\n\n\t\tHandlerRegistration formSubmitHandler = form.addSubmitHandler(new SubmitHandler(){\n\t\t\tpublic void onSubmit(SubmitEvent event) {\n\t\t\t}\n\t\t});\n\t}\n\n}","updatedContent":"package gwt;\n//ID = 2598154\n\nimport com.google.gwt.user.client.ui.Button;\nimport com.google.gwt.user.client.ui.FormPanel;\nimport com.google.gwt.event.dom.client.ClickEvent;\nimport com.google.gwt.user.client.ui.FormPanel.SubmitHandler;\nimport com.google.gwt.user.client.ui.FormPanel.SubmitEvent;\nimport com.google.gwt.user.client.DOM;\nimport com.google.gwt.event.dom.client.ClickHandler;\nimport com.google.gwt.event.shared.HandlerRegistration;\n\npublic class gwt_class_34 {\n\tpublic static void main(String arg[]) {\n\t\tFormPanel form = null;\n\t\tButton submit = null;\n\n\t\tform = FormPanel.wrap(DOM.getElementById(\"MyForm\"));\n\t\tform.setEncoding(FormPanel.ENCODING_MULTIPART);\n\n\t\tsubmit = Button.wrap(DOM.getElementById(\"OK\"));\n\t\tsubmit.addClickHandler(new ClickHandler() {\n\t\t\tpublic void onClick(ClickEvent event) {\n\t\t\t\t// button clicked confirmed\n\t\t\t}\n\t\t});\n\n\t\tHandlerRegistration formSubmitHandler = form.addSubmitHandler(new SubmitHandler() {\n\t\t\tpublic void onSubmit(SubmitEvent event) {\n\t\t\t}\n\t\t});\n\t}\n\n}","usedLibraries":["jar:gwt-user.jar:1"]}