{
  "java_file": "/home/theguy/Documents/research/snr-server/src/test/resources/snippets/so/gwt_class_27.java",
  "output_file": "StatType-Completion-output-json/gwt_class_27.java.json",
  "exit_code": 0,
  "stdout": "/home/theguy/Documents/research/snr-server/benchmark/snippet_log/gwt_class_27.java.stdout.d55e00eda4794716b747551aae22b51d.txt",
  "stderr": "/home/theguy/Documents/research/snr-server/benchmark/snippet_log/gwt_class_27.java.stderr.d55e00eda4794716b747551aae22b51d.txt",
  "run_time": 27648851158,
  "total_imports": [
    "com.google.gwt.core.client.GWT",
    "com.google.gwt.dom.client.Document",
    "com.google.gwt.dom.client.NodeList",
    "com.google.gwt.user.client.ui.Button",
    "com.google.gwt.user.client.ui.RootPanel"
  ],
  "correct_imports": [
    "com.google.gwt.dom.client.Document",
    "com.google.gwt.dom.client.NodeList",
    "com.google.gwt.user.client.ui.RootPanel",
    "com.google.gwt.core.client.GWT"
  ]
}