{
  "java_file": "/home/theguy/Documents/research/snr-server/src/test/resources/snippets/so/gwt_class_23.java",
  "output_file": "StatType-Completion-output-json/gwt_class_23.java.json",
  "exit_code": 0,
  "stdout": "/home/theguy/Documents/research/snr-server/benchmark/snippet_log/gwt_class_23.java.stdout.d29adab37ed04b8a8aa93c3afc1d4fdf.txt",
  "stderr": "/home/theguy/Documents/research/snr-server/benchmark/snippet_log/gwt_class_23.java.stderr.d29adab37ed04b8a8aa93c3afc1d4fdf.txt",
  "run_time": 11466585447,
  "total_imports": [
    "java.util.UUID",
    "com.google.gwt.http.client.Request",
    "com.google.gwt.http.client.RequestBuilder",
    "com.google.gwt.http.client.RequestCallback",
    "com.google.gwt.http.client.RequestException",
    "com.google.gwt.http.client.Response"
  ],
  "correct_imports": [
    "com.google.gwt.http.client.RequestBuilder",
    "java.util.UUID",
    "com.google.gwt.http.client.RequestCallback"
  ]
}