{"status":2,"problems":[{"fileName":"gwt_class_14.java","startLocation":498,"endLocation":514,"lineNumber":15,"column":84,"message":"The type new RequestCallback(){} must implement the inherited abstract method RequestCallback.onResponseReceived(Request, Response)","problemId":67109264,"problemSeverity":"ERROR"},{"fileName":"gwt_class_14.java","startLocation":498,"endLocation":514,"lineNumber":15,"column":84,"message":"The type new RequestCallback(){} must implement the inherited abstract method RequestCallback.onError(Request, Throwable)","problemId":67109264,"problemSeverity":"ERROR"},{"fileName":"gwt_class_14.java","startLocation":534,"endLocation":591,"lineNumber":16,"column":24,"message":"The method onError1(DownloadManager.Request, Throwable) from the type new RequestCallback(){} is never used locally","problemId":603979894,"problemSeverity":"WARNING"},{"fileName":"gwt_class_14.java","startLocation":661,"endLocation":727,"lineNumber":20,"column":13,"message":"The method onResponseReceived1(DownloadManager.Request, Response) from the type new RequestCallback(){} is never used locally","problemId":603979894,"problemSeverity":"WARNING"},{"fileName":"gwt_class_14.java","startLocation":850,"endLocation":903,"lineNumber":26,"column":63,"message":"The method onResponseReceived(DownloadManager.Request, Response) of type new RequestCallback(){} must override or implement a supertype method","problemId":67109498,"problemSeverity":"ERROR"},{"fileName":"gwt_class_14.java","startLocation":985,"endLocation":1029,"lineNumber":32,"column":33,"message":"The method onError(DownloadManager.Request, Throwable) of type new RequestCallback(){} must override or implement a supertype method","problemId":67109498,"problemSeverity":"ERROR"}],"originalContent":"package gwt;\n//ID = 1738530\n\npublic class gwt_class_14 {\n\tpublic void main(String arg[]){\n\t\tRequestBuilder rb = new RequestBuilder(RequestBuilder.GET,\"http://myweb.com/test.php?id=65472\");\n\t     try {\n\t        rb.sendRequest(null, new RequestCallback() {\n\t             public void onError1(final Request request, final Throwable exception) {\n\t                 Window.alert(exception.getMessage());\n\t             }\n\t             public void onResponseReceived1(final Request request, final Response response) {\n\t                 //do something\n\t                 GWT.log(\"response: (\" + response.getText() + \")\", null);\n\t             }\n\t\t\t\t@Override\n\t\t\t\tpublic void onResponseReceived(Request request, Response response) {\n\t\t\t\t\t// TODO Auto-generated method stub\n\t\t\t\t\t\n\t\t\t\t}\n\t\t\t\t@Override\n\t\t\t\tpublic void onError(Request request, Throwable exception) {\n\t\t\t\t\t// TODO Auto-generated method stub\n\t\t\t\t\t\n\t\t\t\t}\n\t        });\n\t     } catch (final Exception e) {\n\t             Window.alert(e.getMessage());\n\t     }\t\n\t}\n\n}","updatedContent":"package gwt;\n//ID = 1738530\n\nimport com.google.gwt.http.client.RequestBuilder;\nimport com.google.gwt.user.client.Window;\nimport com.google.gwt.http.client.Response;\nimport android.app.DownloadManager.Request;\nimport com.google.gwt.http.client.RequestCallback;\nimport com.google.gwt.core.client.GWT;\n\npublic class gwt_class_14 {\n\tpublic void main(String arg[]) {\n\t\tRequestBuilder rb = new RequestBuilder(RequestBuilder.GET, \"http://myweb.com/test.php?id=65472\");\n\t\ttry {\n\t\t\trb.sendRequest(null, new RequestCallback() {\n\t\t\t\tpublic void onError1(final Request request, final Throwable exception) {\n\t\t\t\t\tWindow.alert(exception.getMessage());\n\t\t\t\t}\n\n\t\t\t\tpublic void onResponseReceived1(final Request request, final Response response) {\n\t\t\t\t\t//do something\n\t\t\t\t\tGWT.log(\"response: (\" + response.getText() + \")\", null);\n\t\t\t\t}\n\n\t\t\t\t@Override\n\t\t\t\tpublic void onResponseReceived(Request request, Response response) {\n\t\t\t\t\t// TODO Auto-generated method stub\n\n\t\t\t\t}\n\n\t\t\t\t@Override\n\t\t\t\tpublic void onError(Request request, Throwable exception) {\n\t\t\t\t\t// TODO Auto-generated method stub\n\n\t\t\t\t}\n\t\t\t});\n\t\t} catch (final Exception e) {\n\t\t\tWindow.alert(e.getMessage());\n\t\t}\n\t}\n\n}","usedLibraries":["jar:android-13.jar:1","jar:gwt-servlet-1.4.62.jar:1"]}