{
  "java_file": "/home/theguy/Documents/research/snr-server/src/test/resources/snippets/so/gwt_class_9.java",
  "output_file": "StatType-Completion-output-json/gwt_class_9.java.json",
  "exit_code": 0,
  "stdout": "/home/theguy/Documents/research/snr-server/benchmark/snippet_log/gwt_class_9.java.stdout.69789af8edcc4016ba23c189dc22d7d2.txt",
  "stderr": "/home/theguy/Documents/research/snr-server/benchmark/snippet_log/gwt_class_9.java.stderr.69789af8edcc4016ba23c189dc22d7d2.txt",
  "run_time": 10783307059,
  "total_imports": [
    "com.google.gwt.user.client.Command",
    "com.google.gwt.user.client.ui.MenuBar",
    "com.google.gwt.user.client.ui.VerticalPanel"
  ],
  "correct_imports": [
    "com.google.gwt.user.client.Command",
    "com.google.gwt.user.client.ui.MenuBar"
  ]
}