{
  "java_file": "/home/theguy/Documents/research/snr-server/src/test/resources/snippets/so/gwt_class_12.java",
  "output_file": "StatType-Completion-output-json/gwt_class_12.java.json",
  "exit_code": 0,
  "stdout": "/home/theguy/Documents/research/snr-server/benchmark/snippet_log/gwt_class_12.java.stdout.f1949c9f814946fdac1600523233fe95.txt",
  "stderr": "/home/theguy/Documents/research/snr-server/benchmark/snippet_log/gwt_class_12.java.stderr.f1949c9f814946fdac1600523233fe95.txt",
  "run_time": 31947109382,
  "total_imports": [
    "com.google.gwt.core.client.EntryPoint",
    "com.google.gwt.user.client.ui.AbsolutePanel",
    "com.google.gwt.user.client.ui.Label",
    "com.google.gwt.user.client.ui.RootPanel",
    "com.google.gwt.user.client.ui.TextBox",
    "com.google.gwt.user.client.ui.VerticalPanel"
  ],
  "correct_imports": [
    "com.google.gwt.user.client.ui.TextBox",
    "com.google.gwt.core.client.EntryPoint",
    "com.google.gwt.user.client.ui.AbsolutePanel"
  ]
}