{"status":2,"problems":[{"fileName":"gwt_class_27.java","startLocation":488,"endLocation":495,"lineNumber":16,"column":33,"message":"NodeList is a raw type. References to generic type NodeList<T> should be parameterized","problemId":16777788,"problemSeverity":"WARNING"}],"originalContent":"package gwt;\n//ID = 2385802\n\npublic class gwt_class_27 {\n\tpublic static void main(String arg[]){\n\t\tfinal Button sendButton = new Button(\"Send\");\n\t\tsendButton.getElement().setId(\"button\");\n\t\tRootPanel.get().getElement().appendChild(sendButton.getElement());\n\n\t\tNodeList buttonElement = Document.get().getElementsByTagName(\"button\");\n\t\tif(buttonElement != null && buttonElement.getLength() > 0){\n\t\tbuttonElement.getItem(0).setNodeValue(\"Changed\");\n\t\t}else{\n\t\tGWT.log(\"Can't select button\");\n\t\t}\n\t}\n}","updatedContent":"package gwt;\n//ID = 2385802\n\nimport com.google.gwt.dom.client.Document;\nimport com.extjs.gxt.ui.client.widget.button.Button;\nimport com.google.gwt.dom.client.NodeList;\nimport com.google.gwt.user.client.ui.RootPanel;\nimport com.google.gwt.core.client.GWT;\n\npublic class gwt_class_27 {\n\tpublic static void main(String arg[]) {\n\t\tfinal Button sendButton = new Button(\"Send\");\n\t\tsendButton.getElement().setId(\"button\");\n\t\tRootPanel.get().getElement().appendChild(sendButton.getElement());\n\n\t\tNodeList buttonElement = Document.get().getElementsByTagName(\"button\");\n\t\tif (buttonElement != null && buttonElement.getLength() > 0) {\n\t\t\tbuttonElement.getItem(0).setNodeValue(\"Changed\");\n\t\t} else {\n\t\t\tGWT.log(\"Can't select button\");\n\t\t}\n\t}\n}","usedLibraries":["jar:gwt-user.jar:1","jar:gxt-2.2.1.jar:1","jar:gwt-servlet-1.4.62.jar:1"]}