{
  "java_file": "/home/theguy/Documents/research/snr-server/src/test/resources/snippets/so/gwt_class_2.java",
  "output_file": "StatType-Completion-output-json/gwt_class_2.java.json",
  "exit_code": 0,
  "stdout": "/home/theguy/Documents/research/snr-server/benchmark/snippet_log/gwt_class_2.java.stdout.601fc48c142d447abd30e5def27d6003.txt",
  "stderr": "/home/theguy/Documents/research/snr-server/benchmark/snippet_log/gwt_class_2.java.stderr.601fc48c142d447abd30e5def27d6003.txt",
  "run_time": 7601930740,
  "total_imports": [
    "com.google.gwt.core.client.GWT",
    "com.google.gwt.junit.client.GWTTestCase",
    "com.google.gwt.user.client.rpc.AsyncCallback",
    "aQute.gwt.greeter.shared.GreetingService",
    "aQute.gwt.greeter.shared.GreetingServiceAsync"
  ],
  "correct_imports": [
    "com.google.gwt.user.client.rpc.AsyncCallback",
    "com.google.gwt.junit.client.GWTTestCase",
    "aQute.gwt.greeter.shared.GreetingServiceAsync",
    "aQute.gwt.greeter.shared.GreetingService",
    "com.google.gwt.core.client.GWT"
  ]
}