{"status":2,"problems":[{"fileName":"gwt_class_5.java","startLocation":189,"endLocation":244,"lineNumber":8,"column":27,"message":"The method popItemFromArray(JsArray<JsArrayInteger>) from the type gwt_class_5 is never used locally","problemId":603979894,"problemSeverity":"WARNING"},{"fileName":"gwt_class_5.java","startLocation":423,"endLocation":430,"lineNumber":13,"column":0,"message":"Null pointer access: The variable newArray can only be null at this location","problemId":536871363,"problemSeverity":"WARNING"}],"originalContent":"package gwt;\n//ID = 1482513\n\npublic class gwt_class_5 {\n\tprivate final JsArray<JsArrayInteger> popItemFromArray(\n\t\t     final JsArray<JsArrayInteger> oldArray) {\n\t\t    // the createEmpty...  method is a native method which returns eval(\"[]\")\n\t\t    JsArray<JsArrayInteger> newArray = null;\n\n\t\t    for (int i = 0; i < oldArray.length() - 1; i++) {\n\t\t     newArray.set(i, oldArray.get(i));\n\t\t    }\n\n\t\t    return newArray;\n\t\t}\n}","updatedContent":"package gwt;\n//ID = 1482513\n\nimport com.google.gwt.core.client.JsArray;\nimport com.google.gwt.core.client.JsArrayInteger;\n\npublic class gwt_class_5 {\n\tprivate final JsArray<JsArrayInteger> popItemFromArray(final JsArray<JsArrayInteger> oldArray) {\n\t\t// the createEmpty...  method is a native method which returns eval(\"[]\")\n\t\tJsArray<JsArrayInteger> newArray = null;\n\n\t\tfor (int i = 0; i < oldArray.length() - 1; i++) {\n\t\t\tnewArray.set(i, oldArray.get(i));\n\t\t}\n\n\t\treturn newArray;\n\t}\n}","usedLibraries":["jar:gwt-user.jar:1"]}