{
  "java_file": "/home/theguy/Documents/research/snr-server/src/test/resources/snippets/so/gwt_class_30.java",
  "output_file": "StatType-Completion-output-json/gwt_class_30.java.json",
  "exit_code": 0,
  "stdout": "/home/theguy/Documents/research/snr-server/benchmark/snippet_log/gwt_class_30.java.stdout.c7a895c11a404bf6832867682742757e.txt",
  "stderr": "/home/theguy/Documents/research/snr-server/benchmark/snippet_log/gwt_class_30.java.stderr.c7a895c11a404bf6832867682742757e.txt",
  "run_time": 25021017409,
  "total_imports": [
    "com.google.gwt.user.client.ui.DialogBox",
    "com.google.gwt.user.client.ui.Grid",
    "com.google.gwt.user.client.ui.HTML",
    "com.google.gwt.user.client.ui.TextBox"
  ],
  "correct_imports": [
    "com.google.gwt.user.client.ui.DialogBox",
    "com.google.gwt.user.client.ui.Grid",
    "com.google.gwt.user.client.ui.TextBox",
    "com.google.gwt.user.client.ui.HTML"
  ]
}