{"status":0,"problems":[],"originalContent":"package gwt;\n//ID = 3618678\n\npublic class gwt_class_47 implements EntryPoint{\n    private static final Unit PCT = null;\n\n\t@Override\n     public void onModuleLoad() {\n         Widget childone = new HTML(\"left\"),childtwo=new HTML(\"right\");\n         LayoutPanel p = new LayoutPanel();\n         p.add(childone);\n         p.add(childtwo);\n         p.setWidgetLeftWidth(childone, 0, PCT, 50, PCT);\n         p.setWidgetRightWidth(childtwo, 0, PCT, 50, PCT);\n         RootLayoutPanel rp = RootLayoutPanel.get();\n         rp.add(p);\n     }\n}","updatedContent":"package gwt;\n//ID = 3618678\n\nimport com.google.gwt.user.client.ui.LayoutPanel;\nimport com.google.gwt.user.client.ui.RootLayoutPanel;\nimport com.google.gwt.user.client.ui.Widget;\nimport com.google.gwt.user.client.ui.HTML;\nimport com.google.gwt.core.client.EntryPoint;\nimport com.google.gwt.dom.client.Style.Unit;\n\npublic class gwt_class_47 implements EntryPoint {\n\tprivate static final Unit PCT = null;\n\n\t@Override\n\tpublic void onModuleLoad() {\n\t\tWidget childone = new HTML(\"left\"), childtwo = new HTML(\"right\");\n\t\tLayoutPanel p = new LayoutPanel();\n\t\tp.add(childone);\n\t\tp.add(childtwo);\n\t\tp.setWidgetLeftWidth(childone, 0, PCT, 50, PCT);\n\t\tp.setWidgetRightWidth(childtwo, 0, PCT, 50, PCT);\n\t\tRootLayoutPanel rp = RootLayoutPanel.get();\n\t\trp.add(p);\n\t}\n}","usedLibraries":["jar:gwt-user.jar:1","jar:gwt-servlet-1.4.62.jar:1"]}