{
  "java_file": "/home/theguy/Documents/research/snr-server/src/test/resources/snippets/so/gwt_class_3.java",
  "output_file": "StatType-Completion-output-json/gwt_class_3.java.json",
  "exit_code": 0,
  "stdout": "/home/theguy/Documents/research/snr-server/benchmark/snippet_log/gwt_class_3.java.stdout.ee0d1182f72447289220d635b333224d.txt",
  "stderr": "/home/theguy/Documents/research/snr-server/benchmark/snippet_log/gwt_class_3.java.stderr.ee0d1182f72447289220d635b333224d.txt",
  "run_time": 31708425741,
  "total_imports": [
    "com.google.gwt.core.client.EntryPoint",
    "com.google.gwt.user.client.Window",
    "com.google.gwt.user.client.rpc.AsyncCallback",
    "com.google.gwt.user.client.ui.Button",
    "com.google.gwt.user.client.ui.RootPanel",
    "com.google.gwt.user.client.ui.TextBox"
  ],
  "correct_imports": [
    "com.google.gwt.user.client.rpc.AsyncCallback",
    "com.google.gwt.core.client.EntryPoint"
  ]
}