{
  "java_file": "/home/theguy/Documents/research/snr-server/src/test/resources/snippets/so/gwt_class_19.java",
  "output_file": "StatType-Completion-output-json/gwt_class_19.java.json",
  "exit_code": 0,
  "stdout": "/home/theguy/Documents/research/snr-server/benchmark/snippet_log/gwt_class_19.java.stdout.66ced6a506554566896ddfaa6e4fef1c.txt",
  "stderr": "/home/theguy/Documents/research/snr-server/benchmark/snippet_log/gwt_class_19.java.stderr.66ced6a506554566896ddfaa6e4fef1c.txt",
  "run_time": 33846366195,
  "total_imports": [
    "com.extjs.gxt.ui.client.widget.VerticalPanel",
    "com.extjs.gxt.ui.client.widget.button.Button",
    "com.google.gwt.user.client.ui.RootPanel"
  ],
  "correct_imports": []
}