{
  "java_file": "/home/theguy/Documents/research/snr-server/src/test/resources/snippets/so/gwt_class_26.java",
  "output_file": "StatType-Completion-output-json/gwt_class_26.java.json",
  "exit_code": 0,
  "stdout": "/home/theguy/Documents/research/snr-server/benchmark/snippet_log/gwt_class_26.java.stdout.e2096d99eefa40919ed1abeba33e6534.txt",
  "stderr": "/home/theguy/Documents/research/snr-server/benchmark/snippet_log/gwt_class_26.java.stderr.e2096d99eefa40919ed1abeba33e6534.txt",
  "run_time": 43782322970,
  "total_imports": [
    "com.google.gwt.user.client.ui.Button",
    "com.google.gwt.user.client.ui.ClickListener",
    "com.google.gwt.user.client.ui.FormHandler",
    "com.google.gwt.user.client.ui.FormPanel",
    "com.google.gwt.user.client.ui.FormSubmitCompleteEvent",
    "com.google.gwt.user.client.ui.FormSubmitEvent",
    "com.google.gwt.user.client.ui.RootPanel",
    "com.google.gwt.user.client.ui.TextBox",
    "com.google.gwt.user.client.ui.VerticalPanel",
    "com.google.gwt.user.client.ui.Widget"
  ],
  "correct_imports": [
    "com.google.gwt.user.client.ui.Button",
    "com.google.gwt.user.client.ui.ClickListener",
    "com.google.gwt.user.client.ui.FormPanel",
    "com.google.gwt.user.client.ui.Widget",
    "com.google.gwt.user.client.ui.FormHandler",
    "com.google.gwt.user.client.ui.TextBox",
    "com.google.gwt.user.client.ui.FormSubmitCompleteEvent",
    "com.google.gwt.user.client.ui.FormSubmitEvent"
  ]
}