{
  "java_file": "/home/theguy/Documents/research/snr-server/src/test/resources/snippets/so/gwt_class_25.java",
  "output_file": "StatType-Completion-output-json/gwt_class_25.java.json",
  "exit_code": 0,
  "stdout": "/home/theguy/Documents/research/snr-server/benchmark/snippet_log/gwt_class_25.java.stdout.9c2378e3659e4a1d9a7db23b3a8a35c9.txt",
  "stderr": "/home/theguy/Documents/research/snr-server/benchmark/snippet_log/gwt_class_25.java.stderr.9c2378e3659e4a1d9a7db23b3a8a35c9.txt",
  "run_time": 52233073291,
  "total_imports": [
    "com.google.gwt.event.dom.client.ClickEvent",
    "com.google.gwt.event.dom.client.ClickHandler",
    "com.google.gwt.event.dom.client.KeyCodes",
    "com.google.gwt.event.dom.client.KeyUpEvent",
    "com.google.gwt.event.dom.client.KeyUpHandler",
    "com.google.gwt.user.client.ui.Button",
    "com.google.gwt.user.client.ui.DialogBox",
    "com.google.gwt.user.client.ui.HTML",
    "com.google.gwt.user.client.ui.Label",
    "com.google.gwt.user.client.ui.RootPanel",
    "com.google.gwt.user.client.ui.TextBox",
    "com.google.gwt.user.client.ui.VerticalPanel"
  ],
  "correct_imports": [
    "com.google.gwt.user.client.ui.DialogBox",
    "com.google.gwt.user.client.ui.VerticalPanel",
    "com.google.gwt.event.dom.client.KeyUpEvent",
    "com.google.gwt.event.dom.client.ClickEvent",
    "com.google.gwt.event.dom.client.KeyUpHandler",
    "com.google.gwt.event.dom.client.KeyCodes",
    "com.google.gwt.user.client.ui.HTML"
  ]
}