{
  "java_file": "/home/theguy/Documents/research/snr-server/src/test/resources/snippets/so/gwt_class_20.java",
  "output_file": "StatType-Completion-output-json/gwt_class_20.java.json",
  "exit_code": 0,
  "stdout": "/home/theguy/Documents/research/snr-server/benchmark/snippet_log/gwt_class_20.java.stdout.4d81b772ecd84a8ba8db8049f80ccd05.txt",
  "stderr": "/home/theguy/Documents/research/snr-server/benchmark/snippet_log/gwt_class_20.java.stderr.4d81b772ecd84a8ba8db8049f80ccd05.txt",
  "run_time": 21295558125,
  "total_imports": [
    "com.google.gwt.core.client.EntryPoint",
    "com.google.gwt.event.dom.client.ClickEvent",
    "com.google.gwt.event.dom.client.ClickHandler",
    "com.google.gwt.user.client.Window",
    "com.google.gwt.user.client.ui.Button",
    "com.google.gwt.user.client.ui.RootPanel"
  ],
  "correct_imports": [
    "com.google.gwt.event.dom.client.ClickEvent",
    "com.google.gwt.user.client.Window",
    "com.google.gwt.core.client.EntryPoint",
    "com.google.gwt.event.dom.client.ClickHandler"
  ]
}