{"status":2,"problems":[{"fileName":"gwt_class_26.java","startLocation":603,"endLocation":611,"lineNumber":17,"column":10,"message":"RootPanel cannot be resolved","problemId":570425394,"problemSeverity":"ERROR"}],"originalContent":"package gwt;\n//ID = 2369187\n\npublic class gwt_class_26 {\n\tpublic static void main(String arg[]){\n\t\tfinal FormPanel formPanel = new FormPanel();\n\t    RootPanel.get(\"openId\").add(formPanel);\n\t    VerticalPanel openIdContainer = new VerticalPanel();\n\t    formPanel.add(openIdContainer);\n\n\t    TextBox url = new TextBox();\n\t    url.setText(\"https://www.google.com/accounts/o8/id\");\n\t    url.setName(\"j_username\");\n\t    openIdContainer.add(url);\n\n\t    formPanel.setAction(\"j_spring_openid_security_check\");\n\t    formPanel.setMethod(FormPanel.METHOD_POST);\n\n\t    Button btn = new Button(\"Open ID\");\n\t    btn.addClickListener(new ClickListener() {\n\t        public void onClick(Widget sender)\n\t        {\n\t            formPanel.submit();\n\t        }\n\t    });\n\t    openIdContainer.add(btn);        \n\n\t    formPanel.addFormHandler(new FormHandler() {\n\t        public void onSubmit(FormSubmitEvent event)\n\t        {\n\t            System.out.println(\"On Submit invoked \" +event.isCancelled());\n\t        }\n\t        public void onSubmitComplete(FormSubmitCompleteEvent event)\n\t        {\n\t            System.out.println(\"On Submit Complete invoked \" + event.toString());\n\t        }\n\n\t    });\n\t}\n\n}","updatedContent":"package gwt;\n//ID = 2369187\n\nimport com.google.gwt.user.client.ui.Button;\nimport com.google.gwt.user.client.ui.ClickListener;\nimport com.google.gwt.user.client.ui.FormPanel;\nimport com.google.gwt.user.client.ui.Widget;\nimport com.google.gwt.user.client.ui.FormHandler;\nimport com.google.gwt.user.client.ui.TextBox;\nimport com.google.gwt.user.client.ui.FormSubmitCompleteEvent;\nimport com.extjs.gxt.ui.client.widget.VerticalPanel;\nimport com.google.gwt.user.client.ui.FormSubmitEvent;\n\npublic class gwt_class_26 {\n\tpublic static void main(String arg[]) {\n\t\tfinal FormPanel formPanel = new FormPanel();\n\t\tRootPanel.get(\"openId\").add(formPanel);\n\t\tVerticalPanel openIdContainer = new VerticalPanel();\n\t\tformPanel.add(openIdContainer);\n\n\t\tTextBox url = new TextBox();\n\t\turl.setText(\"https://www.google.com/accounts/o8/id\");\n\t\turl.setName(\"j_username\");\n\t\topenIdContainer.add(url);\n\n\t\tformPanel.setAction(\"j_spring_openid_security_check\");\n\t\tformPanel.setMethod(FormPanel.METHOD_POST);\n\n\t\tButton btn = new Button(\"Open ID\");\n\t\tbtn.addClickListener(new ClickListener() {\n\t\t\tpublic void onClick(Widget sender) {\n\t\t\t\tformPanel.submit();\n\t\t\t}\n\t\t});\n\t\topenIdContainer.add(btn);\n\n\t\tformPanel.addFormHandler(new FormHandler() {\n\t\t\tpublic void onSubmit(FormSubmitEvent event) {\n\t\t\t\tSystem.out.println(\"On Submit invoked \" + event.isCancelled());\n\t\t\t}\n\n\t\t\tpublic void onSubmitComplete(FormSubmitCompleteEvent event) {\n\t\t\t\tSystem.out.println(\"On Submit Complete invoked \" + event.toString());\n\t\t\t}\n\n\t\t});\n\t}\n\n}","usedLibraries":["jar:gxt-2.2.1.jar:1","jar:gwt-servlet-1.4.62.jar:1"]}