{
  "java_file": "/home/theguy/Documents/research/snr-server/src/test/resources/snippets/so/gwt_class_13.java",
  "output_file": "StatType-Completion-output-json/gwt_class_13.java.json",
  "exit_code": 0,
  "stdout": "/home/theguy/Documents/research/snr-server/benchmark/snippet_log/gwt_class_13.java.stdout.49112701531c4119bd8a06ae4b899dcb.txt",
  "stderr": "/home/theguy/Documents/research/snr-server/benchmark/snippet_log/gwt_class_13.java.stderr.49112701531c4119bd8a06ae4b899dcb.txt",
  "run_time": 23192012613,
  "total_imports": [
    "com.google.gwt.core.client.EntryPoint",
    "com.google.gwt.user.client.ui.AbsolutePanel",
    "com.google.gwt.user.client.ui.Button",
    "com.google.gwt.user.client.ui.ClickListener",
    "com.google.gwt.user.client.ui.RootPanel",
    "com.google.gwt.user.client.ui.Widget"
  ],
  "correct_imports": [
    "com.google.gwt.user.client.ui.Button",
    "com.google.gwt.user.client.ui.ClickListener",
    "com.google.gwt.user.client.ui.Widget",
    "com.google.gwt.core.client.EntryPoint",
    "com.google.gwt.user.client.ui.AbsolutePanel"
  ]
}