{"status":2,"problems":[{"fileName":"gwt_class_32.java","startLocation":648,"endLocation":1057,"lineNumber":17,"column":30,"message":"Unhandled exception type RequestException","problemId":16777384,"problemSeverity":"ERROR"},{"fileName":"gwt_class_32.java","startLocation":1071,"endLocation":1086,"lineNumber":32,"column":-1,"message":"Unreachable catch block for MessageTransport.RequestException. This exception is never thrown from the try statement body","problemId":83886247,"problemSeverity":"ERROR"}],"originalContent":"package gwt;\n//ID = 2482222\n\npublic class gwt_class_32 {\n\tpublic static void main(String arg[]){\n\tString url = \"http: gd.geobytes.com/gd?after=-1&variables=GeobytesCountry,GeobytesCity\";\n    RequestBuilder builder = new RequestBuilder(RequestBuilder.GET, URL.encode(url));\n    try {\n        Request request = builder.sendRequest(null, new RequestCallback() {\n            public void onError(Request request, Throwable exception) {\n            }\n\n            public void onResponseReceived(Request request,\n                    Response response) {\n\n                System.out.println(response.getText() + \"Response\");\n\n                if (200 == response.getStatusCode()) {\n                    Window.alert(response.getText());\n                } else {\n                    Window.alert(response.getText());\n                }\n            }\n        });\n    } catch (RequestException e) {\n        e.printStackTrace();\n    }\n}\n}","updatedContent":"package gwt;\n//ID = 2482222\n\nimport com.google.gwt.http.client.RequestBuilder;\nimport com.google.gwt.http.client.URL;\nimport com.google.gwt.user.client.Window;\nimport com.google.gwt.http.client.Response;\nimport com.google.gwt.dev.shell.remoteui.MessageTransport.RequestException;\nimport com.google.gwt.http.client.Request;\nimport com.google.gwt.http.client.RequestCallback;\n\npublic class gwt_class_32 {\n\tpublic static void main(String arg[]) {\n\t\tString url = \"http: gd.geobytes.com/gd?after=-1&variables=GeobytesCountry,GeobytesCity\";\n\t\tRequestBuilder builder = new RequestBuilder(RequestBuilder.GET, URL.encode(url));\n\t\ttry {\n\t\t\tRequest request = builder.sendRequest(null, new RequestCallback() {\n\t\t\t\tpublic void onError(Request request, Throwable exception) {\n\t\t\t\t}\n\n\t\t\t\tpublic void onResponseReceived(Request request, Response response) {\n\n\t\t\t\t\tSystem.out.println(response.getText() + \"Response\");\n\n\t\t\t\t\tif (200 == response.getStatusCode()) {\n\t\t\t\t\t\tWindow.alert(response.getText());\n\t\t\t\t\t} else {\n\t\t\t\t\t\tWindow.alert(response.getText());\n\t\t\t\t\t}\n\t\t\t\t}\n\t\t\t});\n\t\t} catch (RequestException e) {\n\t\t\te.printStackTrace();\n\t\t}\n\t}\n}","usedLibraries":["jar:gwt-dev-2.9.0.jar:1","jar:gwt-servlet-1.4.62.jar:1"]}