{"status":2,"problems":[{"fileName":"gwt_class_49.java","startLocation":236,"endLocation":291,"lineNumber":10,"column":10,"message":"The method putElementLinkIDsInList(BodyElement, ArrayList) from the type gwt_class_49 is never used locally","problemId":603979894,"problemSeverity":"WARNING"},{"fileName":"gwt_class_49.java","startLocation":522,"endLocation":529,"lineNumber":21,"column":19,"message":"Document cannot be resolved","problemId":570425394,"problemSeverity":"ERROR"}],"originalContent":"package gwt;\n//ID = 3954392\n\n\npublic class gwt_class_49 {\n\tprivate void putElementLinkIDsInList(BodyElement elt, ArrayList list) {\n\t}/*-{\n\n\n  /**\n   * Find all anchor tags and if any point outside the site, redirect them to a\n   * \"blocked\" page.\n   */\n  private void rewriteLinksIterative() {\n    ArrayList links = new ArrayList();\n    putElementLinkIDsInList(Document.get().getBody(), links);\n    for (int i = 0; i < links.size(); i++) {\n      Element elt = DOM.getElementById((String) links.get(i));\n      rewriteLink(elt, \"www.example.com\");\n    }\n  }\n\n /**\n   * Block all accesses out of the website that don't match 'sitename'\n   * \n   * @param element\n   *          An anchor link element\n   * @param sitename\n   *          name of the website to check. e.g. \"www.example.com\"\n   */\n  private void rewriteLink(Element element, String sitename) {\n    String href = DOM.getElementProperty(element, \"href\");\n    if (null == href) {\n      return;\n    }\n\n    // We want to re-write absolute URLs that go outside of this site\n    if (href.startsWith(\"http://\")\n        && !href.startsWith(\"http://\" + sitename + \"/\")) {\n      DOM.setElementProperty(element, \"href\", \"http://\" + sitename\n          + \"/Blocked.html\");\n    }\n  }\n}","updatedContent":"package gwt;\n//ID = 3954392\n\nimport flex.messaging.io.ArrayList;\nimport com.google.gwt.user.client.Element;\nimport com.google.gwt.user.client.DOM;\nimport com.google.gwt.dom.client.BodyElement;\n\npublic class gwt_class_49 {\n\tprivate void putElementLinkIDsInList(BodyElement elt, ArrayList list) {\n\t}/*-{\n\t\t\n\t\t\n\t\t/**\n\t\t* Find all anchor tags and if any point outside the site, redirect them to a\n\t\t* \"blocked\" page.\n\t\t*/\n\n\tprivate void rewriteLinksIterative() {\n\t\tArrayList links = new ArrayList();\n\t\tputElementLinkIDsInList(Document.get().getBody(), links);\n\t\tfor (int i = 0; i < links.size(); i++) {\n\t\t\tElement elt = DOM.getElementById((String) links.get(i));\n\t\t\trewriteLink(elt, \"www.example.com\");\n\t\t}\n\t}\n\n\t/**\n\t  * Block all accesses out of the website that don't match 'sitename'\n\t  * \n\t  * @param element\n\t  *          An anchor link element\n\t  * @param sitename\n\t  *          name of the website to check. e.g. \"www.example.com\"\n\t  */\n\tprivate void rewriteLink(Element element, String sitename) {\n\t\tString href = DOM.getElementProperty(element, \"href\");\n\t\tif (null == href) {\n\t\t\treturn;\n\t\t}\n\n\t\t// We want to re-write absolute URLs that go outside of this site\n\t\tif (href.startsWith(\"http://\") && !href.startsWith(\"http://\" + sitename + \"/\")) {\n\t\t\tDOM.setElementProperty(element, \"href\", \"http://\" + sitename + \"/Blocked.html\");\n\t\t}\n\t}\n}","usedLibraries":["jar:gwt-user.jar:1","jar:flex-messaging-core-3.2.0.jar:1","jar:gwt-servlet-1.4.62.jar:1"]}