{"status":0,"problems":[],"originalContent":"package gwt;\n//ID = 3969102\n\npublic class gwt_class_50 {\n\tpublic class ListItem extends ComplexPanel implements HasText, HasHTML, HasClickHandlers, HasKeyDownHandlers, HasBlurHandlers {\n\t    HandlerRegistration clickHandler;\n\n\t    public ListItem() {\n\t        setElement(DOM.createElement(\"LI\"));\n\t    }\n\n\t    public void add(Widget w) {\n\t        super.add(w, getElement());\n\t    }\n\n\t    public void insert(Widget w, int beforeIndex) {\n\t        super.insert(w, getElement(), beforeIndex, true);\n\t    }\n\n\t    public String getText() {\n\t        return DOM.getInnerText(getElement());\n\t    }\n\n\t    public void setText(String text) {\n\t        DOM.setInnerText(getElement(), (text == null) ? \"\" : text);\n\t    }\n\n\t    public void setId(String id) {\n\t        DOM.setElementAttribute(getElement(), \"id\", id);\n\t    }\n\n\t    public String getHTML() {\n\t        return DOM.getInnerHTML(getElement());\n\t    }\n\n\t    public void setHTML(String html) {\n\t        DOM.setInnerHTML(getElement(), (html == null) ? \"\" : html);\n\t    }\n\n\t    public HandlerRegistration addClickHandler(ClickHandler handler) {\n\t        return addDomHandler(handler, ClickEvent.getType());\n\t    }\n\n\t    public HandlerRegistration addKeyDownHandler(KeyDownHandler handler) {\n\t        return addDomHandler(handler, KeyDownEvent.getType());\n\t    }\n\n\t    public HandlerRegistration addBlurHandler(BlurHandler handler) {\n\t        return addDomHandler(handler, BlurEvent.getType());\n\t    }\n\n\n\t}\n}","updatedContent":"package gwt;\n//ID = 3969102\n\nimport com.google.gwt.event.dom.client.HasKeyDownHandlers;\nimport com.google.gwt.event.dom.client.ClickEvent;\nimport com.google.gwt.event.dom.client.BlurHandler;\nimport com.google.gwt.event.shared.HandlerRegistration;\nimport com.google.gwt.event.dom.client.ClickHandler;\nimport com.google.gwt.user.client.ui.HasText;\nimport com.google.gwt.user.client.ui.Widget;\nimport com.google.gwt.event.dom.client.HasBlurHandlers;\nimport com.google.gwt.event.dom.client.BlurEvent;\nimport com.google.gwt.user.client.ui.HasHTML;\nimport com.google.gwt.user.client.DOM;\nimport com.google.gwt.event.dom.client.KeyDownHandler;\nimport com.google.gwt.user.client.ui.ComplexPanel;\nimport com.google.gwt.event.dom.client.HasClickHandlers;\nimport com.google.gwt.event.dom.client.KeyDownEvent;\n\npublic class gwt_class_50 {\n\tpublic class ListItem extends ComplexPanel\n\t\t\timplements HasText, HasHTML, HasClickHandlers, HasKeyDownHandlers, HasBlurHandlers {\n\t\tHandlerRegistration clickHandler;\n\n\t\tpublic ListItem() {\n\t\t\tsetElement(DOM.createElement(\"LI\"));\n\t\t}\n\n\t\tpublic void add(Widget w) {\n\t\t\tsuper.add(w, getElement());\n\t\t}\n\n\t\tpublic void insert(Widget w, int beforeIndex) {\n\t\t\tsuper.insert(w, getElement(), beforeIndex, true);\n\t\t}\n\n\t\tpublic String getText() {\n\t\t\treturn DOM.getInnerText(getElement());\n\t\t}\n\n\t\tpublic void setText(String text) {\n\t\t\tDOM.setInnerText(getElement(), (text == null) ? \"\" : text);\n\t\t}\n\n\t\tpublic void setId(String id) {\n\t\t\tDOM.setElementAttribute(getElement(), \"id\", id);\n\t\t}\n\n\t\tpublic String getHTML() {\n\t\t\treturn DOM.getInnerHTML(getElement());\n\t\t}\n\n\t\tpublic void setHTML(String html) {\n\t\t\tDOM.setInnerHTML(getElement(), (html == null) ? \"\" : html);\n\t\t}\n\n\t\tpublic HandlerRegistration addClickHandler(ClickHandler handler) {\n\t\t\treturn addDomHandler(handler, ClickEvent.getType());\n\t\t}\n\n\t\tpublic HandlerRegistration addKeyDownHandler(KeyDownHandler handler) {\n\t\t\treturn addDomHandler(handler, KeyDownEvent.getType());\n\t\t}\n\n\t\tpublic HandlerRegistration addBlurHandler(BlurHandler handler) {\n\t\t\treturn addDomHandler(handler, BlurEvent.getType());\n\t\t}\n\n\t}\n}","usedLibraries":["jar:gwt-user.jar:1","jar:gwt-servlet-1.4.62.jar:1"]}