{"status":2,"problems":[{"fileName":"gwt_class_2.java","startLocation":337,"endLocation":347,"lineNumber":13,"column":30,"message":"The hierarchy of the type gwt_class_2 is inconsistent","problemId":16777543,"problemSeverity":"ERROR"},{"fileName":"gwt_class_2.java","startLocation":357,"endLocation":367,"lineNumber":13,"column":8,"message":"The type junit.framework.TestCase cannot be resolved. It is indirectly referenced from required .class files","problemId":16777540,"problemSeverity":"ERROR"},{"fileName":"gwt_class_2.java","startLocation":880,"endLocation":883,"lineNumber":31,"column":5,"message":"The method fail(String) is undefined for the type new AsyncCallback<String>(){}","problemId":67108964,"problemSeverity":"ERROR"},{"fileName":"gwt_class_2.java","startLocation":1019,"endLocation":1028,"lineNumber":37,"column":-1,"message":"The method assertTrue(boolean) is undefined for the type new AsyncCallback<String>(){}","problemId":67108964,"problemSeverity":"ERROR"}],"originalContent":"package gwt;\n//ID = 971712\n\n\n/**\n * GWT JUnit tests must extend GWTTestCase.\n */\npublic class gwt_class_2 extends GWTTestCase {\n\n  /**\n   * Must refer to a valid module that sources this class.\n   */\n  public String getModuleName() {\n    return \"com.google.gwt.sample.stockwatcher.StockWatcher\";\n  }\n\n  /**\n   * Add as many tests as you like.\n   */\n  public void testSimple() {\n      GreetingServiceAsync greetingService = GWT.create(GreetingService.class);\n      greetingService.greetServer(\"Bob\",\n       new AsyncCallback<String>() {\n        public void onFailure(Throwable caught) {\n         // Show the RPC error message to the user\n         System.out.println(caught);\n         fail(\"big time failure\");\n         finishTest();\n        }\n\n        public void onSuccess(String result) {\n         System.out.println(\"success, biatch\");\n         assertTrue(true);\n        }\n       });\n      delayTestFinish(1000);\n  }\n\n}","updatedContent":"package gwt;\n//ID = 971712\n\nimport com.google.gwt.user.client.rpc.AsyncCallback;\nimport com.google.gwt.junit.client.GWTTestCase;\nimport aQute.gwt.greeter.shared.GreetingServiceAsync;\nimport aQute.gwt.greeter.shared.GreetingService;\nimport com.google.gwt.core.client.GWT;\n\n/**\n * GWT JUnit tests must extend GWTTestCase.\n */\npublic class gwt_class_2 extends GWTTestCase {\n\n\t/**\n\t * Must refer to a valid module that sources this class.\n\t */\n\tpublic String getModuleName() {\n\t\treturn \"com.google.gwt.sample.stockwatcher.StockWatcher\";\n\t}\n\n\t/**\n\t * Add as many tests as you like.\n\t */\n\tpublic void testSimple() {\n\t\tGreetingServiceAsync greetingService = GWT.create(GreetingService.class);\n\t\tgreetingService.greetServer(\"Bob\", new AsyncCallback<String>() {\n\t\t\tpublic void onFailure(Throwable caught) {\n\t\t\t\t// Show the RPC error message to the user\n\t\t\t\tSystem.out.println(caught);\n\t\t\t\tfail(\"big time failure\");\n\t\t\t\tfinishTest();\n\t\t\t}\n\n\t\t\tpublic void onSuccess(String result) {\n\t\t\t\tSystem.out.println(\"success, biatch\");\n\t\t\t\tassertTrue(true);\n\t\t\t}\n\t\t});\n\t\tdelayTestFinish(1000);\n\t}\n\n}","usedLibraries":["jar:aqute.gwt.greeter.jar:1","jar:gwt-user.jar:1"]}