{
  "java_file": "/home/theguy/Documents/research/snr-server/src/test/resources/snippets/so/gwt_class_29.java",
  "output_file": "StatType-Completion-output-json/gwt_class_29.java.json",
  "exit_code": 0,
  "stdout": "/home/theguy/Documents/research/snr-server/benchmark/snippet_log/gwt_class_29.java.stdout.d3001e330a8947aa9b81424ba34e44a9.txt",
  "stderr": "/home/theguy/Documents/research/snr-server/benchmark/snippet_log/gwt_class_29.java.stderr.d3001e330a8947aa9b81424ba34e44a9.txt",
  "run_time": 8317019216,
  "total_imports": [
    "org.apache.commons.net.nntp.Article",
    "com.google.gwt.jsonp.client.JsonpRequestBuilder",
    "com.google.gwt.user.client.Window",
    "com.google.gwt.user.client.rpc.AsyncCallback"
  ],
  "correct_imports": [
    "com.google.gwt.jsonp.client.JsonpRequestBuilder",
    "com.google.gwt.user.client.rpc.AsyncCallback",
    "com.google.gwt.user.client.Window",
    "org.apache.commons.net.nntp.Article"
  ]
}