{
  "java_file": "/home/theguy/Documents/research/snr-server/src/test/resources/snippets/so/gwt_class_35.java",
  "output_file": "StatType-Completion-output-json/gwt_class_35.java.json",
  "exit_code": 0,
  "stdout": "/home/theguy/Documents/research/snr-server/benchmark/snippet_log/gwt_class_35.java.stdout.8b50c3c8afda45be8447fa97112f3106.txt",
  "stderr": "/home/theguy/Documents/research/snr-server/benchmark/snippet_log/gwt_class_35.java.stderr.8b50c3c8afda45be8447fa97112f3106.txt",
  "run_time": 13189029309,
  "total_imports": [
    "com.google.gwt.animation.client.Animation",
    "com.google.gwt.core.client.GWT",
    "com.google.gwt.dom.client.Element",
    "com.google.gwt.dom.client.Style.Unit",
    "com.google.gwt.user.client.ui.FlowPanel"
  ],
  "correct_imports": [
    "com.google.gwt.user.client.ui.FlowPanel",
    "com.google.gwt.dom.client.Element",
    "com.google.gwt.dom.client.Style.Unit"
  ]
}