{"status":2,"problems":[{"fileName":"gwt_class_35.java","startLocation":224,"endLocation":232,"lineNumber":9,"column":35,"message":"Animation cannot be resolved to a type","problemId":16777218,"problemSeverity":"ERROR"},{"fileName":"gwt_class_35.java","startLocation":515,"endLocation":517,"lineNumber":24,"column":21,"message":"GWT cannot be resolved","problemId":570425394,"problemSeverity":"ERROR"},{"fileName":"gwt_class_35.java","startLocation":589,"endLocation":591,"lineNumber":25,"column":44,"message":"The method run(int) is undefined for the type gwt_class_35.Scroller","problemId":67108964,"problemSeverity":"ERROR"},{"fileName":"gwt_class_35.java","startLocation":642,"endLocation":666,"lineNumber":29,"column":19,"message":"The method onUpdate(double) of type gwt_class_35.Scroller must override or implement a supertype method","problemId":67109498,"problemSeverity":"ERROR"}],"originalContent":"package gwt;\n//ID = 2669065\n\npublic class gwt_class_35 {\n\tpublic class Scroller extends Animation {\n\n\t    private FlowPanel scroller;\n\t    private final Element e;\n\n\t    public Scroller(){\n\t        scroller = new FlowPanel();\n\t        e = scroller.getElement();\n\t    }\n\n\t    public void scrollTo(int position, int milliseconds) {\n\n\t        int scrollStart = e.getOffsetLeft();\n\t        int scrollStop = position;\n\n\t        GWT.log(\"ScrollStart: \" + scrollStart + \" scrollStop: \" + scrollStop);\n\t        run(milliseconds);\n\t    }\n\n\t    @Override\n\t    protected void onUpdate(double progress) {\n\t        int scrollStart = 0;\n\t\t\tint scrollStop = 0;\n\t\t\tdouble position = scrollStart + (progress * (scrollStop - scrollStart));\n\t\t\tUnit u = null;\n\t        e.getStyle().setLeft(position, u);\n\t    }\n\t}\n}","updatedContent":"package gwt;\n//ID = 2669065\n\nimport com.google.gwt.user.client.ui.FlowPanel;\nimport com.google.gwt.dom.client.Element;\nimport com.google.gwt.dom.client.Style.Unit;\n\npublic class gwt_class_35 {\n\tpublic class Scroller extends Animation {\n\n\t\tprivate FlowPanel scroller;\n\t\tprivate final Element e;\n\n\t\tpublic Scroller() {\n\t\t\tscroller = new FlowPanel();\n\t\t\te = scroller.getElement();\n\t\t}\n\n\t\tpublic void scrollTo(int position, int milliseconds) {\n\n\t\t\tint scrollStart = e.getOffsetLeft();\n\t\t\tint scrollStop = position;\n\n\t\t\tGWT.log(\"ScrollStart: \" + scrollStart + \" scrollStop: \" + scrollStop);\n\t\t\trun(milliseconds);\n\t\t}\n\n\t\t@Override\n\t\tprotected void onUpdate(double progress) {\n\t\t\tint scrollStart = 0;\n\t\t\tint scrollStop = 0;\n\t\t\tdouble position = scrollStart + (progress * (scrollStop - scrollStart));\n\t\t\tUnit u = null;\n\t\t\te.getStyle().setLeft(position, u);\n\t\t}\n\t}\n}","usedLibraries":["jar:gwt-user.jar:1","jar:gwt-servlet-1.4.62.jar:1"]}