{"status":2,"problems":[{"fileName":"gwt_class_41.java","startLocation":531,"endLocation":539,"lineNumber":17,"column":28,"message":"RootPanel cannot be resolved","problemId":570425394,"problemSeverity":"ERROR"}],"originalContent":"package gwt;\n//ID = 2937126\n\npublic class gwt_class_41 {\n\tpublic class DownloadFilePanel extends Composite {\n\n\n\t\tpublic DownloadFilePanel(final String fileName){\n\n\t\t\tfinal Element downloadIframe = RootPanel.get(\"__download\").getElement();\n\n\t\t\tVerticalPanel content = new VerticalPanel();\n\t\t\tcontent.add(new Label(\"Download For this File : \" + fileName));\n\n\t\t\tButton button = new Button(\"Download\");\n\t\t\tbutton.addClickHandler(new ClickHandler(){\n\t\t\t\t@Override\n\t\t\t\tpublic void onClick(ClickEvent event) {\n\t\t\t\t\t// i do not know what to do here\n\t\t\t\t}\n\t\t\t});\n\t\t}\n\t}\n}","updatedContent":"package gwt;\n//ID = 2937126\n\nimport com.extjs.gxt.ui.client.widget.Composite;\nimport com.google.gwt.user.client.ui.Button;\nimport android.renderscript.Element;\nimport com.google.gwt.event.dom.client.ClickEvent;\nimport com.extjs.gxt.ui.client.widget.Label;\nimport com.extjs.gxt.ui.client.widget.VerticalPanel;\nimport com.google.gwt.event.dom.client.ClickHandler;\n\npublic class gwt_class_41 {\n\tpublic class DownloadFilePanel extends Composite {\n\n\t\tpublic DownloadFilePanel(final String fileName) {\n\n\t\t\tfinal Element downloadIframe = RootPanel.get(\"__download\").getElement();\n\n\t\t\tVerticalPanel content = new VerticalPanel();\n\t\t\tcontent.add(new Label(\"Download For this File : \" + fileName));\n\n\t\t\tButton button = new Button(\"Download\");\n\t\t\tbutton.addClickHandler(new ClickHandler() {\n\t\t\t\t@Override\n\t\t\t\tpublic void onClick(ClickEvent event) {\n\t\t\t\t\t// i do not know what to do here\n\t\t\t\t}\n\t\t\t});\n\t\t}\n\t}\n}","usedLibraries":["jar:android-13.jar:1","jar:gwt-user.jar:1","jar:gxt-2.2.1.jar:1"]}