{
  "java_file": "/home/theguy/Documents/research/snr-server/src/test/resources/snippets/so/gwt_class_18.java",
  "output_file": "StatType-Completion-output-json/gwt_class_18.java.json",
  "exit_code": 0,
  "stdout": "/home/theguy/Documents/research/snr-server/benchmark/snippet_log/gwt_class_18.java.stdout.427397baabaf4e4eaea5ca4e9ae0fc6c.txt",
  "stderr": "/home/theguy/Documents/research/snr-server/benchmark/snippet_log/gwt_class_18.java.stderr.427397baabaf4e4eaea5ca4e9ae0fc6c.txt",
  "run_time": 6578275003,
  "total_imports": [
    "com.google.gwt.core.client.GWT",
    "com.google.gwt.uibinder.client.UiBinder",
    "com.google.gwt.user.client.ui.Composite",
    "com.google.gwt.user.client.ui.Widget"
  ],
  "correct_imports": [
    "com.google.gwt.uibinder.client.UiBinder",
    "com.google.gwt.user.client.ui.Widget",
    "com.google.gwt.user.client.ui.Composite",
    "com.google.gwt.core.client.GWT"
  ]
}