{
  "java_file": "/home/theguy/Documents/research/snr-server/src/test/resources/snippets/so/gwt_class_48.java",
  "output_file": "StatType-Completion-output-json/gwt_class_48.java.json",
  "exit_code": 0,
  "stdout": "/home/theguy/Documents/research/snr-server/benchmark/snippet_log/gwt_class_48.java.stdout.18200b43a308413fb60b0ce19968078a.txt",
  "stderr": "/home/theguy/Documents/research/snr-server/benchmark/snippet_log/gwt_class_48.java.stderr.18200b43a308413fb60b0ce19968078a.txt",
  "run_time": 8343838619,
  "total_imports": [
    "com.google.gwt.core.client.EntryPoint",
    "com.google.gwt.event.logical.shared.BeforeSelectionEvent",
    "com.google.gwt.event.logical.shared.BeforeSelectionHandler",
    "com.google.gwt.event.logical.shared.SelectionEvent",
    "com.google.gwt.event.logical.shared.SelectionHandler",
    "com.google.gwt.user.client.Window",
    "com.google.gwt.user.client.ui.TabBar"
  ],
  "correct_imports": [
    "com.google.gwt.event.logical.shared.SelectionEvent",
    "com.google.gwt.event.logical.shared.BeforeSelectionHandler",
    "com.google.gwt.event.logical.shared.SelectionHandler",
    "com.google.gwt.user.client.ui.TabBar",
    "com.google.gwt.user.client.Window",
    "com.google.gwt.core.client.EntryPoint",
    "com.google.gwt.event.logical.shared.BeforeSelectionEvent"
  ]
}