{
  "java_file": "/home/theguy/Documents/research/snr-server/src/test/resources/snippets/so/gwt_class_10.java",
  "output_file": "StatType-Completion-output-json/gwt_class_10.java.json",
  "exit_code": 0,
  "stdout": "/home/theguy/Documents/research/snr-server/benchmark/snippet_log/gwt_class_10.java.stdout.d9db13f4b35d48d3bd81ce50145e5b94.txt",
  "stderr": "/home/theguy/Documents/research/snr-server/benchmark/snippet_log/gwt_class_10.java.stderr.d9db13f4b35d48d3bd81ce50145e5b94.txt",
  "run_time": 34961270152,
  "total_imports": [
    "com.google.gwt.user.client.ui.Button",
    "com.google.gwt.user.client.ui.ClickListener",
    "com.google.gwt.user.client.ui.FormPanel",
    "com.google.gwt.user.client.ui.Label",
    "com.google.gwt.user.client.ui.TextBox",
    "com.google.gwt.user.client.ui.VerticalPanel",
    "com.google.gwt.user.client.ui.Widget"
  ],
  "correct_imports": [
    "com.google.gwt.user.client.ui.Button",
    "com.google.gwt.user.client.ui.ClickListener",
    "com.google.gwt.user.client.ui.Widget",
    "com.google.gwt.user.client.ui.TextBox"
  ]
}