{
  "java_file": "/home/theguy/Documents/research/snr-server/src/test/resources/snippets/so/gwt_class_8.java",
  "output_file": "StatType-Completion-output-json/gwt_class_8.java.json",
  "exit_code": 0,
  "stdout": "/home/theguy/Documents/research/snr-server/benchmark/snippet_log/gwt_class_8.java.stdout.ee193c9b733e45b0a0044da3c400d952.txt",
  "stderr": "/home/theguy/Documents/research/snr-server/benchmark/snippet_log/gwt_class_8.java.stderr.ee193c9b733e45b0a0044da3c400d952.txt",
  "run_time": 13873038216,
  "total_imports": [
    "com.google.gwt.http.client.Request",
    "com.google.gwt.http.client.RequestBuilder",
    "com.google.gwt.http.client.RequestCallback",
    "com.google.gwt.http.client.RequestException",
    "com.google.gwt.http.client.Response",
    "com.google.gwt.user.client.Window"
  ],
  "correct_imports": [
    "com.google.gwt.http.client.RequestException",
    "com.google.gwt.http.client.RequestBuilder",
    "com.google.gwt.user.client.Window",
    "com.google.gwt.http.client.Response",
    "com.google.gwt.http.client.RequestCallback"
  ]
}