{
  "java_file": "/home/theguy/Documents/research/snr-server/src/test/resources/snippets/so/gwt_class_1.java",
  "output_file": "StatType-Completion-output-json/gwt_class_1.java.json",
  "exit_code": 0,
  "stdout": "/home/theguy/Documents/research/snr-server/benchmark/snippet_log/gwt_class_1.java.stdout.ea6d22f5c0b146cd80138c83b36bb2a3.txt",
  "stderr": "/home/theguy/Documents/research/snr-server/benchmark/snippet_log/gwt_class_1.java.stderr.ea6d22f5c0b146cd80138c83b36bb2a3.txt",
  "run_time": 10498567825,
  "total_imports": [
    "com.google.gwt.event.dom.client.MouseDownEvent",
    "com.google.gwt.event.dom.client.MouseDownHandler",
    "com.google.gwt.user.client.ui.AbsolutePanel",
    "com.google.gwt.user.client.ui.Composite"
  ],
  "correct_imports": [
    "com.google.gwt.event.dom.client.MouseDownHandler",
    "com.google.gwt.user.client.ui.Composite",
    "com.google.gwt.event.dom.client.MouseDownEvent",
    "com.google.gwt.user.client.ui.AbsolutePanel"
  ]
}