{
  "java_file": "/home/theguy/Documents/research/snr-server/src/test/resources/snippets/so/gwt_class_22.java",
  "output_file": "StatType-Completion-output-json/gwt_class_22.java.json",
  "exit_code": 0,
  "stdout": "/home/theguy/Documents/research/snr-server/benchmark/snippet_log/gwt_class_22.java.stdout.1ef8021d41bd4ee484392cc8a29f73f9.txt",
  "stderr": "/home/theguy/Documents/research/snr-server/benchmark/snippet_log/gwt_class_22.java.stderr.1ef8021d41bd4ee484392cc8a29f73f9.txt",
  "run_time": 25606347494,
  "total_imports": [
    "com.google.gwt.core.client.GWT",
    "com.google.gwt.event.dom.client.ClickEvent",
    "com.google.gwt.uibinder.client.UiBinder",
    "com.google.gwt.uibinder.client.UiField",
    "com.google.gwt.uibinder.client.UiHandler",
    "com.google.gwt.user.client.ui.Button",
    "com.google.gwt.user.client.ui.Composite",
    "com.google.gwt.user.client.ui.Label",
    "com.google.gwt.user.client.ui.VerticalPanel"
  ],
  "correct_imports": [
    "com.google.gwt.uibinder.client.UiBinder",
    "com.google.gwt.uibinder.client.UiField",
    "com.google.gwt.event.dom.client.ClickEvent",
    "com.google.gwt.uibinder.client.UiHandler",
    "com.google.gwt.user.client.ui.Composite",
    "com.google.gwt.core.client.GWT"
  ]
}