{"status":2,"problems":[{"fileName":"gwt_class_4.java","startLocation":156,"endLocation":173,"lineNumber":8,"column":60,"message":"VerticalSplitPanel cannot be resolved to a type","problemId":16777218,"problemSeverity":"ERROR"},{"fileName":"gwt_class_4.java","startLocation":191,"endLocation":208,"lineNumber":8,"column":26,"message":"VerticalSplitPanel cannot be resolved to a type","problemId":16777218,"problemSeverity":"ERROR"},{"fileName":"gwt_class_4.java","startLocation":254,"endLocation":262,"lineNumber":12,"column":40,"message":"VerticalSplitPanel cannot be resolved to a type","problemId":16777218,"problemSeverity":"ERROR"},{"fileName":"gwt_class_4.java","startLocation":292,"endLocation":300,"lineNumber":13,"column":37,"message":"VerticalSplitPanel cannot be resolved to a type","problemId":16777218,"problemSeverity":"ERROR"},{"fileName":"gwt_class_4.java","startLocation":666,"endLocation":674,"lineNumber":19,"column":23,"message":"VerticalSplitPanel cannot be resolved to a type","problemId":16777218,"problemSeverity":"ERROR"},{"fileName":"gwt_class_4.java","startLocation":693,"endLocation":696,"lineNumber":19,"column":2,"message":"HTML cannot be resolved to a type","problemId":16777218,"problemSeverity":"ERROR"},{"fileName":"gwt_class_4.java","startLocation":715,"endLocation":723,"lineNumber":20,"column":24,"message":"VerticalSplitPanel cannot be resolved to a type","problemId":16777218,"problemSeverity":"ERROR"},{"fileName":"gwt_class_4.java","startLocation":745,"endLocation":748,"lineNumber":20,"column":54,"message":"HTML cannot be resolved to a type","problemId":16777218,"problemSeverity":"ERROR"},{"fileName":"gwt_class_4.java","startLocation":778,"endLocation":786,"lineNumber":21,"column":32,"message":"VerticalSplitPanel cannot be resolved to a type","problemId":16777218,"problemSeverity":"ERROR"}],"originalContent":"package gwt;\n//ID = 1318732\npublic class gwt_class_4{\n\tpublic class MyView extends Composite\n\t{\n\t    private VerticalSplitPanel mainPanel=new VerticalSplitPanel();\n\n\t    public void CountryFilterView()\n\t    {    \n\n\t     mainPanel.setSize(\"100%\", \"100%\");\n\t     mainPanel.setSplitPosition(\"50%\");\n\t     // Add some content\n\t        String randomText = \"This is some text to show how the contents on either \"\n\t            + \"side of the splitter flow.   \"\n\t            + \"This is some text to show how the contents on either \"\n\t            + \"side of the splitter flow.   \"\n\t            + \"This is some text to show how the contents on either \"\n\t            + \"side of the splitter flow.   \";\n\t        mainPanel.setTopWidget(new HTML(randomText));\n\t        mainPanel.setBottomWidget(new HTML(randomText));\n\t        initWidget(mainPanel);\n\t    }\n\t}\n}","updatedContent":"package gwt;\n\nimport com.google.gwt.user.client.ui.Composite;\n\n//ID = 1318732\npublic class gwt_class_4 {\n\tpublic class MyView extends Composite {\n\t\tprivate VerticalSplitPanel mainPanel = new VerticalSplitPanel();\n\n\t\tpublic void CountryFilterView() {\n\n\t\t\tmainPanel.setSize(\"100%\", \"100%\");\n\t\t\tmainPanel.setSplitPosition(\"50%\");\n\t\t\t// Add some content\n\t\t\tString randomText = \"This is some text to show how the contents on either \"\n\t\t\t\t\t+ \"side of the splitter flow.   \" + \"This is some text to show how the contents on either \"\n\t\t\t\t\t+ \"side of the splitter flow.   \" + \"This is some text to show how the contents on either \"\n\t\t\t\t\t+ \"side of the splitter flow.   \";\n\t\t\tmainPanel.setTopWidget(new HTML(randomText));\n\t\t\tmainPanel.setBottomWidget(new HTML(randomText));\n\t\t\tinitWidget(mainPanel);\n\t\t}\n\t}\n}","usedLibraries":["jar:gwt-servlet-1.4.62.jar:1"]}