{
  "java_file": "/home/theguy/Documents/research/snr-server/src/test/resources/snippets/so/gwt_class_17.java",
  "output_file": "StatType-Completion-output-json/gwt_class_17.java.json",
  "exit_code": 0,
  "stdout": "/home/theguy/Documents/research/snr-server/benchmark/snippet_log/gwt_class_17.java.stdout.18108484d4da4ff4b6b97a821be14d6e.txt",
  "stderr": "/home/theguy/Documents/research/snr-server/benchmark/snippet_log/gwt_class_17.java.stderr.18108484d4da4ff4b6b97a821be14d6e.txt",
  "run_time": 36377871438,
  "total_imports": [
    "com.google.gwt.core.client.GWT",
    "com.google.gwt.user.client.ui.AbstractImagePrototype",
    "com.google.gwt.user.client.ui.Button",
    "com.google.gwt.user.client.ui.Composite",
    "com.google.gwt.user.client.ui.DockPanel",
    "com.google.gwt.user.client.ui.HTML",
    "com.google.gwt.user.client.ui.Image",
    "com.google.gwt.user.client.ui.ImageBundle",
    "com.google.gwt.user.client.ui.VerticalPanel"
  ],
  "correct_imports": [
    "com.google.gwt.user.client.ui.Image",
    "com.google.gwt.user.client.ui.DockPanel",
    "com.google.gwt.user.client.ui.Composite",
    "com.google.gwt.user.client.ui.HTML",
    "com.google.gwt.user.client.ui.AbstractImagePrototype",
    "com.google.gwt.user.client.ui.ImageBundle",
    "com.google.gwt.core.client.GWT"
  ]
}