{"status":2,"problems":[{"fileName":"gwt_class_33.java","startLocation":752,"endLocation":755,"lineNumber":23,"column":14,"message":"List is a raw type. References to generic type List<E> should be parameterized","problemId":16777788,"problemSeverity":"WARNING"},{"fileName":"gwt_class_33.java","startLocation":1051,"endLocation":1059,"lineNumber":34,"column":12,"message":"RootPanel cannot be resolved","problemId":570425394,"problemSeverity":"ERROR"},{"fileName":"gwt_class_33.java","startLocation":1876,"endLocation":1879,"lineNumber":61,"column":23,"message":"HTML cannot be resolved to a type","problemId":16777218,"problemSeverity":"ERROR"},{"fileName":"gwt_class_33.java","startLocation":1893,"endLocation":1896,"lineNumber":61,"column":40,"message":"HTML cannot be resolved to a type","problemId":16777218,"problemSeverity":"ERROR"},{"fileName":"gwt_class_33.java","startLocation":2064,"endLocation":2084,"lineNumber":65,"column":15,"message":"Type safety: The method add(Object) belongs to the raw type List. References to generic type List<E> should be parameterized","problemId":16777747,"problemSeverity":"WARNING"},{"fileName":"gwt_class_33.java","startLocation":2448,"endLocation":2451,"lineNumber":76,"column":19,"message":"HTML cannot be resolved to a type","problemId":16777218,"problemSeverity":"ERROR"},{"fileName":"gwt_class_33.java","startLocation":2810,"endLocation":2837,"lineNumber":85,"column":7,"message":"Type safety: The method add(Object) belongs to the raw type List. References to generic type List<E> should be parameterized","problemId":16777747,"problemSeverity":"WARNING"},{"fileName":"gwt_class_33.java","startLocation":2843,"endLocation":2871,"lineNumber":86,"column":40,"message":"Type safety: The method add(Object) belongs to the raw type List. References to generic type List<E> should be parameterized","problemId":16777747,"problemSeverity":"WARNING"},{"fileName":"gwt_class_33.java","startLocation":3251,"endLocation":3258,"lineNumber":98,"column":3,"message":"Iterator is a raw type. References to generic type Iterator<E> should be parameterized","problemId":16777788,"problemSeverity":"WARNING"}],"originalContent":"package gwt;\n//ID = 2483024\n\n\n/**\n * Entry point classes define <code>onModuleLoad()</code>.\n */\n public class gwt_class_33 implements EntryPoint {\nprivate DockPanel panel;\nprivate List clearables;\n\n/**\n * This is the entry point method.\n */\npublic void onModuleLoad() {\n    clearables = new ArrayList();\n    initDockPanel();\n    panel.add(buildActionPanel(), DockPanel.SOUTH);\n    panel.add(buildPizzaTypePanel(), DockPanel.WEST);\n    panel.add(buildToppingPanel(), DockPanel.EAST);\n    RootPanel.get(\"slicr\").add(panel);\n}\nprivate void initDockPanel() {\n    panel = new DockPanel();\n    panel.setBorderWidth(1);\n    panel.setSpacing(5);\n}\npublic HorizontalPanel buildActionPanel() {\n    HorizontalPanel actions = new HorizontalPanel();\n    actions.setSpacing(10);\n    Button clear = new Button(\"Clear\");\n    clear.addClickListener(new ClearClickListener());\n    Button newPizza = new Button(\"Another Pizza\");\n    Button submitOrder = new Button(\"Submit\");\n    actions.add(clear);\n    actions.add(newPizza);\n    actions.add(submitOrder);\n    return actions;\n}\npublic static final String[] PIZZA_TYPES = new String[] {\n    \"Thin Crust Medium\", \"Thin Crust Large\", \n    \"Thin Crust X-Large\", \"Thick Crust Medium\", \n    \"Thick Crust Large\"\n};\n\nprivate VerticalPanel buildPizzaTypePanel() {\n    VerticalPanel pizzaTypes = new VerticalPanel();\n    HTML label = new HTML(\"<h2>Pizza</h2>\");\n    pizzaTypes.add(label);\n    for (int i = 0; i < PIZZA_TYPES.length; i++) {\n        RadioButton radio = new RadioButton(\"pizzaGroup\", \n            PIZZA_TYPES[i]);\n        clearables.add(radio);\n        pizzaTypes.add(radio);\n    }\n    return pizzaTypes;\n}\npublic static final String[] TOPPINGS = new String[] {\n    \"Anchovy\", \"Gardineria\", \"Garlic\", \n    \"Green Pepper\", \"Mushrooms\", \"Olives\", \n    \"Onions\", \"Pepperoni\", \"Pineapple\", \n    \"Sausage\", \"Spinach\"\n};\n\nprivate VerticalPanel buildToppingPanel() {\n    VerticalPanel toppings = new VerticalPanel();\n    toppings.add(new HTML(\"<h2>Toppings</h2>\"));\n    Grid topGrid = new Grid(TOPPINGS.length + 1, 3);\n    topGrid.setText(0, 0, \"Topping\");\n    topGrid.setText(0, 1, \"Left\");\n    topGrid.setText(0, 2, \"Right\");\n    for (int i = 0; i < TOPPINGS.length; i++) {\n        Button button = new Button(TOPPINGS[i]);\n        CheckBox leftCheckBox = new CheckBox();\n        CheckBox rightCheckBox = new CheckBox();\n        clearables.add(leftCheckBox);\n        clearables.add(rightCheckBox);\n        button.addClickListener(new ToppingButtonListener(\n                leftCheckBox, rightCheckBox));\n        topGrid.setWidget(i + 1, 0, button);    \n        topGrid.setWidget(i + 1, 1, leftCheckBox);\n        topGrid.setWidget(i + 1, 2, rightCheckBox);\n    }\n    toppings.add(topGrid);\n    return toppings;\n}\nprivate class ClearClickListener implements ClickListener {\n    public void onClick(Widget sender) {\n    for (Iterator iter = clearables.iterator(); iter.hasNext();) {\n            CheckBox cb = (CheckBox) iter.next();\n            cb.setChecked(false);\n        }\n    }\n}\nprivate class ToppingButtonListener implements ClickListener {\n\n    private CheckBox cb1;\n    private CheckBox cb2;\n\n    public ToppingButtonListener(CheckBox cb1, CheckBox cb2) {\n        this.cb1 = cb1;\n        this.cb2 = cb2;\n    }\n\n    public void onClick(Widget sender) {\n        boolean unchecked = !cb1.isChecked() && !cb2.isChecked();\n        cb1.setChecked(unchecked);\n        cb2.setChecked(unchecked);\n    }\n}\n }","updatedContent":"package gwt;\n//ID = 2483024\n\nimport com.google.gwt.user.client.ui.Button;\nimport flex.messaging.io.ArrayList;\nimport java.util.Iterator;\nimport com.google.gwt.core.client.EntryPoint;\nimport com.extjs.gxt.ui.client.widget.VerticalPanel;\nimport java.util.List;\nimport com.extjs.gxt.ui.client.widget.HorizontalPanel;\nimport com.google.gwt.user.client.ui.Grid;\nimport com.google.gwt.user.client.ui.ClickListener;\nimport com.google.gwt.user.client.ui.Widget;\nimport com.google.gwt.user.client.ui.RadioButton;\nimport com.google.gwt.user.client.ui.CheckBox;\nimport com.google.gwt.user.client.ui.DockPanel;\n\n/**\n * Entry point classes define <code>onModuleLoad()</code>.\n */\npublic class gwt_class_33 implements EntryPoint {\n\tprivate DockPanel panel;\n\tprivate List clearables;\n\n\t/**\n\t * This is the entry point method.\n\t */\n\tpublic void onModuleLoad() {\n\t\tclearables = new ArrayList();\n\t\tinitDockPanel();\n\t\tpanel.add(buildActionPanel(), DockPanel.SOUTH);\n\t\tpanel.add(buildPizzaTypePanel(), DockPanel.WEST);\n\t\tpanel.add(buildToppingPanel(), DockPanel.EAST);\n\t\tRootPanel.get(\"slicr\").add(panel);\n\t}\n\n\tprivate void initDockPanel() {\n\t\tpanel = new DockPanel();\n\t\tpanel.setBorderWidth(1);\n\t\tpanel.setSpacing(5);\n\t}\n\n\tpublic HorizontalPanel buildActionPanel() {\n\t\tHorizontalPanel actions = new HorizontalPanel();\n\t\tactions.setSpacing(10);\n\t\tButton clear = new Button(\"Clear\");\n\t\tclear.addClickListener(new ClearClickListener());\n\t\tButton newPizza = new Button(\"Another Pizza\");\n\t\tButton submitOrder = new Button(\"Submit\");\n\t\tactions.add(clear);\n\t\tactions.add(newPizza);\n\t\tactions.add(submitOrder);\n\t\treturn actions;\n\t}\n\n\tpublic static final String[] PIZZA_TYPES = new String[] { \"Thin Crust Medium\", \"Thin Crust Large\",\n\t\t\t\"Thin Crust X-Large\", \"Thick Crust Medium\", \"Thick Crust Large\" };\n\n\tprivate VerticalPanel buildPizzaTypePanel() {\n\t\tVerticalPanel pizzaTypes = new VerticalPanel();\n\t\tHTML label = new HTML(\"<h2>Pizza</h2>\");\n\t\tpizzaTypes.add(label);\n\t\tfor (int i = 0; i < PIZZA_TYPES.length; i++) {\n\t\t\tRadioButton radio = new RadioButton(\"pizzaGroup\", PIZZA_TYPES[i]);\n\t\t\tclearables.add(radio);\n\t\t\tpizzaTypes.add(radio);\n\t\t}\n\t\treturn pizzaTypes;\n\t}\n\n\tpublic static final String[] TOPPINGS = new String[] { \"Anchovy\", \"Gardineria\", \"Garlic\", \"Green Pepper\",\n\t\t\t\"Mushrooms\", \"Olives\", \"Onions\", \"Pepperoni\", \"Pineapple\", \"Sausage\", \"Spinach\" };\n\n\tprivate VerticalPanel buildToppingPanel() {\n\t\tVerticalPanel toppings = new VerticalPanel();\n\t\ttoppings.add(new HTML(\"<h2>Toppings</h2>\"));\n\t\tGrid topGrid = new Grid(TOPPINGS.length + 1, 3);\n\t\ttopGrid.setText(0, 0, \"Topping\");\n\t\ttopGrid.setText(0, 1, \"Left\");\n\t\ttopGrid.setText(0, 2, \"Right\");\n\t\tfor (int i = 0; i < TOPPINGS.length; i++) {\n\t\t\tButton button = new Button(TOPPINGS[i]);\n\t\t\tCheckBox leftCheckBox = new CheckBox();\n\t\t\tCheckBox rightCheckBox = new CheckBox();\n\t\t\tclearables.add(leftCheckBox);\n\t\t\tclearables.add(rightCheckBox);\n\t\t\tbutton.addClickListener(new ToppingButtonListener(leftCheckBox, rightCheckBox));\n\t\t\ttopGrid.setWidget(i + 1, 0, button);\n\t\t\ttopGrid.setWidget(i + 1, 1, leftCheckBox);\n\t\t\ttopGrid.setWidget(i + 1, 2, rightCheckBox);\n\t\t}\n\t\ttoppings.add(topGrid);\n\t\treturn toppings;\n\t}\n\n\tprivate class ClearClickListener implements ClickListener {\n\t\tpublic void onClick(Widget sender) {\n\t\t\tfor (Iterator iter = clearables.iterator(); iter.hasNext();) {\n\t\t\t\tCheckBox cb = (CheckBox) iter.next();\n\t\t\t\tcb.setChecked(false);\n\t\t\t}\n\t\t}\n\t}\n\n\tprivate class ToppingButtonListener implements ClickListener {\n\n\t\tprivate CheckBox cb1;\n\t\tprivate CheckBox cb2;\n\n\t\tpublic ToppingButtonListener(CheckBox cb1, CheckBox cb2) {\n\t\t\tthis.cb1 = cb1;\n\t\t\tthis.cb2 = cb2;\n\t\t}\n\n\t\tpublic void onClick(Widget sender) {\n\t\t\tboolean unchecked = !cb1.isChecked() && !cb2.isChecked();\n\t\t\tcb1.setChecked(unchecked);\n\t\t\tcb2.setChecked(unchecked);\n\t\t}\n\t}\n}","usedLibraries":["jar:android-13.jar:1","jar:gxt-2.2.1.jar:1","jar:flex-messaging-core-3.2.0.jar:1","jar:gwt-servlet-1.4.62.jar:1"]}