{
  "java_file": "/home/theguy/Documents/research/snr-server/src/test/resources/snippets/so/gwt_class_38.java",
  "output_file": "StatType-Completion-output-json/gwt_class_38.java.json",
  "exit_code": 0,
  "stdout": "/home/theguy/Documents/research/snr-server/benchmark/snippet_log/gwt_class_38.java.stdout.8e80aa41e1134be19a9db397bd04eb9f.txt",
  "stderr": "/home/theguy/Documents/research/snr-server/benchmark/snippet_log/gwt_class_38.java.stderr.8e80aa41e1134be19a9db397bd04eb9f.txt",
  "run_time": 13737014887,
  "total_imports": [
    "com.google.gwt.event.dom.client.HasClickHandlers",
    "com.google.gwt.user.client.ui.Composite",
    "com.google.gwt.user.client.ui.Hyperlink",
    "com.google.gwt.user.client.ui.VerticalPanel",
    "com.google.gwt.user.client.ui.Widget"
  ],
  "correct_imports": [
    "com.google.gwt.user.client.ui.Hyperlink",
    "com.google.gwt.user.client.ui.Widget",
    "com.google.gwt.user.client.ui.Composite",
    "com.google.gwt.event.dom.client.HasClickHandlers"
  ]
}