{"status":0,"problems":[],"originalContent":"package gwt;\n//ID = 831168\n\npublic class gwt_class_1 extends Composite implements MouseDownHandler {\n\n    AbsolutePanel abs = new AbsolutePanel();\n\n    public gwt_class_1(int width){\n     System.out.println(\"MousyAbsolutePanel being created with width:\" + width);\n     initWidget(abs);\n     abs.setWidth(String.valueOf(width));\n     abs.setHeight(\"100%\");\n     abs.setStyleName(\"mousyAbsolutePanel\");\n    }\n\n    public void onMouseDown(MouseDownEvent event) {\n     System.out.println(\"onMouseDown()\");\n    }\n\n}","updatedContent":"package gwt;\n//ID = 831168\n\nimport com.google.gwt.event.dom.client.MouseDownHandler;\nimport com.google.gwt.user.client.ui.Composite;\nimport com.google.gwt.event.dom.client.MouseDownEvent;\nimport com.google.gwt.user.client.ui.AbsolutePanel;\n\npublic class gwt_class_1 extends Composite implements MouseDownHandler {\n\n\tAbsolutePanel abs = new AbsolutePanel();\n\n\tpublic gwt_class_1(int width) {\n\t\tSystem.out.println(\"MousyAbsolutePanel being created with width:\" + width);\n\t\tinitWidget(abs);\n\t\tabs.setWidth(String.valueOf(width));\n\t\tabs.setHeight(\"100%\");\n\t\tabs.setStyleName(\"mousyAbsolutePanel\");\n\t}\n\n\tpublic void onMouseDown(MouseDownEvent event) {\n\t\tSystem.out.println(\"onMouseDown()\");\n\t}\n\n}","usedLibraries":["jar:gwt-user.jar:1","jar:gwt-servlet-1.4.62.jar:1"]}