{"status":2,"problems":[{"fileName":"gwt_class_16.java","startLocation":461,"endLocation":477,"lineNumber":14,"column":80,"message":"The type new RequestCallback(){} must implement the inherited abstract method RequestCallback.onResponseReceived(Request, Response)","problemId":67109264,"problemSeverity":"ERROR"},{"fileName":"gwt_class_16.java","startLocation":461,"endLocation":477,"lineNumber":14,"column":80,"message":"The type new RequestCallback(){} must implement the inherited abstract method RequestCallback.onError(Request, Throwable)","problemId":67109264,"problemSeverity":"ERROR"},{"fileName":"gwt_class_16.java","startLocation":550,"endLocation":558,"lineNumber":16,"column":60,"message":"RootPanel cannot be resolved","problemId":570425394,"problemSeverity":"ERROR"},{"fileName":"gwt_class_16.java","startLocation":702,"endLocation":710,"lineNumber":20,"column":69,"message":"RootPanel cannot be resolved","problemId":570425394,"problemSeverity":"ERROR"},{"fileName":"gwt_class_16.java","startLocation":864,"endLocation":872,"lineNumber":25,"column":38,"message":"RootPanel cannot be resolved","problemId":570425394,"problemSeverity":"ERROR"}],"originalContent":"package gwt;\n//ID = 1795474\n\npublic class gwt_class_16 {\n public static void main(String arg[]){\n\t try\n\t {\n\t     RequestBuilder rb = new RequestBuilder(\n\t     RequestBuilder.POST, \"AuthenticationChecker.html\");\n\t             rb.sendRequest(null, new RequestCallback() \n\t             {\n\t                 public void onError(Request request, Throwable exception)\n\t                 {\n\t                     RootPanel.get().add(new HTML(\"[error]\" + exception.getMessage()));\n\t                 }\n\t                 public void onResponseReceived(Request request, Response response)\n\t                 {\n\t                     RootPanel.get()\n\t                    .add(new HTML(\"[success (\" + response.getStatusCode() + \",\" + response.getStatusText() + \")]\"));\n\t                 }\n\t             }\n\t     );\n\t }\n\t catch (Exception e)\n\t {\n\t     RootPanel.get().add(new HTML(\"Error sending request \" + e.getMessage()));\n\t }\n }\n}","updatedContent":"package gwt;\n//ID = 1795474\n\nimport com.google.gwt.http.client.RequestBuilder;\nimport com.google.gwt.user.client.ui.HTML;\nimport com.google.gwt.http.client.Response;\nimport android.app.DownloadManager.Request;\nimport com.google.gwt.http.client.RequestCallback;\n\npublic class gwt_class_16 {\n\tpublic static void main(String arg[]) {\n\t\ttry {\n\t\t\tRequestBuilder rb = new RequestBuilder(RequestBuilder.POST, \"AuthenticationChecker.html\");\n\t\t\trb.sendRequest(null, new RequestCallback() {\n\t\t\t\tpublic void onError(Request request, Throwable exception) {\n\t\t\t\t\tRootPanel.get().add(new HTML(\"[error]\" + exception.getMessage()));\n\t\t\t\t}\n\n\t\t\t\tpublic void onResponseReceived(Request request, Response response) {\n\t\t\t\t\tRootPanel.get().add(\n\t\t\t\t\t\t\tnew HTML(\"[success (\" + response.getStatusCode() + \",\" + response.getStatusText() + \")]\"));\n\t\t\t\t}\n\t\t\t});\n\t\t} catch (Exception e) {\n\t\t\tRootPanel.get().add(new HTML(\"Error sending request \" + e.getMessage()));\n\t\t}\n\t}\n}","usedLibraries":["jar:android-13.jar:1","jar:gwt-servlet-1.4.62.jar:1"]}