{"status":0,"problems":[],"originalContent":"package gwt;\n//ID = 2764988\n\npublic class gwt_class_38 {\n\tpublic class AdminMenuAreaView extends Composite{\n\n\n\t    private VerticalPanel vPanel;\n\t    private Hyperlink registerUserLink;\n\n\t    public AdminMenuAreaView(){ \n\t        vPanel = new VerticalPanel();           \n\t        initWidget(vPanel);\n\t    }\n\n\t    public Widget asWidget() {\n\t        return this;\n\t    }\n\n\t        public void addLink(String s){\n\n\t    registerUserLink = new Hyperlink(s, \"this is new target\");\n\t    this.vPanel.add(registerUserLink);\n\t    registerUserLink.setVisible(true);  \n\t}\n\n\tpublic HasClickHandlers getRegisterUserLink(){\n\t    return registerUserLink;\n\t}\n\t}\n}","updatedContent":"package gwt;\n//ID = 2764988\n\nimport com.google.gwt.user.client.ui.Hyperlink;\nimport com.google.gwt.user.client.ui.Widget;\nimport com.google.gwt.user.client.ui.Composite;\nimport com.extjs.gxt.ui.client.widget.VerticalPanel;\nimport com.google.gwt.event.dom.client.HasClickHandlers;\n\npublic class gwt_class_38 {\n\tpublic class AdminMenuAreaView extends Composite {\n\n\t\tprivate VerticalPanel vPanel;\n\t\tprivate Hyperlink registerUserLink;\n\n\t\tpublic AdminMenuAreaView() {\n\t\t\tvPanel = new VerticalPanel();\n\t\t\tinitWidget(vPanel);\n\t\t}\n\n\t\tpublic Widget asWidget() {\n\t\t\treturn this;\n\t\t}\n\n\t\tpublic void addLink(String s) {\n\n\t\t\tregisterUserLink = new Hyperlink(s, \"this is new target\");\n\t\t\tthis.vPanel.add(registerUserLink);\n\t\t\tregisterUserLink.setVisible(true);\n\t\t}\n\n\t\tpublic HasClickHandlers getRegisterUserLink() {\n\t\t\treturn registerUserLink;\n\t\t}\n\t}\n}","usedLibraries":["jar:gwt-user.jar:1","jar:gxt-2.2.1.jar:1","jar:gwt-servlet-1.4.62.jar:1"]}