{
  "java_file": "/home/theguy/Documents/research/snr-server/src/test/resources/snippets/so/gwt_class_16.java",
  "output_file": "StatType-Completion-output-json/gwt_class_16.java.json",
  "exit_code": 0,
  "stdout": "/home/theguy/Documents/research/snr-server/benchmark/snippet_log/gwt_class_16.java.stdout.f7c004f8f47448ab8a144be5fa122483.txt",
  "stderr": "/home/theguy/Documents/research/snr-server/benchmark/snippet_log/gwt_class_16.java.stderr.f7c004f8f47448ab8a144be5fa122483.txt",
  "run_time": 33635351677,
  "total_imports": [
    "com.google.gwt.http.client.Request",
    "com.google.gwt.http.client.RequestBuilder",
    "com.google.gwt.http.client.RequestCallback",
    "com.google.gwt.http.client.Response",
    "com.google.gwt.user.client.ui.HTML",
    "com.google.gwt.user.client.ui.RootPanel"
  ],
  "correct_imports": [
    "com.google.gwt.http.client.RequestBuilder",
    "com.google.gwt.user.client.ui.HTML",
    "com.google.gwt.http.client.Response",
    "com.google.gwt.http.client.RequestCallback"
  ]
}