{
  "java_file": "/home/theguy/Documents/research/snr-server/src/test/resources/snippets/so/gwt_class_45.java",
  "output_file": "StatType-Completion-output-json/gwt_class_45.java.json",
  "exit_code": 0,
  "stdout": "/home/theguy/Documents/research/snr-server/benchmark/snippet_log/gwt_class_45.java.stdout.1bf2085dc5d34990b524e3c55c5821b4.txt",
  "stderr": "/home/theguy/Documents/research/snr-server/benchmark/snippet_log/gwt_class_45.java.stderr.1bf2085dc5d34990b524e3c55c5821b4.txt",
  "run_time": 25014768678,
  "total_imports": [
    "com.google.gwt.core.client.EntryPoint",
    "com.google.gwt.event.dom.client.ClickEvent",
    "com.google.gwt.event.dom.client.ClickHandler",
    "com.google.gwt.user.client.Window",
    "com.google.gwt.user.client.ui.Button",
    "com.google.gwt.user.client.ui.Label",
    "com.google.gwt.user.client.ui.RootPanel"
  ],
  "correct_imports": [
    "com.google.gwt.event.dom.client.ClickEvent",
    "com.google.gwt.user.client.Window",
    "com.google.gwt.core.client.EntryPoint"
  ]
}