{
  "java_file": "/home/theguy/Documents/research/snr-server/src/test/resources/snippets/so/gwt_class_44.java",
  "output_file": "StatType-Completion-output-json/gwt_class_44.java.json",
  "exit_code": 0,
  "stdout": "/home/theguy/Documents/research/snr-server/benchmark/snippet_log/gwt_class_44.java.stdout.bd3f150e71bd4d33aff47b0d5c1cbdce.txt",
  "stderr": "/home/theguy/Documents/research/snr-server/benchmark/snippet_log/gwt_class_44.java.stderr.bd3f150e71bd4d33aff47b0d5c1cbdce.txt",
  "run_time": 10716059868,
  "total_imports": [
    "com.google.gwt.core.client.GWT",
    "com.google.gwt.core.client.RunAsyncCallback",
    "com.google.gwt.dom.client.Style.Unit",
    "com.google.gwt.user.client.rpc.AsyncCallback",
    "com.google.gwt.user.client.ui.DockLayoutPanel",
    "com.google.gwt.user.client.ui.Label",
    "com.google.gwt.user.client.ui.ResizeComposite"
  ],
  "correct_imports": [
    "com.google.gwt.user.client.rpc.AsyncCallback",
    "com.google.gwt.user.client.ui.DockLayoutPanel",
    "com.google.gwt.user.client.ui.ResizeComposite",
    "com.google.gwt.dom.client.Style.Unit",
    "com.google.gwt.core.client.GWT",
    "com.google.gwt.core.client.RunAsyncCallback"
  ]
}