{"status":2,"problems":[{"fileName":"gwt_class_13.java","startLocation":833,"endLocation":841,"lineNumber":37,"column":-1,"message":"RootPanel cannot be resolved","problemId":570425394,"problemSeverity":"ERROR"}],"originalContent":"package gwt;\n//ID = 1692017\n\n@SuppressWarnings(\"deprecation\")\npublic class gwt_class_13 {\n\tpublic class ERD1 implements EntryPoint {\n\n\t\tpublic void onModuleLoad() {\n\n\t\t AbsolutePanel boundaryPanel = new AbsolutePanel();\n\t\t    boundaryPanel.setPixelSize(1000, 1000);\n\n//\t\t    final Diagram d = new Diagram(boundaryPanel);\n\n\t\t Button b = new Button();\n\t\t b.addClickListener(new ClickListener(){\n\n\t\t  public void onClick1(Widget sender) {\n\t\t  }\n\n\t\t@Override\n\t\tpublic void onClick(Widget sender) {\n\t\t\t// TODO Auto-generated method stub\n\t\t\t\n\t\t}\n\n\t\t });\n\n\t\t boundaryPanel.add(b, 10, 40);\n\n\t\t RootPanel.get().add(boundaryPanel);\n\t\t} \n\t\t}\n}","updatedContent":"package gwt;\n//ID = 1692017\n\nimport com.google.gwt.user.client.ui.Button;\nimport com.google.gwt.user.client.ui.ClickListener;\nimport com.google.gwt.user.client.ui.Widget;\nimport com.google.gwt.core.client.EntryPoint;\nimport com.google.gwt.user.client.ui.AbsolutePanel;\n\n@SuppressWarnings(\"deprecation\")\npublic class gwt_class_13 {\n\tpublic class ERD1 implements EntryPoint {\n\n\t\tpublic void onModuleLoad() {\n\n\t\t\tAbsolutePanel boundaryPanel = new AbsolutePanel();\n\t\t\tboundaryPanel.setPixelSize(1000, 1000);\n\n\t\t\t//\t\t    final Diagram d = new Diagram(boundaryPanel);\n\n\t\t\tButton b = new Button();\n\t\t\tb.addClickListener(new ClickListener() {\n\n\t\t\t\tpublic void onClick1(Widget sender) {\n\t\t\t\t}\n\n\t\t\t\t@Override\n\t\t\t\tpublic void onClick(Widget sender) {\n\t\t\t\t\t// TODO Auto-generated method stub\n\n\t\t\t\t}\n\n\t\t\t});\n\n\t\t\tboundaryPanel.add(b, 10, 40);\n\n\t\t\tRootPanel.get().add(boundaryPanel);\n\t\t}\n\t}\n}","usedLibraries":["jar:gwt-servlet-1.4.62.jar:1"]}