{"status":2,"problems":[{"fileName":"gwt_class_3.java","startLocation":429,"endLocation":435,"lineNumber":13,"column":3,"message":"TextBox cannot be resolved to a type","problemId":16777218,"problemSeverity":"ERROR"},{"fileName":"gwt_class_3.java","startLocation":451,"endLocation":457,"lineNumber":13,"column":25,"message":"TextBox cannot be resolved to a type","problemId":16777218,"problemSeverity":"ERROR"},{"fileName":"gwt_class_3.java","startLocation":463,"endLocation":468,"lineNumber":14,"column":37,"message":"Button cannot be resolved to a type","problemId":16777218,"problemSeverity":"ERROR"},{"fileName":"gwt_class_3.java","startLocation":480,"endLocation":489,"lineNumber":14,"column":10,"message":"The method getBtnSave() from the type gwt_class_3 refers to the missing type Button","problemId":67108984,"problemSeverity":"ERROR"},{"fileName":"gwt_class_3.java","startLocation":528,"endLocation":536,"lineNumber":18,"column":11,"message":"RootPanel cannot be resolved","problemId":570425394,"problemSeverity":"ERROR"},{"fileName":"gwt_class_3.java","startLocation":559,"endLocation":565,"lineNumber":18,"column":11,"message":"TextBox cannot be resolved to a type","problemId":16777218,"problemSeverity":"ERROR"},{"fileName":"gwt_class_3.java","startLocation":571,"endLocation":579,"lineNumber":19,"column":23,"message":"RootPanel cannot be resolved","problemId":570425394,"problemSeverity":"ERROR"},{"fileName":"gwt_class_3.java","startLocation":600,"endLocation":606,"lineNumber":19,"column":12,"message":"Button cannot be resolved to a type","problemId":16777218,"problemSeverity":"ERROR"},{"fileName":"gwt_class_3.java","startLocation":623,"endLocation":628,"lineNumber":22,"column":13,"message":"Button cannot be resolved to a type","problemId":16777218,"problemSeverity":"ERROR"},{"fileName":"gwt_class_3.java","startLocation":648,"endLocation":653,"lineNumber":24,"column":4,"message":"Button cannot be resolved to a type","problemId":16777218,"problemSeverity":"ERROR"},{"fileName":"gwt_class_3.java","startLocation":669,"endLocation":674,"lineNumber":24,"column":25,"message":"Button cannot be resolved to a type","problemId":16777218,"problemSeverity":"ERROR"},{"fileName":"gwt_class_3.java","startLocation":855,"endLocation":860,"lineNumber":32,"column":2,"message":"Window cannot be resolved","problemId":570425394,"problemSeverity":"ERROR"},{"fileName":"gwt_class_3.java","startLocation":996,"endLocation":1001,"lineNumber":37,"column":5,"message":"Window cannot be resolved","problemId":570425394,"problemSeverity":"ERROR"}],"originalContent":"package gwt;\n//ID = 988217\n\n\npublic class gwt_class_3 implements EntryPoint {\n\n private static final String SERVER_ERROR = \"An error occurred while attempting to contact the server. Please check your network connection and try again.\";\n\n// private final RPCCallsServiceAsync rpccallService = GWT.create(RPCCallsService.class);\n\n TextBox nameTxt = new TextBox();\n Button btnSave = getBtnSave();\n\n public void onModuleLoad() {\n\n  RootPanel.get(\"inputName\").add(nameTxt); \n  RootPanel.get(\"btnSave\").add(btnSave);\n }\n\n\n\n private Button getBtnSave(){\n\n  Button btnSave = new Button(\"SAVE\");\n\n  return btnSave;\n }\n\n void saveData2DB(String name){  \n  AsyncCallback<String> callback = new AsyncCallback<String>() {\n   public void onFailure(Throwable caught) {\n          Window.alert(\"WOOOHOOO, ERROR: \" + SERVER_ERROR);\n    // TODO: Do something with errors.\n        }\n\n        public void onSuccess(String result) {\n          Window.alert(\"Server is saying: ' \" + result + \"'\");\n        }\n\n  };\n\n//  ArrayList<Address> aa = new ArrayList<Address>();\n//  aa.add(new Address(\"123 sasdf\",\"\", \"Some City\", \"AZ\", \"93923-2321\"));\n//  aa.add(new Address(\"23432 asdf\", \"Appt 34\", \"Another City\", \"AZ\", \"43434-4432\"));\n//\n//  Person p = new Person();\n//  p.setName(name);\n//  p.setAge(23);\n//  p.setGender('m');\n//  p.setAddresses(aa);\n//\n//  // !!!!!!!!!!!!!!!!!!  SERVER CALL !!!!!!!!!!!!!!!!!!\n//  rpccallService.saveName(p, callback);\n//  // !!!!!!!!!!!!!!!!!!  SERVER CALL !!!!!!!!!!!!!!!!!!\n\n }\n}","updatedContent":"package gwt;\n//ID = 988217\n\nimport com.google.gwt.user.client.rpc.AsyncCallback;\nimport com.google.gwt.core.client.EntryPoint;\n\npublic class gwt_class_3 implements EntryPoint {\n\n\tprivate static final String SERVER_ERROR = \"An error occurred while attempting to contact the server. Please check your network connection and try again.\";\n\n\t// private final RPCCallsServiceAsync rpccallService = GWT.create(RPCCallsService.class);\n\n\tTextBox nameTxt = new TextBox();\n\tButton btnSave = getBtnSave();\n\n\tpublic void onModuleLoad() {\n\n\t\tRootPanel.get(\"inputName\").add(nameTxt);\n\t\tRootPanel.get(\"btnSave\").add(btnSave);\n\t}\n\n\tprivate Button getBtnSave() {\n\n\t\tButton btnSave = new Button(\"SAVE\");\n\n\t\treturn btnSave;\n\t}\n\n\tvoid saveData2DB(String name) {\n\t\tAsyncCallback<String> callback = new AsyncCallback<String>() {\n\t\t\tpublic void onFailure(Throwable caught) {\n\t\t\t\tWindow.alert(\"WOOOHOOO, ERROR: \" + SERVER_ERROR);\n\t\t\t\t// TODO: Do something with errors.\n\t\t\t}\n\n\t\t\tpublic void onSuccess(String result) {\n\t\t\t\tWindow.alert(\"Server is saying: ' \" + result + \"'\");\n\t\t\t}\n\n\t\t};\n\n\t\t//  ArrayList<Address> aa = new ArrayList<Address>();\n\t\t//  aa.add(new Address(\"123 sasdf\",\"\", \"Some City\", \"AZ\", \"93923-2321\"));\n\t\t//  aa.add(new Address(\"23432 asdf\", \"Appt 34\", \"Another City\", \"AZ\", \"43434-4432\"));\n\t\t//\n\t\t//  Person p = new Person();\n\t\t//  p.setName(name);\n\t\t//  p.setAge(23);\n\t\t//  p.setGender('m');\n\t\t//  p.setAddresses(aa);\n\t\t//\n\t\t//  // !!!!!!!!!!!!!!!!!!  SERVER CALL !!!!!!!!!!!!!!!!!!\n\t\t//  rpccallService.saveName(p, callback);\n\t\t//  // !!!!!!!!!!!!!!!!!!  SERVER CALL !!!!!!!!!!!!!!!!!!\n\n\t}\n}","usedLibraries":["jar:gwt-user.jar:1","jar:gwt-servlet-1.4.62.jar:1"]}