{"status":2,"problems":[{"fileName":"gwt_class_28.java","startLocation":734,"endLocation":745,"lineNumber":23,"column":78,"message":"The value of the field gwt_class_28.Test.SERVER_ERROR is not used","problemId":570425421,"problemSeverity":"WARNING"},{"fileName":"gwt_class_28.java","startLocation":1058,"endLocation":1118,"lineNumber":33,"column":60,"message":"Unhandled exception type RequestException","problemId":16777384,"problemSeverity":"ERROR"},{"fileName":"gwt_class_28.java","startLocation":1133,"endLocation":1148,"lineNumber":34,"column":4,"message":"Unreachable catch block for MessageTransport.RequestException. This exception is never thrown from the try statement body","problemId":83886247,"problemSeverity":"ERROR"},{"fileName":"gwt_class_28.java","startLocation":1241,"endLocation":1261,"lineNumber":40,"column":22,"message":"The type gwt_class_28.Test.Jazz10RequestCallback must implement the inherited abstract method RequestCallback.onResponseReceived(Request, Response)","problemId":67109264,"problemSeverity":"ERROR"},{"fileName":"gwt_class_28.java","startLocation":1241,"endLocation":1261,"lineNumber":40,"column":22,"message":"The type gwt_class_28.Test.Jazz10RequestCallback must implement the inherited abstract method RequestCallback.onError(Request, Throwable)","problemId":67109264,"problemSeverity":"ERROR"}],"originalContent":"package gwt;\n//ID = 2389999\n\npublic class gwt_class_28 {\n\t/**\n\t * Entry point classes define <code>onModuleLoad()</code>.\n\t */\n\tpublic class Test implements EntryPoint {\n\t    /**\n\t     * The message displayed to the user when the server cannot be reached or\n\t     * returns an error.\n\t     */\n\n\t    private static final String SERVER_URL = \"http://localhost:8094\";\n\t    private static final String SERVER_ERROR = \"An error occurred while \"\n\t            + \"attempting to contact the server. Please check your network \"\n\t            + \"connection and try again.\";\n\n\t    /**\n\t     * This is the entry point method.\n\t     */\n\t    public void onModuleLoad() {\n\n\t        RequestBuilder requestBuilder = new RequestBuilder(RequestBuilder.GET, SERVER_URL);\n\t        try {\n\t            requestBuilder.sendRequest(null, new Jazz10RequestCallback());\n\t        } catch (RequestException e) {\n\t            Window.alert(\"Failed to send the message: \" \n\t                    + e.getMessage());\n\t        }\n\n\t    }\n\n\t    class Jazz10RequestCallback implements RequestCallback{\n\n\t        public void onError(Request request, Throwable exception) {\n\t                // never reach here\n\t        Window.alert(\"Failed to send the message: \"\n\t                    + exception.getMessage());\n\n\t        }\n\n\t        public void onResponseReceived(Request request, Response response) {\n\t            // render output\n\t            Window.alert(response.getText());\n\n\t        }\n\n\n\t    }\n\t}\n}","updatedContent":"package gwt;\n//ID = 2389999\n\nimport com.google.gwt.http.client.RequestBuilder;\nimport com.google.gwt.user.client.Window;\nimport com.google.gwt.http.client.Response;\nimport com.google.gwt.core.client.EntryPoint;\nimport com.google.gwt.dev.shell.remoteui.MessageTransport.RequestException;\nimport android.app.DownloadManager.Request;\nimport com.google.gwt.http.client.RequestCallback;\n\npublic class gwt_class_28 {\n\t/**\n\t * Entry point classes define <code>onModuleLoad()</code>.\n\t */\n\tpublic class Test implements EntryPoint {\n\t\t/**\n\t\t * The message displayed to the user when the server cannot be reached or\n\t\t * returns an error.\n\t\t */\n\n\t\tprivate static final String SERVER_URL = \"http://localhost:8094\";\n\t\tprivate static final String SERVER_ERROR = \"An error occurred while \"\n\t\t\t\t+ \"attempting to contact the server. Please check your network \" + \"connection and try again.\";\n\n\t\t/**\n\t\t * This is the entry point method.\n\t\t */\n\t\tpublic void onModuleLoad() {\n\n\t\t\tRequestBuilder requestBuilder = new RequestBuilder(RequestBuilder.GET, SERVER_URL);\n\t\t\ttry {\n\t\t\t\trequestBuilder.sendRequest(null, new Jazz10RequestCallback());\n\t\t\t} catch (RequestException e) {\n\t\t\t\tWindow.alert(\"Failed to send the message: \" + e.getMessage());\n\t\t\t}\n\n\t\t}\n\n\t\tclass Jazz10RequestCallback implements RequestCallback {\n\n\t\t\tpublic void onError(Request request, Throwable exception) {\n\t\t\t\t// never reach here\n\t\t\t\tWindow.alert(\"Failed to send the message: \" + exception.getMessage());\n\n\t\t\t}\n\n\t\t\tpublic void onResponseReceived(Request request, Response response) {\n\t\t\t\t// render output\n\t\t\t\tWindow.alert(response.getText());\n\n\t\t\t}\n\n\t\t}\n\t}\n}","usedLibraries":["jar:gwt-dev-2.9.0.jar:1","jar:android-13.jar:1","jar:gwt-servlet-1.4.62.jar:1"]}