{
  "java_file": "/home/theguy/Documents/research/snr-server/src/test/resources/snippets/so/gwt_class_41.java",
  "output_file": "StatType-Completion-output-json/gwt_class_41.java.json",
  "exit_code": 0,
  "stdout": "/home/theguy/Documents/research/snr-server/benchmark/snippet_log/gwt_class_41.java.stdout.aca2f7cc585e466b8ff912599dd6bea4.txt",
  "stderr": "/home/theguy/Documents/research/snr-server/benchmark/snippet_log/gwt_class_41.java.stderr.aca2f7cc585e466b8ff912599dd6bea4.txt",
  "run_time": 35515880709,
  "total_imports": [
    "com.google.gwt.dom.client.Element",
    "com.google.gwt.event.dom.client.ClickEvent",
    "com.google.gwt.event.dom.client.ClickHandler",
    "com.google.gwt.user.client.ui.Button",
    "com.google.gwt.user.client.ui.Composite",
    "com.google.gwt.user.client.ui.Label",
    "com.google.gwt.user.client.ui.RootPanel",
    "com.google.gwt.user.client.ui.VerticalPanel"
  ],
  "correct_imports": [
    "com.google.gwt.user.client.ui.Button",
    "com.google.gwt.event.dom.client.ClickEvent",
    "com.google.gwt.event.dom.client.ClickHandler"
  ]
}