{
  "java_file": "/home/theguy/Documents/research/snr-server/src/test/resources/snippets/so/gwt_class_32.java",
  "output_file": "StatType-Completion-output-json/gwt_class_32.java.json",
  "exit_code": 0,
  "stdout": "/home/theguy/Documents/research/snr-server/benchmark/snippet_log/gwt_class_32.java.stdout.de337fa58a824197beacb255887ccc70.txt",
  "stderr": "/home/theguy/Documents/research/snr-server/benchmark/snippet_log/gwt_class_32.java.stderr.de337fa58a824197beacb255887ccc70.txt",
  "run_time": 14400912550,
  "total_imports": [
    "com.google.gwt.http.client.Request",
    "com.google.gwt.http.client.RequestBuilder",
    "com.google.gwt.http.client.RequestCallback",
    "com.google.gwt.http.client.RequestException",
    "com.google.gwt.http.client.Response",
    "com.google.gwt.http.client.URL",
    "com.google.gwt.user.client.Window"
  ],
  "correct_imports": [
    "com.google.gwt.http.client.RequestBuilder",
    "com.google.gwt.http.client.URL",
    "com.google.gwt.user.client.Window",
    "com.google.gwt.http.client.Response",
    "com.google.gwt.http.client.Request",
    "com.google.gwt.http.client.RequestCallback"
  ]
}