{
  "java_file": "/home/theguy/Documents/research/snr-server/src/test/resources/snippets/so/gwt_class_43.java",
  "output_file": "StatType-Completion-output-json/gwt_class_43.java.json",
  "exit_code": 0,
  "stdout": "/home/theguy/Documents/research/snr-server/benchmark/snippet_log/gwt_class_43.java.stdout.61c52052a6bb4afca6903f0718220f5f.txt",
  "stderr": "/home/theguy/Documents/research/snr-server/benchmark/snippet_log/gwt_class_43.java.stderr.61c52052a6bb4afca6903f0718220f5f.txt",
  "run_time": 20167896107,
  "total_imports": [
    "com.google.gwt.event.dom.client.ClickEvent",
    "com.google.gwt.event.dom.client.ClickHandler",
    "com.google.gwt.event.dom.client.MouseOutEvent",
    "com.google.gwt.event.dom.client.MouseOutHandler",
    "com.google.gwt.user.client.ui.Composite",
    "com.google.gwt.user.client.ui.HorizontalPanel",
    "com.google.gwt.user.client.ui.Label",
    "com.google.gwt.user.client.ui.Widget"
  ],
  "correct_imports": [
    "com.google.gwt.user.client.ui.Widget",
    "com.google.gwt.event.dom.client.ClickEvent",
    "com.google.gwt.event.dom.client.MouseOutHandler",
    "com.google.gwt.event.dom.client.MouseOutEvent",
    "com.google.gwt.event.dom.client.ClickHandler"
  ]
}