{
  "java_file": "/home/theguy/Documents/research/snr-server/src/test/resources/snippets/so/gwt_class_24.java",
  "output_file": "StatType-Completion-output-json/gwt_class_24.java.json",
  "exit_code": 0,
  "stdout": "/home/theguy/Documents/research/snr-server/benchmark/snippet_log/gwt_class_24.java.stdout.2e987c7e3a294693a658cad92cf8bce4.txt",
  "stderr": "/home/theguy/Documents/research/snr-server/benchmark/snippet_log/gwt_class_24.java.stderr.2e987c7e3a294693a658cad92cf8bce4.txt",
  "run_time": 12452659630,
  "total_imports": [
    "com.google.gwt.event.dom.client.ClickEvent",
    "com.google.gwt.event.dom.client.ClickHandler",
    "com.google.gwt.event.dom.client.HasClickHandlers",
    "com.google.gwt.event.shared.HandlerRegistration",
    "com.google.gwt.user.client.DOM",
    "com.google.gwt.user.client.ui.Composite",
    "com.google.gwt.user.client.ui.Widget"
  ],
  "correct_imports": [
    "com.google.gwt.user.client.ui.Widget",
    "com.google.gwt.event.dom.client.ClickEvent",
    "com.google.gwt.user.client.DOM",
    "com.google.gwt.user.client.ui.Composite",
    "com.google.gwt.event.dom.client.ClickHandler",
    "com.google.gwt.event.dom.client.HasClickHandlers",
    "com.google.gwt.event.shared.HandlerRegistration"
  ]
}