{
  "java_file": "/home/theguy/Documents/research/snr-server/src/test/resources/snippets/so/gwt_class_47.java",
  "output_file": "StatType-Completion-output-json/gwt_class_47.java.json",
  "exit_code": 0,
  "stdout": "/home/theguy/Documents/research/snr-server/benchmark/snippet_log/gwt_class_47.java.stdout.7403565315014a8ea6e2154e24e80c08.txt",
  "stderr": "/home/theguy/Documents/research/snr-server/benchmark/snippet_log/gwt_class_47.java.stderr.7403565315014a8ea6e2154e24e80c08.txt",
  "run_time": 9988250287,
  "total_imports": [
    "com.google.gwt.core.client.EntryPoint",
    "com.google.gwt.dom.client.Style.Unit",
    "com.google.gwt.user.client.ui.HTML",
    "com.google.gwt.user.client.ui.LayoutPanel",
    "com.google.gwt.user.client.ui.RootLayoutPanel",
    "com.google.gwt.user.client.ui.Widget"
  ],
  "correct_imports": [
    "com.google.gwt.user.client.ui.LayoutPanel",
    "com.google.gwt.user.client.ui.RootLayoutPanel",
    "com.google.gwt.user.client.ui.Widget",
    "com.google.gwt.user.client.ui.HTML",
    "com.google.gwt.core.client.EntryPoint",
    "com.google.gwt.dom.client.Style.Unit"
  ]
}