{
  "java_file": "/home/theguy/Documents/research/snr-server/src/test/resources/snippets/so/gwt_class_31.java",
  "output_file": "StatType-Completion-output-json/gwt_class_31.java.json",
  "exit_code": 0,
  "stdout": "/home/theguy/Documents/research/snr-server/benchmark/snippet_log/gwt_class_31.java.stdout.800941a5416b49afb2dbc777f9808303.txt",
  "stderr": "/home/theguy/Documents/research/snr-server/benchmark/snippet_log/gwt_class_31.java.stderr.800941a5416b49afb2dbc777f9808303.txt",
  "run_time": 10480949792,
  "total_imports": [
    "com.google.gwt.http.client.Request",
    "com.google.gwt.http.client.RequestBuilder",
    "com.google.gwt.http.client.RequestCallback",
    "com.google.gwt.http.client.RequestException",
    "com.google.gwt.http.client.Response",
    "com.google.gwt.http.client.URL"
  ],
  "correct_imports": [
    "com.google.gwt.http.client.RequestBuilder",
    "com.google.gwt.http.client.URL",
    "com.google.gwt.http.client.RequestCallback"
  ]
}