{
  "java_file": "/home/theguy/Documents/research/snr-server/src/test/resources/snippets/so/gwt_class_36.java",
  "output_file": "StatType-Completion-output-json/gwt_class_36.java.json",
  "exit_code": 0,
  "stdout": "/home/theguy/Documents/research/snr-server/benchmark/snippet_log/gwt_class_36.java.stdout.e054b9fa9d3f4c2f9bcdf1eaa6944bd8.txt",
  "stderr": "/home/theguy/Documents/research/snr-server/benchmark/snippet_log/gwt_class_36.java.stderr.e054b9fa9d3f4c2f9bcdf1eaa6944bd8.txt",
  "run_time": 20454885482,
  "total_imports": [
    "com.google.gwt.user.client.ui.AbsolutePanel",
    "com.google.gwt.user.client.ui.RootPanel",
    "com.google.gwt.user.client.ui.SimplePanel"
  ],
  "correct_imports": [
    "com.google.gwt.user.client.ui.SimplePanel",
    "com.google.gwt.user.client.ui.AbsolutePanel"
  ]
}