{"status":0,"problems":[],"originalContent":"package gwt;\n//ID = 2013169\n\npublic class gwt_class_18 extends Composite {\n\n    private static StackNavigatorUiBinder uiBinder = GWT.create(StackNavigatorUiBinder.class);\n\n    interface StackNavigatorUiBinder extends UiBinder<Widget, gwt_class_18> {}\n\n    public gwt_class_18() {\n        initWidget(uiBinder.createAndBindUi(this));\n    }\n\n}","updatedContent":"package gwt;\n//ID = 2013169\n\nimport com.google.gwt.uibinder.client.UiBinder;\nimport com.google.gwt.user.client.ui.Widget;\nimport com.google.gwt.user.client.ui.Composite;\nimport com.google.gwt.core.client.GWT;\n\npublic class gwt_class_18 extends Composite {\n\n\tprivate static StackNavigatorUiBinder uiBinder = GWT.create(StackNavigatorUiBinder.class);\n\n\tinterface StackNavigatorUiBinder extends UiBinder<Widget, gwt_class_18> {\n\t}\n\n\tpublic gwt_class_18() {\n\t\tinitWidget(uiBinder.createAndBindUi(this));\n\t}\n\n}","usedLibraries":["jar:gwt-user.jar:1","jar:gwt-servlet-1.4.62.jar:1"]}