{
  "java_file": "/home/theguy/Documents/research/snr-server/src/test/resources/snippets/so/gwt_class_50.java",
  "output_file": "StatType-Completion-output-json/gwt_class_50.java.json",
  "exit_code": 0,
  "stdout": "/home/theguy/Documents/research/snr-server/benchmark/snippet_log/gwt_class_50.java.stdout.ae903cb9f51746cbb2ade463dc663862.txt",
  "stderr": "/home/theguy/Documents/research/snr-server/benchmark/snippet_log/gwt_class_50.java.stderr.ae903cb9f51746cbb2ade463dc663862.txt",
  "run_time": 16285067249,
  "total_imports": [
    "com.google.gwt.event.dom.client.BlurEvent",
    "com.google.gwt.event.dom.client.BlurHandler",
    "com.google.gwt.event.dom.client.ClickEvent",
    "com.google.gwt.event.dom.client.ClickHandler",
    "com.google.gwt.event.dom.client.HasBlurHandlers",
    "com.google.gwt.event.dom.client.HasClickHandlers",
    "com.google.gwt.event.dom.client.HasKeyDownHandlers",
    "com.google.gwt.event.dom.client.KeyDownEvent",
    "com.google.gwt.event.dom.client.KeyDownHandler",
    "com.google.gwt.event.shared.HandlerRegistration",
    "com.google.gwt.user.client.DOM",
    "com.google.gwt.user.client.ui.ComplexPanel",
    "com.google.gwt.user.client.ui.HasHTML",
    "com.google.gwt.user.client.ui.HasText",
    "com.google.gwt.user.client.ui.Widget"
  ],
  "correct_imports": [
    "com.google.gwt.event.dom.client.HasKeyDownHandlers",
    "com.google.gwt.event.dom.client.ClickEvent",
    "com.google.gwt.event.dom.client.BlurHandler",
    "com.google.gwt.event.shared.HandlerRegistration",
    "com.google.gwt.event.dom.client.ClickHandler",
    "com.google.gwt.user.client.ui.HasText",
    "com.google.gwt.user.client.ui.Widget",
    "com.google.gwt.event.dom.client.HasBlurHandlers",
    "com.google.gwt.event.dom.client.BlurEvent",
    "com.google.gwt.user.client.ui.HasHTML",
    "com.google.gwt.user.client.DOM",
    "com.google.gwt.event.dom.client.KeyDownHandler",
    "com.google.gwt.user.client.ui.ComplexPanel",
    "com.google.gwt.event.dom.client.HasClickHandlers",
    "com.google.gwt.event.dom.client.KeyDownEvent"
  ]
}