{
  "java_file": "/home/theguy/Documents/research/snr-server/src/test/resources/snippets/so/gwt_class_21.java",
  "output_file": "StatType-Completion-output-json/gwt_class_21.java.json",
  "exit_code": 0,
  "stdout": "/home/theguy/Documents/research/snr-server/benchmark/snippet_log/gwt_class_21.java.stdout.51aa2127b941442b9fffacc3683c5620.txt",
  "stderr": "/home/theguy/Documents/research/snr-server/benchmark/snippet_log/gwt_class_21.java.stderr.51aa2127b941442b9fffacc3683c5620.txt",
  "run_time": 21677293682,
  "total_imports": [
    "com.google.gwt.user.client.ui.Button",
    "com.google.gwt.user.client.ui.PopupPanel",
    "com.google.gwt.user.client.ui.VerticalPanel",
    "com.google.gwt.user.client.ui.Widget"
  ],
  "correct_imports": [
    "com.google.gwt.user.client.ui.PopupPanel",
    "com.google.gwt.user.client.ui.Widget"
  ]
}