{
  "java_file": "/home/theguy/Documents/research/snr-server/src/test/resources/snippets/so/gwt_class_49.java",
  "output_file": "StatType-Completion-output-json/gwt_class_49.java.json",
  "exit_code": 0,
  "stdout": "/home/theguy/Documents/research/snr-server/benchmark/snippet_log/gwt_class_49.java.stdout.ea4f31c3bd6f437da1431665860d2cb0.txt",
  "stderr": "/home/theguy/Documents/research/snr-server/benchmark/snippet_log/gwt_class_49.java.stderr.ea4f31c3bd6f437da1431665860d2cb0.txt",
  "run_time": 17719827788,
  "total_imports": [
    "java.util.ArrayList",
    "com.google.gwt.dom.client.BodyElement",
    "com.google.gwt.dom.client.Document",
    "com.google.gwt.user.client.DOM",
    "com.google.gwt.user.client.Element"
  ],
  "correct_imports": [
    "com.google.gwt.user.client.Element",
    "com.google.gwt.user.client.DOM",
    "com.google.gwt.dom.client.BodyElement"
  ]
}