{"status":2,"problems":[{"fileName":"gwt_class_37.java","startLocation":780,"endLocation":1039,"lineNumber":22,"column":35,"message":"Unhandled exception type RequestException","problemId":16777384,"problemSeverity":"ERROR"},{"fileName":"gwt_class_37.java","startLocation":810,"endLocation":826,"lineNumber":22,"column":18,"message":"The type new RequestCallback(){} must implement the inherited abstract method RequestCallback.onResponseReceived(Request, Response)","problemId":67109264,"problemSeverity":"ERROR"},{"fileName":"gwt_class_37.java","startLocation":810,"endLocation":826,"lineNumber":22,"column":18,"message":"The type new RequestCallback(){} must implement the inherited abstract method RequestCallback.onError(Request, Throwable)","problemId":67109264,"problemSeverity":"ERROR"},{"fileName":"gwt_class_37.java","startLocation":860,"endLocation":904,"lineNumber":24,"column":34,"message":"The method onError(DownloadManager.Request, Throwable) of type new RequestCallback(){} must override or implement a supertype method","problemId":67109498,"problemSeverity":"ERROR"},{"fileName":"gwt_class_37.java","startLocation":972,"endLocation":1025,"lineNumber":28,"column":24,"message":"The method onResponseReceived(DownloadManager.Request, RemoteMessageProto.Message.Response) from the type new RequestCallback(){} is never used locally","problemId":603979894,"problemSeverity":"WARNING"},{"fileName":"gwt_class_37.java","startLocation":1086,"endLocation":1091,"lineNumber":35,"column":-1,"message":"Widget cannot be resolved to a type","problemId":16777218,"problemSeverity":"ERROR"},{"fileName":"gwt_class_37.java","startLocation":1106,"endLocation":1114,"lineNumber":36,"column":-1,"message":"RootPanel cannot be resolved","problemId":570425394,"problemSeverity":"ERROR"},{"fileName":"gwt_class_37.java","startLocation":1130,"endLocation":1133,"lineNumber":36,"column":-1,"message":"HTML cannot be resolved to a type","problemId":16777218,"problemSeverity":"ERROR"},{"fileName":"gwt_class_37.java","startLocation":1151,"endLocation":1159,"lineNumber":37,"column":-1,"message":"RootPanel cannot be resolved","problemId":570425394,"problemSeverity":"ERROR"}],"originalContent":"package gwt;\n//ID = 2680739\n\npublic class gwt_class_37 {\n\tpublic class Tesdb3 implements EntryPoint { \n\n\t    String url= \"http://localhost/phpmyadmin/tesdb3/datauser.php\";\n\t    public void LoadData() throws RequestException{\n\t        RequestBuilder builder = new RequestBuilder(RequestBuilder.GET, URL.encode(url));\n\n\t        builder.sendRequest(null, new RequestCallback(){\n\t            @Override\n\t            public void onError(Request request, Throwable exception) {\n\t                Window.alert(\"error \" + exception);\n\t            }\n\n\t            public void onResponseReceived(Request request,\n\t                    Response response) {          \n\t            }\n\t        });\n\t    }\n\n\tpublic void data(JsArray data){\n\n\t    Widget w = null;\n\t    RootPanel.get().add(new HTML(\"my data\"));\n\t    RootPanel.get().add(w);\n\t} \n\n\t    public void onModuleLoad() {        \n\t        try {\n\t            LoadData();\n\t        } catch (RequestException e) {\n\t            e.printStackTrace();\n\t        }\n\t    }\n\t}\n}","updatedContent":"package gwt;\n//ID = 2680739\n\nimport com.google.gwt.http.client.RequestBuilder;\nimport com.google.gwt.dev.shell.remoteui.RemoteMessageProto.Message.Response;\nimport com.extjs.gxt.ui.client.js.JsArray;\nimport com.google.gwt.http.client.URL;\nimport com.google.gwt.user.client.Window;\nimport com.google.gwt.core.client.EntryPoint;\nimport com.google.gwt.dev.shell.remoteui.MessageTransport.RequestException;\nimport android.app.DownloadManager.Request;\nimport com.google.gwt.http.client.RequestCallback;\n\npublic class gwt_class_37 {\n\tpublic class Tesdb3 implements EntryPoint {\n\n\t\tString url = \"http://localhost/phpmyadmin/tesdb3/datauser.php\";\n\n\t\tpublic void LoadData() throws RequestException {\n\t\t\tRequestBuilder builder = new RequestBuilder(RequestBuilder.GET, URL.encode(url));\n\n\t\t\tbuilder.sendRequest(null, new RequestCallback() {\n\t\t\t\t@Override\n\t\t\t\tpublic void onError(Request request, Throwable exception) {\n\t\t\t\t\tWindow.alert(\"error \" + exception);\n\t\t\t\t}\n\n\t\t\t\tpublic void onResponseReceived(Request request, Response response) {\n\t\t\t\t}\n\t\t\t});\n\t\t}\n\n\t\tpublic void data(JsArray data) {\n\n\t\t\tWidget w = null;\n\t\t\tRootPanel.get().add(new HTML(\"my data\"));\n\t\t\tRootPanel.get().add(w);\n\t\t}\n\n\t\tpublic void onModuleLoad() {\n\t\t\ttry {\n\t\t\t\tLoadData();\n\t\t\t} catch (RequestException e) {\n\t\t\t\te.printStackTrace();\n\t\t\t}\n\t\t}\n\t}\n}","usedLibraries":["jar:gwt-dev-2.9.0.jar:1","jar:android-13.jar:1","jar:gxt-2.2.1.jar:1","jar:gwt-servlet-1.4.62.jar:1"]}