{"status":2,"problems":[{"fileName":"gwt_class_21.java","startLocation":280,"endLocation":289,"lineNumber":10,"column":37,"message":"The type gwt_class_21.PopUpPanel is never used locally","problemId":553648135,"problemSeverity":"WARNING"},{"fileName":"gwt_class_21.java","startLocation":445,"endLocation":475,"lineNumber":16,"column":14,"message":"The constructor gwt_class_21.PopUpPanel(Widget) is never used locally","problemId":603979910,"problemSeverity":"WARNING"}],"originalContent":"package gwt;\n//ID = 2214891\n\npublic class gwt_class_21 {\n\tprivate static class PopUpPanel extends PopupPanel{\n\n\t    Button connect = new Button(\"Connect\");\n\t    Button delete = new Button(\"Delete\");\n\t    Button detail = new Button(\"Detail\");\n\n\t    public PopUpPanel(final Widget widget){\n\t       super(true);\n\t       VerticalPanel vp = new VerticalPanel();\n\t       vp.add(connect);\n\t       vp.add(delete);\n\t       vp.add(detail);\n\n\t       setWidget(vp);\n\t    }\n\t}\n}","updatedContent":"package gwt;\n//ID = 2214891\n\nimport com.google.gwt.user.client.ui.PopupPanel;\nimport com.google.gwt.user.client.ui.Widget;\nimport com.extjs.gxt.ui.client.widget.button.Button;\nimport com.extjs.gxt.ui.client.widget.VerticalPanel;\n\npublic class gwt_class_21 {\n\tprivate static class PopUpPanel extends PopupPanel {\n\n\t\tButton connect = new Button(\"Connect\");\n\t\tButton delete = new Button(\"Delete\");\n\t\tButton detail = new Button(\"Detail\");\n\n\t\tpublic PopUpPanel(final Widget widget) {\n\t\t\tsuper(true);\n\t\t\tVerticalPanel vp = new VerticalPanel();\n\t\t\tvp.add(connect);\n\t\t\tvp.add(delete);\n\t\t\tvp.add(detail);\n\n\t\t\tsetWidget(vp);\n\t\t}\n\t}\n}","usedLibraries":["jar:gxt-2.2.1.jar:1","jar:gwt-servlet-1.4.62.jar:1"]}