{"status":2,"problems":[{"fileName":"gwt_class_11.java","startLocation":461,"endLocation":469,"lineNumber":20,"column":-1,"message":"RootPanel cannot be resolved","problemId":570425394,"problemSeverity":"ERROR"}],"originalContent":"package gwt;\n//ID = 1651138\n\npublic class gwt_class_11 implements EntryPoint {\n    HorizontalPanel dictionaryPanel;\n    Label wordLabel;\n\n    public gwt_class_11(){\n     dictionaryPanel = new HorizontalPanel();\n     wordLabel = new Label(\"Word\");\n    }\n    @Override\n    public void onModuleLoad() {\n     dictionaryPanel.add(wordLabel);\n     RootPanel.get(\"dictionary\").add(dictionaryPanel);\n    } \n}","updatedContent":"package gwt;\n//ID = 1651138\n\nimport com.extjs.gxt.ui.client.widget.HorizontalPanel;\nimport com.extjs.gxt.ui.client.widget.Label;\nimport com.google.gwt.core.client.EntryPoint;\n\npublic class gwt_class_11 implements EntryPoint {\n\tHorizontalPanel dictionaryPanel;\n\tLabel wordLabel;\n\n\tpublic gwt_class_11() {\n\t\tdictionaryPanel = new HorizontalPanel();\n\t\twordLabel = new Label(\"Word\");\n\t}\n\n\t@Override\n\tpublic void onModuleLoad() {\n\t\tdictionaryPanel.add(wordLabel);\n\t\tRootPanel.get(\"dictionary\").add(dictionaryPanel);\n\t}\n}","usedLibraries":["jar:gxt-2.2.1.jar:1","jar:gwt-servlet-1.4.62.jar:1"]}