{"status":2,"problems":[{"fileName":"gwt_class_42.java","startLocation":704,"endLocation":1231,"lineNumber":22,"column":22,"message":"Unhandled exception type RequestException","problemId":16777384,"problemSeverity":"ERROR"},{"fileName":"gwt_class_42.java","startLocation":734,"endLocation":750,"lineNumber":22,"column":52,"message":"The type new RequestCallback(){} must implement the inherited abstract method RequestCallback.onResponseReceived(Request, Response)","problemId":67109264,"problemSeverity":"ERROR"},{"fileName":"gwt_class_42.java","startLocation":734,"endLocation":750,"lineNumber":22,"column":52,"message":"The type new RequestCallback(){} must implement the inherited abstract method RequestCallback.onError(Request, Throwable)","problemId":67109264,"problemSeverity":"ERROR"},{"fileName":"gwt_class_42.java","startLocation":784,"endLocation":828,"lineNumber":24,"column":6,"message":"The method onError(DownloadManager.Request, Throwable) of type new RequestCallback(){} must override or implement a supertype method","problemId":67109498,"problemSeverity":"ERROR"},{"fileName":"gwt_class_42.java","startLocation":896,"endLocation":949,"lineNumber":28,"column":93,"message":"The method onResponseReceived(DownloadManager.Request, Response) from the type new RequestCallback(){} is never used locally","problemId":603979894,"problemSeverity":"WARNING"}],"originalContent":"package gwt;\n//ID = 2987127\n\npublic class gwt_class_42 {\n\tpublic class Tesdb3 implements EntryPoint { \n\n\t\tString url= \"http://localhost/phpmyadmin/tesdb3/datauser.php\";\n\n\t\tpublic void LoadData() throws RequestException{             \n\n\t\t    RequestBuilder builder = new RequestBuilder(RequestBuilder.GET, URL.encode(url));\n\n\t\t    builder.sendRequest(null, new RequestCallback(){\n\t\t        @Override\n\t\t        public void onError(Request request, Throwable exception) {\n\t\t            Window.alert(\"error \" + exception);\n\t\t        }\n\t\t        public void onResponseReceived(Request request,\n\t\t                Response response) {\n\t\t              if (200 == response.getStatusCode()) {\n\t\t                  Window.alert(\"ok -\" + response.getText() + \"-\" + response.getStatusCode());\n\t\t              } else {\n\t\t                  Window.alert(\"error2 -\" + response.getText()+ response.getStatusText() + \"-\" + response.getStatusCode());\n\t\t              }         \n\t\t        }\n\t\t    });\n\t\t}\n\n\t\tpublic void onModuleLoad() {        \n\t\t    try {\n\t\t        LoadData();\n\t\t    } catch (RequestException e) {\n\t\t        e.printStackTrace();\n\t\t    }       \n\t\t}\n\t\t}\n}","updatedContent":"package gwt;\n//ID = 2987127\n\nimport com.google.gwt.http.client.RequestBuilder;\nimport com.google.gwt.http.client.URL;\nimport com.google.gwt.user.client.Window;\nimport com.google.gwt.http.client.Response;\nimport com.google.gwt.core.client.EntryPoint;\nimport com.google.gwt.dev.shell.remoteui.MessageTransport.RequestException;\nimport android.app.DownloadManager.Request;\nimport com.google.gwt.http.client.RequestCallback;\n\npublic class gwt_class_42 {\n\tpublic class Tesdb3 implements EntryPoint {\n\n\t\tString url = \"http://localhost/phpmyadmin/tesdb3/datauser.php\";\n\n\t\tpublic void LoadData() throws RequestException {\n\n\t\t\tRequestBuilder builder = new RequestBuilder(RequestBuilder.GET, URL.encode(url));\n\n\t\t\tbuilder.sendRequest(null, new RequestCallback() {\n\t\t\t\t@Override\n\t\t\t\tpublic void onError(Request request, Throwable exception) {\n\t\t\t\t\tWindow.alert(\"error \" + exception);\n\t\t\t\t}\n\n\t\t\t\tpublic void onResponseReceived(Request request, Response response) {\n\t\t\t\t\tif (200 == response.getStatusCode()) {\n\t\t\t\t\t\tWindow.alert(\"ok -\" + response.getText() + \"-\" + response.getStatusCode());\n\t\t\t\t\t} else {\n\t\t\t\t\t\tWindow.alert(\"error2 -\" + response.getText() + response.getStatusText() + \"-\"\n\t\t\t\t\t\t\t\t+ response.getStatusCode());\n\t\t\t\t\t}\n\t\t\t\t}\n\t\t\t});\n\t\t}\n\n\t\tpublic void onModuleLoad() {\n\t\t\ttry {\n\t\t\t\tLoadData();\n\t\t\t} catch (RequestException e) {\n\t\t\t\te.printStackTrace();\n\t\t\t}\n\t\t}\n\t}\n}","usedLibraries":["jar:gwt-dev-2.9.0.jar:1","jar:android-13.jar:1","jar:gwt-servlet-1.4.62.jar:1"]}