{
  "java_file": "/home/theguy/Documents/research/snr-server/src/test/resources/snippets/so/gwt_class_40.java",
  "output_file": "StatType-Completion-output-json/gwt_class_40.java.json",
  "exit_code": 0,
  "stdout": "/home/theguy/Documents/research/snr-server/benchmark/snippet_log/gwt_class_40.java.stdout.74a863384cce4c66bbd3fc7fdb6bc637.txt",
  "stderr": "/home/theguy/Documents/research/snr-server/benchmark/snippet_log/gwt_class_40.java.stderr.74a863384cce4c66bbd3fc7fdb6bc637.txt",
  "run_time": 13122847066,
  "total_imports": [
    "com.extjs.gxt.ui.client.widget.LayoutContainer",
    "com.google.gwt.user.client.ui.HorizontalPanel",
    "com.google.gwt.user.client.ui.Label"
  ],
  "correct_imports": [
    "com.extjs.gxt.ui.client.widget.LayoutContainer"
  ]
}