{"status":3,"problems":[{"fileName":null,"startLocation":0,"endLocation":0,"lineNumber":0,"column":0,"message":"java.lang.IllegalStateException Cannot resolve package name for com.google.gwt.user.client.ui.VerticalPanel and com.google.gwt.user.client.ui.VerticalPanel.","problemId":0,"problemSeverity":null}],"originalContent":"package gwt;\n//ID = 2155194\npublic class gwt_class_19{\n\tprivate void addStartupBox() {\n\t    VerticalPanel boxPanel = null;      \n\t    com.google.gwt.user.client.ui.Label title = null;        \n\n\t    // Create second panel for the content of a box     \n\t    com.google.gwt.user.client.ui.VerticalPanel boxContent = new com.google.gwt.user.client.ui.VerticalPanel();\n\t    boxContent.setSpacing(10);\n\t    boxContent.setHorizontalAlignment(com.google.gwt.user.client.ui.VerticalPanel.ALIGN_CENTER);\n\n\t    // Create content for the box\n\t    Button but1 = new Button(\"A\");\n\t    but1.setPixelSize(280, 25);     \n\n\t    Button but2 = new Button(\"B\");\n\t    but2.setPixelSize(280, 25);\n\n\t    Button but3 = new Button(\"C\");\n\t    but3.setPixelSize(280, 25);\n\n\t    // Add buttons to boxContent\n\t    boxContent.add(but1);\n\t    boxContent.add(but2);\n\t    boxContent.add(but3);\n\n\t    // Add title and boxContent to boxPanel     \n\t    boxPanel.add(title);\n\t    boxPanel.add(boxContent);\n\n\t    RootPanel.get(\"boxPanelContainer\").add(boxPanel);\n\t}\t\n}","updatedContent":"package gwt;\n//ID = 2155194\npublic class gwt_class_19{\n\tprivate void addStartupBox() {\n\t    VerticalPanel boxPanel = null;      \n\t    com.google.gwt.user.client.ui.Label title = null;        \n\n\t    // Create second panel for the content of a box     \n\t    com.google.gwt.user.client.ui.VerticalPanel boxContent = new com.google.gwt.user.client.ui.VerticalPanel();\n\t    boxContent.setSpacing(10);\n\t    boxContent.setHorizontalAlignment(com.google.gwt.user.client.ui.VerticalPanel.ALIGN_CENTER);\n\n\t    // Create content for the box\n\t    Button but1 = new Button(\"A\");\n\t    but1.setPixelSize(280, 25);     \n\n\t    Button but2 = new Button(\"B\");\n\t    but2.setPixelSize(280, 25);\n\n\t    Button but3 = new Button(\"C\");\n\t    but3.setPixelSize(280, 25);\n\n\t    // Add buttons to boxContent\n\t    boxContent.add(but1);\n\t    boxContent.add(but2);\n\t    boxContent.add(but3);\n\n\t    // Add title and boxContent to boxPanel     \n\t    boxPanel.add(title);\n\t    boxPanel.add(boxContent);\n\n\t    RootPanel.get(\"boxPanelContainer\").add(boxPanel);\n\t}\t\n}","usedLibraries":[]}