{"status":2,"problems":[{"fileName":"gwt_class_29.java","startLocation":363,"endLocation":372,"lineNumber":11,"column":224,"message":"The value of the field gwt_class_29.SERVER_URL is not used","problemId":570425421,"problemSeverity":"WARNING"},{"fileName":"gwt_class_29.java","startLocation":617,"endLocation":628,"lineNumber":12,"column":4,"message":"The value of the field gwt_class_29.SERVER_ERROR is not used","problemId":570425421,"problemSeverity":"WARNING"},{"fileName":"gwt_class_29.java","startLocation":858,"endLocation":871,"lineNumber":20,"column":29,"message":"The value of the local variable requestBuilder is not used","problemId":536870973,"problemSeverity":"WARNING"}],"originalContent":"package gwt;\n//ID = 2404359\n\n\npublic class gwt_class_29 {\n\t// private static final String SERVER_URL = \"http://localhost:8094/data/view/\";\n\tprivate static final String SERVER_URL = \"http://www.google.com/calendar/feeds/developer-calendar@google.com/public/full?alt=json-in-script&callback=insertAgenda&orderby=starttime&max-results=15&singleevents=true&sortorder=ascending&futureevents=true\";\n\tprivate static final String SERVER_ERROR = \"An error occurred while \"\n\t\t\t+ \"attempting to contact the server. Please check your network \"\n\t\t\t+ \"connection and try again.\";\n\n\t/**\n\t * This is the entry point method.\n\t */\n\tpublic void onModuleLoad() {\n\n\t\tJsonpRequestBuilder requestBuilder = new JsonpRequestBuilder();\n\t\t// requestBuilder.setTimeout(10000);\n//\t\trequestBuilder.requestObject(SERVER_URL, new Jazz10RequestCallback());\n\n\t}\n\n\tclass Jazz10RequestCallback implements AsyncCallback<Article> {\n\n\n\t\t@Override\n\t\tpublic void onFailure(Throwable caught) {\n\t\t\tWindow.alert(\"Failed to send the message: \" + caught.getMessage());     \n\t\t}\n\n\t\t@Override\n\t\tpublic void onSuccess(Article result) {\n\t\t\t// TODO Auto-generated method stub\n\t\t\tWindow.alert(result.toString());\n\t\t}\n\t}\n}","updatedContent":"package gwt;\n//ID = 2404359\n\nimport com.google.gwt.jsonp.client.JsonpRequestBuilder;\nimport com.google.gwt.user.client.rpc.AsyncCallback;\nimport com.google.gwt.user.client.Window;\nimport org.apache.commons.net.nntp.Article;\n\npublic class gwt_class_29 {\n\t// private static final String SERVER_URL = \"http://localhost:8094/data/view/\";\n\tprivate static final String SERVER_URL = \"http://www.google.com/calendar/feeds/developer-calendar@google.com/public/full?alt=json-in-script&callback=insertAgenda&orderby=starttime&max-results=15&singleevents=true&sortorder=ascending&futureevents=true\";\n\tprivate static final String SERVER_ERROR = \"An error occurred while \"\n\t\t\t+ \"attempting to contact the server. Please check your network \" + \"connection and try again.\";\n\n\t/**\n\t * This is the entry point method.\n\t */\n\tpublic void onModuleLoad() {\n\n\t\tJsonpRequestBuilder requestBuilder = new JsonpRequestBuilder();\n\t\t// requestBuilder.setTimeout(10000);\n\t\t//\t\trequestBuilder.requestObject(SERVER_URL, new Jazz10RequestCallback());\n\n\t}\n\n\tclass Jazz10RequestCallback implements AsyncCallback<Article> {\n\n\t\t@Override\n\t\tpublic void onFailure(Throwable caught) {\n\t\t\tWindow.alert(\"Failed to send the message: \" + caught.getMessage());\n\t\t}\n\n\t\t@Override\n\t\tpublic void onSuccess(Article result) {\n\t\t\t// TODO Auto-generated method stub\n\t\t\tWindow.alert(result.toString());\n\t\t}\n\t}\n}","usedLibraries":["jar:gwt-user.jar:1","jar:gwt-servlet-1.4.62.jar:1","jar:apache-commons-net.jar:1"]}