{"status":0,"problems":[],"originalContent":"package gwt;\n\n\npublic class gwt_class_30 {\n\tstatic TextBox firstName = new TextBox();\n    static TextBox surName = new TextBox();\n    static DialogBox box;\n\n    static public DialogBox buildNewElecPopup() {\n\n        DialogBox box = new DialogBox();\n        box.setAutoHideEnabled(true);\n\n        box.setText(\"Add a New Candidate\");\n        box.setAnimationEnabled(true);\n        box.setGlassEnabled(true);\n\n        Grid dialogGrid = new Grid(2, 3);\n        dialogGrid.setPixelSize(250 , 125);\n        dialogGrid.setCellPadding(10);\n        dialogGrid.setWidget(0, 0, new HTML(\"<strong>First Name</strong>\"));\n        dialogGrid.setWidget(0, 1, firstName);\n\n        dialogGrid.setWidget(1, 0, new HTML(\"<strong>Surname</strong>\"));\n        dialogGrid.setWidget(1, 1, surName);\n\n        box.add(dialogGrid);\n\n    return box;\n    }\n}","updatedContent":"package gwt;\n\nimport com.google.gwt.user.client.ui.DialogBox;\nimport com.google.gwt.user.client.ui.Grid;\nimport com.google.gwt.user.client.ui.TextBox;\nimport com.google.gwt.user.client.ui.HTML;\n\npublic class gwt_class_30 {\n\tstatic TextBox firstName = new TextBox();\n\tstatic TextBox surName = new TextBox();\n\tstatic DialogBox box;\n\n\tstatic public DialogBox buildNewElecPopup() {\n\n\t\tDialogBox box = new DialogBox();\n\t\tbox.setAutoHideEnabled(true);\n\n\t\tbox.setText(\"Add a New Candidate\");\n\t\tbox.setAnimationEnabled(true);\n\t\tbox.setGlassEnabled(true);\n\n\t\tGrid dialogGrid = new Grid(2, 3);\n\t\tdialogGrid.setPixelSize(250, 125);\n\t\tdialogGrid.setCellPadding(10);\n\t\tdialogGrid.setWidget(0, 0, new HTML(\"<strong>First Name</strong>\"));\n\t\tdialogGrid.setWidget(0, 1, firstName);\n\n\t\tdialogGrid.setWidget(1, 0, new HTML(\"<strong>Surname</strong>\"));\n\t\tdialogGrid.setWidget(1, 1, surName);\n\n\t\tbox.add(dialogGrid);\n\n\t\treturn box;\n\t}\n}","usedLibraries":["jar:gwt-user.jar:1","jar:gwt-servlet-1.4.62.jar:1"]}