{"status":2,"problems":[{"fileName":"gwt_class_23.java","startLocation":745,"endLocation":761,"lineNumber":19,"column":4,"message":"The type new RequestCallback(){} must implement the inherited abstract method RequestCallback.onResponseReceived(Request, Response)","problemId":67109264,"problemSeverity":"ERROR"},{"fileName":"gwt_class_23.java","startLocation":745,"endLocation":761,"lineNumber":19,"column":4,"message":"The type new RequestCallback(){} must implement the inherited abstract method RequestCallback.onError(Request, Throwable)","problemId":67109264,"problemSeverity":"ERROR"},{"fileName":"gwt_class_23.java","startLocation":793,"endLocation":846,"lineNumber":21,"column":23,"message":"The method onResponseReceived(DownloadManager.Request, RemoteMessageProto.Message.Response) of type new RequestCallback(){} must override or implement a supertype method","problemId":67109498,"problemSeverity":"ERROR"},{"fileName":"gwt_class_23.java","startLocation":885,"endLocation":929,"lineNumber":26,"column":-1,"message":"The method onError(DownloadManager.Request, Throwable) of type new RequestCallback(){} must override or implement a supertype method","problemId":67109498,"problemSeverity":"ERROR"},{"fileName":"gwt_class_23.java","startLocation":1026,"endLocation":1034,"lineNumber":33,"column":-1,"message":"Unhandled exception type RequestException","problemId":16777384,"problemSeverity":"ERROR"},{"fileName":"gwt_class_23.java","startLocation":1048,"endLocation":1063,"lineNumber":34,"column":-1,"message":"Unreachable catch block for MessageTransport.RequestException. This exception is never thrown from the try statement body","problemId":83886247,"problemSeverity":"ERROR"}],"originalContent":"package gwt;\n//ID = 2279782\n\n\npublic class gwt_class_23 {\n\tpublic static void main(String arg[]){\n\t\tfinal String filename = UUID.randomUUID().toString() + \".txt\";\n\n\t\tRequestBuilder rb = new RequestBuilder(RequestBuilder.POST, \"http://localhost/upload\");\n\t\tObject selected;\n\t\trb.setRequestData(\"aaa\"); // getBody() is plain-text\n\t\trb.setHeader(\"Content-Type\", \"application/x-www-form-urlencodeddata\");\n\t\trb.setCallback(new RequestCallback() {\n\t\t    @Override\n\t\t    public void onResponseReceived(Request request, Response response) {\n                         \n\t\t    }\n\n\t\t    @Override\n\t\t    public void onError(Request request, Throwable exception) {\n\t\t        exception.printStackTrace();\n\t\t    }\n\t\t});\n\n\t\t// Checked Exceptions sucks *sigh*\n\t\ttry {\n\t\t    rb.send();\n\t\t}\n\t\tcatch (RequestException e) {\n\t\t    e.printStackTrace();\n\t\t}\n\t}\n\n}","updatedContent":"package gwt;\n//ID = 2279782\n\nimport com.google.gwt.http.client.RequestBuilder;\nimport com.google.gwt.dev.shell.remoteui.RemoteMessageProto.Message.Response;\nimport java.util.UUID;\nimport android.app.DownloadManager.Request;\nimport com.google.gwt.dev.shell.remoteui.MessageTransport.RequestException;\nimport com.google.gwt.http.client.RequestCallback;\n\npublic class gwt_class_23 {\n\tpublic static void main(String arg[]) {\n\t\tfinal String filename = UUID.randomUUID().toString() + \".txt\";\n\n\t\tRequestBuilder rb = new RequestBuilder(RequestBuilder.POST, \"http://localhost/upload\");\n\t\tObject selected;\n\t\trb.setRequestData(\"aaa\"); // getBody() is plain-text\n\t\trb.setHeader(\"Content-Type\", \"application/x-www-form-urlencodeddata\");\n\t\trb.setCallback(new RequestCallback() {\n\t\t\t@Override\n\t\t\tpublic void onResponseReceived(Request request, Response response) {\n\n\t\t\t}\n\n\t\t\t@Override\n\t\t\tpublic void onError(Request request, Throwable exception) {\n\t\t\t\texception.printStackTrace();\n\t\t\t}\n\t\t});\n\n\t\t// Checked Exceptions sucks *sigh*\n\t\ttry {\n\t\t\trb.send();\n\t\t} catch (RequestException e) {\n\t\t\te.printStackTrace();\n\t\t}\n\t}\n\n}","usedLibraries":["jar:gwt-dev-2.9.0.jar:1","jar:android-13.jar:1","jar:gwt-user.jar:1","jar:gwt-servlet-1.4.62.jar:1"]}