{"status":2,"problems":[{"fileName":"gwt_class_8.java","startLocation":787,"endLocation":803,"lineNumber":19,"column":47,"message":"The type new RequestCallback(){} must implement the inherited abstract method RequestCallback.onResponseReceived(Request, Response)","problemId":67109264,"problemSeverity":"ERROR"},{"fileName":"gwt_class_8.java","startLocation":787,"endLocation":803,"lineNumber":19,"column":47,"message":"The type new RequestCallback(){} must implement the inherited abstract method RequestCallback.onError(Request, Throwable)","problemId":67109264,"problemSeverity":"ERROR"},{"fileName":"gwt_class_8.java","startLocation":948,"endLocation":1002,"lineNumber":24,"column":114,"message":"The method onResponseReceived1(DownloadManager.Request, Response) from the type new RequestCallback(){} is never used locally","problemId":603979894,"problemSeverity":"WARNING"},{"fileName":"gwt_class_8.java","startLocation":1816,"endLocation":1869,"lineNumber":46,"column":84,"message":"The method onResponseReceived(DownloadManager.Request, Response) of type new RequestCallback(){} must override or implement a supertype method","problemId":67109498,"problemSeverity":"ERROR"},{"fileName":"gwt_class_8.java","startLocation":1947,"endLocation":1991,"lineNumber":52,"column":40,"message":"The method onError(DownloadManager.Request, Throwable) of type new RequestCallback(){} must override or implement a supertype method","problemId":67109498,"problemSeverity":"ERROR"}],"originalContent":"package gwt;\n//ID = 1606513\n\npublic class gwt_class_8 {\n\tpublic void main() throws RequestException{\n\t\tRequestBuilder requestBuilder = new RequestBuilder(RequestBuilder.POST,\"j_spring_security_check\");\n        requestBuilder.setHeader(\"Content-Type\", \"application/x-www-form-urlencoded\");\n        //-- sending the username and the password in designated fields.\n        //Hard coding values for testing reasons:\n        requestBuilder.setRequestData(\"j_username=test1\" +\n                        \"&j_password=abc\");\n\n        requestBuilder.setCallback(new RequestCallback() {\n            public void onError1(Request request, Throwable exception)\n            {\n                Window.alert(\"ERROR !!!\"+exception.getMessage());\n            }\n            public void onResponseReceived1(Request request, Response response)\n            {\n                if (response.getStatusCode() != Response.SC_UNAUTHORIZED && response.getStatusCode() != Response.SC_OK)\n                { \n                    onError1(request, new RequestException(response.getStatusText() + \":\\n\" + response.getText())); \n                    return; \n                }\n\n                if (response.getStatusCode() == Response.SC_UNAUTHORIZED)\n                { \n                    //This code is never encountered !! :((\n                    Window.alert(\"You have entered an incorrect username or password. Please try again.\"); \n                }\n                else\n                { \n                    String height = 800+\"\";\n                    String width = 600+\"\";\n\n                    Window.alert(\"Authorisation succeeded, you may enter....\");\n                    Window.open(\"MainScreen.html\", \"Main screen!!\", \"height=\" + height + \",width=\" + width\n                                    + \",scrollbars=yes,resizable=yes,titlebar=no,toolbar=no,status=yes,close=no,left=0,top=0\");\n                } \n\n            }\n\t\t\t@Override\n\t\t\tpublic void onResponseReceived(Request request, Response response) {\n\t\t\t\t// TODO Auto-generated method stub\n\t\t\t\t\n\t\t\t}\n\t\t\t@Override\n\t\t\tpublic void onError(Request request, Throwable exception) {\n\t\t\t\t// TODO Auto-generated method stub\n\t\t\t\t\n\t\t\t}\n        });\n        requestBuilder.send();\n\t}\n}","updatedContent":"package gwt;\n//ID = 1606513\n\nimport com.google.gwt.http.client.RequestException;\nimport com.google.gwt.http.client.RequestBuilder;\nimport com.google.gwt.user.client.Window;\nimport com.google.gwt.http.client.Response;\nimport android.app.DownloadManager.Request;\nimport com.google.gwt.http.client.RequestCallback;\n\npublic class gwt_class_8 {\n\tpublic void main() throws RequestException {\n\t\tRequestBuilder requestBuilder = new RequestBuilder(RequestBuilder.POST, \"j_spring_security_check\");\n\t\trequestBuilder.setHeader(\"Content-Type\", \"application/x-www-form-urlencoded\");\n\t\t//-- sending the username and the password in designated fields.\n\t\t//Hard coding values for testing reasons:\n\t\trequestBuilder.setRequestData(\"j_username=test1\" + \"&j_password=abc\");\n\n\t\trequestBuilder.setCallback(new RequestCallback() {\n\t\t\tpublic void onError1(Request request, Throwable exception) {\n\t\t\t\tWindow.alert(\"ERROR !!!\" + exception.getMessage());\n\t\t\t}\n\n\t\t\tpublic void onResponseReceived1(Request request, Response response) {\n\t\t\t\tif (response.getStatusCode() != Response.SC_UNAUTHORIZED\n\t\t\t\t\t\t&& response.getStatusCode() != Response.SC_OK) {\n\t\t\t\t\tonError1(request, new RequestException(response.getStatusText() + \":\\n\" + response.getText()));\n\t\t\t\t\treturn;\n\t\t\t\t}\n\n\t\t\t\tif (response.getStatusCode() == Response.SC_UNAUTHORIZED) {\n\t\t\t\t\t//This code is never encountered !! :((\n\t\t\t\t\tWindow.alert(\"You have entered an incorrect username or password. Please try again.\");\n\t\t\t\t} else {\n\t\t\t\t\tString height = 800 + \"\";\n\t\t\t\t\tString width = 600 + \"\";\n\n\t\t\t\t\tWindow.alert(\"Authorisation succeeded, you may enter....\");\n\t\t\t\t\tWindow.open(\"MainScreen.html\", \"Main screen!!\", \"height=\" + height + \",width=\" + width\n\t\t\t\t\t\t\t+ \",scrollbars=yes,resizable=yes,titlebar=no,toolbar=no,status=yes,close=no,left=0,top=0\");\n\t\t\t\t}\n\n\t\t\t}\n\n\t\t\t@Override\n\t\t\tpublic void onResponseReceived(Request request, Response response) {\n\t\t\t\t// TODO Auto-generated method stub\n\n\t\t\t}\n\n\t\t\t@Override\n\t\t\tpublic void onError(Request request, Throwable exception) {\n\t\t\t\t// TODO Auto-generated method stub\n\n\t\t\t}\n\t\t});\n\t\trequestBuilder.send();\n\t}\n}","usedLibraries":["jar:gwt-user.jar:1","jar:android-13.jar:1","jar:gwt-servlet-1.4.62.jar:1"]}