{
  "java_file": "/home/theguy/Documents/research/snr-server/src/test/resources/snippets/so/gwt_class_6.java",
  "output_file": "StatType-Completion-output-json/gwt_class_6.java.json",
  "exit_code": 0,
  "stdout": "/home/theguy/Documents/research/snr-server/benchmark/snippet_log/gwt_class_6.java.stdout.d6775885b5f344bd8f639d2b2cea853c.txt",
  "stderr": "/home/theguy/Documents/research/snr-server/benchmark/snippet_log/gwt_class_6.java.stderr.d6775885b5f344bd8f639d2b2cea853c.txt",
  "run_time": 11794750091,
  "total_imports": [
    "com.google.gwt.user.client.DOM",
    "com.google.gwt.user.client.Element",
    "com.google.gwt.user.client.ui.Widget"
  ],
  "correct_imports": [
    "com.google.gwt.user.client.Element",
    "com.google.gwt.user.client.ui.Widget",
    "com.google.gwt.user.client.DOM"
  ]
}