{"status":2,"problems":[{"fileName":"gwt_class_45.java","startLocation":263,"endLocation":267,"lineNumber":12,"column":39,"message":"Label cannot be resolved to a type","problemId":16777218,"problemSeverity":"ERROR"},{"fileName":"gwt_class_45.java","startLocation":281,"endLocation":285,"lineNumber":12,"column":6,"message":"Label cannot be resolved to a type","problemId":16777218,"problemSeverity":"ERROR"},{"fileName":"gwt_class_45.java","startLocation":305,"endLocation":310,"lineNumber":13,"column":15,"message":"Button cannot be resolved to a type","problemId":16777218,"problemSeverity":"ERROR"},{"fileName":"gwt_class_45.java","startLocation":325,"endLocation":330,"lineNumber":13,"column":35,"message":"Button cannot be resolved to a type","problemId":16777218,"problemSeverity":"ERROR"},{"fileName":"gwt_class_45.java","startLocation":379,"endLocation":390,"lineNumber":14,"column":5,"message":"ClickHandler cannot be resolved to a type","problemId":16777218,"problemSeverity":"ERROR"},{"fileName":"gwt_class_45.java","startLocation":424,"endLocation":448,"lineNumber":16,"column":20,"message":"The method onClick(ClickEvent) of type new ClickHandler(){} must override or implement a supertype method","problemId":67109498,"problemSeverity":"ERROR"},{"fileName":"gwt_class_45.java","startLocation":501,"endLocation":509,"lineNumber":23,"column":-1,"message":"RootPanel cannot be resolved","problemId":570425394,"problemSeverity":"ERROR"},{"fileName":"gwt_class_45.java","startLocation":531,"endLocation":539,"lineNumber":24,"column":-1,"message":"RootPanel cannot be resolved","problemId":570425394,"problemSeverity":"ERROR"}],"originalContent":"package gwt;\n//ID = 3353405\n\n\npublic class gwt_class_45  implements EntryPoint{\n\n    @Override\n    public void onModuleLoad(){\n        Label label=new Label(\"hello world\");\n        Button button=new Button(\"say something\");\n        button.addClickHandler(new ClickHandler(){\n     @Override\n     public void onClick (ClickEvent event){\n         Window.alert(\"hello again\");\n\n            }\n\n\n\n        });\n\n    RootPanel.get().add(label);\n    RootPanel.get().add(button);\n\n\n\n    }\n}","updatedContent":"package gwt;\n//ID = 3353405\n\nimport com.google.gwt.event.dom.client.ClickEvent;\nimport com.google.gwt.user.client.Window;\nimport com.google.gwt.core.client.EntryPoint;\n\npublic class gwt_class_45 implements EntryPoint {\n\n\t@Override\n\tpublic void onModuleLoad() {\n\t\tLabel label = new Label(\"hello world\");\n\t\tButton button = new Button(\"say something\");\n\t\tbutton.addClickHandler(new ClickHandler() {\n\t\t\t@Override\n\t\t\tpublic void onClick(ClickEvent event) {\n\t\t\t\tWindow.alert(\"hello again\");\n\n\t\t\t}\n\n\t\t});\n\n\t\tRootPanel.get().add(label);\n\t\tRootPanel.get().add(button);\n\n\t}\n}","usedLibraries":["jar:gwt-user.jar:1","jar:gwt-servlet-1.4.62.jar:1"]}