{"status":2,"problems":[{"fileName":"gwt_class_48.java","startLocation":628,"endLocation":643,"lineNumber":19,"column":58,"message":"SelectionHandler is a raw type. References to generic type SelectionHandler<I> should be parameterized","problemId":16777788,"problemSeverity":"WARNING"},{"fileName":"gwt_class_48.java","startLocation":677,"endLocation":690,"lineNumber":21,"column":37,"message":"SelectionEvent is a raw type. References to generic type SelectionEvent<I> should be parameterized","problemId":16777788,"problemSeverity":"WARNING"},{"fileName":"gwt_class_48.java","startLocation":904,"endLocation":925,"lineNumber":28,"column":-1,"message":"BeforeSelectionHandler is a raw type. References to generic type BeforeSelectionHandler<I> should be parameterized","problemId":16777788,"problemSeverity":"WARNING"},{"fileName":"gwt_class_48.java","startLocation":964,"endLocation":983,"lineNumber":29,"column":-1,"message":"BeforeSelectionEvent is a raw type. References to generic type BeforeSelectionEvent<I> should be parameterized","problemId":16777788,"problemSeverity":"WARNING"}],"originalContent":"package gwt;\n//ID = 3635828\npublic class gwt_class_48  implements EntryPoint{\n    @Override\n    public void onModuleLoad(){\n        TabBar bar=new TabBar();\n        bar.addTab(\"foo\");\n        bar.addTab(\"bar\");\n        bar.addTab(\"baz\");\n         bar.addSelectionHandler(new SelectionHandler(){\n\n             public void onSelection(SelectionEvent event){\n                 //let user know what you just did\n                 Window.alert(\"you clicked tab\"+event.getSelectedItem());\n             }\n\n         });\n        // Just for fun, let's disallow selection of 'bar'.\n         bar.addBeforeSelectionHandler(new BeforeSelectionHandler() {\n          public void onBeforeSelection(BeforeSelectionEvent event) {\n          event.cancel();\n            }\n\n\n         });\n\n    }\n}","updatedContent":"package gwt;\n\nimport com.google.gwt.event.logical.shared.SelectionEvent;\nimport com.google.gwt.event.logical.shared.BeforeSelectionHandler;\nimport com.google.gwt.event.logical.shared.SelectionHandler;\nimport com.google.gwt.user.client.ui.TabBar;\nimport com.google.gwt.user.client.Window;\nimport com.google.gwt.core.client.EntryPoint;\nimport com.google.gwt.event.logical.shared.BeforeSelectionEvent;\n\n//ID = 3635828\npublic class gwt_class_48 implements EntryPoint {\n\t@Override\n\tpublic void onModuleLoad() {\n\t\tTabBar bar = new TabBar();\n\t\tbar.addTab(\"foo\");\n\t\tbar.addTab(\"bar\");\n\t\tbar.addTab(\"baz\");\n\t\tbar.addSelectionHandler(new SelectionHandler() {\n\n\t\t\tpublic void onSelection(SelectionEvent event) {\n\t\t\t\t//let user know what you just did\n\t\t\t\tWindow.alert(\"you clicked tab\" + event.getSelectedItem());\n\t\t\t}\n\n\t\t});\n\t\t// Just for fun, let's disallow selection of 'bar'.\n\t\tbar.addBeforeSelectionHandler(new BeforeSelectionHandler() {\n\t\t\tpublic void onBeforeSelection(BeforeSelectionEvent event) {\n\t\t\t\tevent.cancel();\n\t\t\t}\n\n\t\t});\n\n\t}\n}","usedLibraries":["jar:gwt-user.jar:1","jar:gwt-servlet-1.4.62.jar:1"]}