{
  "java_file": "/home/theguy/Documents/research/snr-server/src/test/resources/snippets/so/gwt_class_28.java",
  "output_file": "StatType-Completion-output-json/gwt_class_28.java.json",
  "exit_code": 0,
  "stdout": "/home/theguy/Documents/research/snr-server/benchmark/snippet_log/gwt_class_28.java.stdout.4f3cbb0d61fa4d7f850acdf73b803b4e.txt",
  "stderr": "/home/theguy/Documents/research/snr-server/benchmark/snippet_log/gwt_class_28.java.stderr.4f3cbb0d61fa4d7f850acdf73b803b4e.txt",
  "run_time": 16269491124,
  "total_imports": [
    "com.google.gwt.core.client.EntryPoint",
    "com.google.gwt.http.client.Request",
    "com.google.gwt.http.client.RequestBuilder",
    "com.google.gwt.http.client.RequestCallback",
    "com.google.gwt.http.client.RequestException",
    "com.google.gwt.http.client.Response",
    "com.google.gwt.user.client.Window"
  ],
  "correct_imports": [
    "com.google.gwt.http.client.RequestBuilder",
    "com.google.gwt.user.client.Window",
    "com.google.gwt.http.client.Response",
    "com.google.gwt.core.client.EntryPoint",
    "com.google.gwt.http.client.RequestCallback"
  ]
}