{
  "java_file": "/home/theguy/Documents/research/snr-server/src/test/resources/snippets/so/gwt_class_4.java",
  "output_file": "StatType-Completion-output-json/gwt_class_4.java.json",
  "exit_code": 0,
  "stdout": "/home/theguy/Documents/research/snr-server/benchmark/snippet_log/gwt_class_4.java.stdout.546980a8de4b43758233897c53ea4b80.txt",
  "stderr": "/home/theguy/Documents/research/snr-server/benchmark/snippet_log/gwt_class_4.java.stderr.546980a8de4b43758233897c53ea4b80.txt",
  "run_time": 8955292776,
  "total_imports": [
    "com.google.gwt.user.client.ui.Composite",
    "com.google.gwt.user.client.ui.HTML",
    "com.google.gwt.user.client.ui.VerticalSplitPanel"
  ],
  "correct_imports": [
    "com.google.gwt.user.client.ui.Composite"
  ]
}