{"status":2,"problems":[{"fileName":"gwt_class_15.java","startLocation":581,"endLocation":922,"lineNumber":17,"column":16,"message":"Unhandled exception type RequestException","problemId":16777384,"problemSeverity":"ERROR"},{"fileName":"gwt_class_15.java","startLocation":611,"endLocation":627,"lineNumber":17,"column":0,"message":"The type new RequestCallback(){} must implement the inherited abstract method RequestCallback.onResponseReceived(Request, Response)","problemId":67109264,"problemSeverity":"ERROR"},{"fileName":"gwt_class_15.java","startLocation":718,"endLocation":772,"lineNumber":21,"column":49,"message":"The method onResponseReceived1(Request, RemoteMessageProto.Message.Response) from the type new RequestCallback(){} is never used locally","problemId":603979894,"problemSeverity":"WARNING"},{"fileName":"gwt_class_15.java","startLocation":813,"endLocation":866,"lineNumber":25,"column":-1,"message":"The method onResponseReceived(Request, RemoteMessageProto.Message.Response) of type new RequestCallback(){} must override or implement a supertype method","problemId":67109498,"problemSeverity":"ERROR"},{"fileName":"gwt_class_15.java","startLocation":936,"endLocation":951,"lineNumber":31,"column":-1,"message":"Unreachable catch block for MessageTransport.RequestException. This exception is never thrown from the try statement body","problemId":83886247,"problemSeverity":"ERROR"}],"originalContent":"package gwt;\n//ID = 1760182\n\npublic class gwt_class_15 {\n\tpublic static void main(String arg[]){\n\n\t\tRequestBuilder builder = new RequestBuilder(RequestBuilder.GET, URL.encode(\"http://localhost:8080/xxxx/yyyy\"));\n\n\t\ttry {\n\t\t       Request request = builder.sendRequest(null, new RequestCallback() {\n\t\t         public void onError(Request request, Throwable exception) {\n\t\t         }\n\n\t\t         public void onResponseReceived1(Request request, Response response) {\n\t\t         }\n\n\t\t\t\t@Override\n\t\t\t\tpublic void onResponseReceived(Request request, Response response) {\n\t\t\t\t\t// TODO Auto-generated method stub\n\t\t\t\t\t\n\t\t\t\t}\n\n\t\t       });\n\t\t     } catch (RequestException e) {\n//\t\t       possiblePages.clear(); possiblePages.addItem(\"could not connect to server\");        \n\t\t     }\n\t\t}\n}","updatedContent":"package gwt;\n//ID = 1760182\n\nimport com.google.gwt.http.client.RequestBuilder;\nimport com.google.gwt.dev.shell.remoteui.RemoteMessageProto.Message.Response;\nimport com.google.gwt.http.client.URL;\nimport com.google.gwt.dev.shell.remoteui.MessageTransport.RequestException;\nimport com.google.gwt.http.client.Request;\nimport com.google.gwt.http.client.RequestCallback;\n\npublic class gwt_class_15 {\n\tpublic static void main(String arg[]) {\n\n\t\tRequestBuilder builder = new RequestBuilder(RequestBuilder.GET, URL.encode(\"http://localhost:8080/xxxx/yyyy\"));\n\n\t\ttry {\n\t\t\tRequest request = builder.sendRequest(null, new RequestCallback() {\n\t\t\t\tpublic void onError(Request request, Throwable exception) {\n\t\t\t\t}\n\n\t\t\t\tpublic void onResponseReceived1(Request request, Response response) {\n\t\t\t\t}\n\n\t\t\t\t@Override\n\t\t\t\tpublic void onResponseReceived(Request request, Response response) {\n\t\t\t\t\t// TODO Auto-generated method stub\n\n\t\t\t\t}\n\n\t\t\t});\n\t\t} catch (RequestException e) {\n\t\t\t//\t\t       possiblePages.clear(); possiblePages.addItem(\"could not connect to server\");        \n\t\t}\n\t}\n}","usedLibraries":["jar:gwt-dev-2.9.0.jar:1","jar:gwt-servlet-1.4.62.jar:1"]}