{"status":2,"problems":[{"fileName":"gwt_class_31.java","startLocation":798,"endLocation":1144,"lineNumber":18,"column":70,"message":"Unhandled exception type RequestException","problemId":16777384,"problemSeverity":"ERROR"},{"fileName":"gwt_class_31.java","startLocation":839,"endLocation":855,"lineNumber":18,"column":111,"message":"The type new RequestCallback(){} must implement the inherited abstract method RequestCallback.onResponseReceived(Request, Response)","problemId":67109264,"problemSeverity":"ERROR"},{"fileName":"gwt_class_31.java","startLocation":839,"endLocation":855,"lineNumber":18,"column":111,"message":"The type new RequestCallback(){} must implement the inherited abstract method RequestCallback.onError(Request, Throwable)","problemId":67109264,"problemSeverity":"ERROR"},{"fileName":"gwt_class_31.java","startLocation":874,"endLocation":918,"lineNumber":19,"column":5,"message":"The method onError(DownloadManager.Request, Throwable) from the type new RequestCallback(){} is never used locally","problemId":603979894,"problemSeverity":"WARNING"},{"fileName":"gwt_class_31.java","startLocation":960,"endLocation":1013,"lineNumber":23,"column":-1,"message":"The method onResponseReceived(DownloadManager.Request, RemoteMessageProto.Message.Response) from the type new RequestCallback(){} is never used locally","problemId":603979894,"problemSeverity":"WARNING"}],"originalContent":"package gwt;\n//ID = 2475886\n\npublic class gwt_class_31 {\n\tpublic static void main(String arg[]) throws RequestException{\n\t\tString serverUrl = null;\n\t\tRequestBuilder requestBuilder = new RequestBuilder(RequestBuilder.POST, URL.encode(serverUrl)); //-- serverUrl is the url to which this call is posted to.\n\t\trequestBuilder.setHeader(\"Content-Type\", \"application/x-www-form-urlencoded\");\n\t\trequestBuilder.setHeader(\"Expires\",\"0\");\n\t\tString postData = null;\n\t\trequestBuilder.sendRequest(postData, new RequestCallback()\n\t\t{\n\t\t        public void onError(Request request, Throwable exception)\n\t\t        {\n\t\t            //Do nothing\n\t\t        }\n\t\t        public void onResponseReceived(Request request, Response response)\n\t\t        {\n\t\t            //sometimes when the server is restarted, I get response.getStatusCode() = 304 and the response.getText() as blank\n\t\t        }\n\t\t    }\n\t\t);\n\t}\n\n}","updatedContent":"package gwt;\n//ID = 2475886\n\nimport com.google.gwt.http.client.RequestBuilder;\nimport com.google.gwt.dev.shell.remoteui.RemoteMessageProto.Message.Response;\nimport com.google.gwt.http.client.URL;\nimport com.google.gwt.dev.shell.remoteui.MessageTransport.RequestException;\nimport android.app.DownloadManager.Request;\nimport com.google.gwt.http.client.RequestCallback;\n\npublic class gwt_class_31 {\n\tpublic static void main(String arg[]) throws RequestException {\n\t\tString serverUrl = null;\n\t\tRequestBuilder requestBuilder = new RequestBuilder(RequestBuilder.POST, URL.encode(serverUrl)); //-- serverUrl is the url to which this call is posted to.\n\t\trequestBuilder.setHeader(\"Content-Type\", \"application/x-www-form-urlencoded\");\n\t\trequestBuilder.setHeader(\"Expires\", \"0\");\n\t\tString postData = null;\n\t\trequestBuilder.sendRequest(postData, new RequestCallback() {\n\t\t\tpublic void onError(Request request, Throwable exception) {\n\t\t\t\t//Do nothing\n\t\t\t}\n\n\t\t\tpublic void onResponseReceived(Request request, Response response) {\n\t\t\t\t//sometimes when the server is restarted, I get response.getStatusCode() = 304 and the response.getText() as blank\n\t\t\t}\n\t\t});\n\t}\n\n}","usedLibraries":["jar:gwt-dev-2.9.0.jar:1","jar:android-13.jar:1","jar:gwt-servlet-1.4.62.jar:1"]}