{
  "java_file": "/home/theguy/Documents/research/snr-server/src/test/resources/snippets/so/gwt_class_5.java",
  "output_file": "StatType-Completion-output-json/gwt_class_5.java.json",
  "exit_code": 0,
  "stdout": "/home/theguy/Documents/research/snr-server/benchmark/snippet_log/gwt_class_5.java.stdout.9f97730569c14de992f45b5858c50134.txt",
  "stderr": "/home/theguy/Documents/research/snr-server/benchmark/snippet_log/gwt_class_5.java.stderr.9f97730569c14de992f45b5858c50134.txt",
  "run_time": 2913235359,
  "total_imports": [
    "com.google.gwt.core.client.JsArray",
    "com.google.gwt.core.client.JsArrayInteger"
  ],
  "correct_imports": [
    "com.google.gwt.core.client.JsArray",
    "com.google.gwt.core.client.JsArrayInteger"
  ]
}