{
  "java_file": "/home/theguy/Documents/research/snr-server/src/test/resources/snippets/so/gwt_class_15.java",
  "output_file": "StatType-Completion-output-json/gwt_class_15.java.json",
  "exit_code": 0,
  "stdout": "/home/theguy/Documents/research/snr-server/benchmark/snippet_log/gwt_class_15.java.stdout.6cd5395e36724ff38a5698fa1ae7418e.txt",
  "stderr": "/home/theguy/Documents/research/snr-server/benchmark/snippet_log/gwt_class_15.java.stderr.6cd5395e36724ff38a5698fa1ae7418e.txt",
  "run_time": 9968953561,
  "total_imports": [
    "com.google.gwt.http.client.Request",
    "com.google.gwt.http.client.RequestBuilder",
    "com.google.gwt.http.client.RequestCallback",
    "com.google.gwt.http.client.RequestException",
    "com.google.gwt.http.client.Response",
    "com.google.gwt.http.client.URL"
  ],
  "correct_imports": [
    "com.google.gwt.http.client.RequestBuilder",
    "com.google.gwt.http.client.URL",
    "com.google.gwt.http.client.Request",
    "com.google.gwt.http.client.RequestCallback"
  ]
}