{"status":2,"problems":[{"fileName":"gwt_class_20.java","startLocation":405,"endLocation":533,"lineNumber":16,"column":-1,"message":"The constructor Button(String, new ClickHandler(){}) is undefined","problemId":134217858,"problemSeverity":"ERROR"},{"fileName":"gwt_class_20.java","startLocation":539,"endLocation":547,"lineNumber":22,"column":-1,"message":"RootPanel cannot be resolved","problemId":570425394,"problemSeverity":"ERROR"}],"originalContent":"package gwt;\n//ID = 2166506\n/**\n * Hello World application.\n */\npublic class gwt_class_20 implements EntryPoint {\n\n  public void onModuleLoad() {\n    Button b = new Button(\"Click me\", new ClickHandler() {\n      public void onClick(ClickEvent event) {\n        Window.alert(\"Hello, AJAX\");\n      }\n    });\n\n    RootPanel.get().add(b);\n  }\n}","updatedContent":"package gwt;\n\nimport com.extjs.gxt.ui.client.widget.button.Button;\nimport com.google.gwt.event.dom.client.ClickEvent;\nimport com.google.gwt.user.client.Window;\nimport com.google.gwt.core.client.EntryPoint;\nimport com.google.gwt.event.dom.client.ClickHandler;\n\n//ID = 2166506\n/**\n * Hello World application.\n */\npublic class gwt_class_20 implements EntryPoint {\n\n\tpublic void onModuleLoad() {\n\t\tButton b = new Button(\"Click me\", new ClickHandler() {\n\t\t\tpublic void onClick(ClickEvent event) {\n\t\t\t\tWindow.alert(\"Hello, AJAX\");\n\t\t\t}\n\t\t});\n\n\t\tRootPanel.get().add(b);\n\t}\n}","usedLibraries":["jar:gwt-user.jar:1","jar:gxt-2.2.1.jar:1","jar:gwt-servlet-1.4.62.jar:1"]}