{
  "java_file": "/home/theguy/Documents/research/snr-server/src/test/resources/snippets/so/gwt_class_46.java",
  "output_file": "StatType-Completion-output-json/gwt_class_46.java.json",
  "exit_code": 0,
  "stdout": "/home/theguy/Documents/research/snr-server/benchmark/snippet_log/gwt_class_46.java.stdout.3d58f6f1c5c7445d8cc34ff58042afd6.txt",
  "stderr": "/home/theguy/Documents/research/snr-server/benchmark/snippet_log/gwt_class_46.java.stderr.3d58f6f1c5c7445d8cc34ff58042afd6.txt",
  "run_time": 27197410962,
  "total_imports": [
    "com.google.gwt.user.client.ui.DialogBox",
    "com.google.gwt.user.client.ui.HTML",
    "com.google.gwt.user.client.ui.RootPanel",
    "com.google.gwt.user.client.ui.VerticalPanel"
  ],
  "correct_imports": [
    "com.google.gwt.user.client.ui.DialogBox"
  ]
}