{"status":2,"problems":[{"fileName":"gwt_class_43.java","startLocation":932,"endLocation":942,"lineNumber":30,"column":-1,"message":"The method getWidget() of type gwt_class_43.GroupLbl must override or implement a supertype method","problemId":67109498,"problemSeverity":"ERROR"}],"originalContent":"package gwt;\n//ID = 3138621\n\npublic class gwt_class_43 {\n\tpublic class GroupLbl extends Composite implements ClickHandler, MouseOutHandler {\n\t\tprivate Label lbl;\n//\t\tprivate GroupLblHandler lblHandler = null;\n\t\tprivate HorizontalPanel hp;\n\n\t\tpublic void onClick(ClickEvent event) {\n\t\t\thp.setStyleName(\"background-GroupLbl\");\n\n\t\t\tObject folder = null;\n\t\t\tif (event.getSource().equals(folder) || event.getSource().equals(lbl)) {\n\n//\t\t\t\tlblHandler.onGroupLabelSelect(this);\n\t\t\t}\n\t\t}\n\n\t\t@Override\n\t\tpublic Widget getWidget() {\n\t\t\treturn hp;\n\t\t}\n\n\n\n\t\tpublic void onMouseOut(MouseOutEvent event) {\n\t\t\thp.removeStyleName(\"background-GroupLbl\");\n\t\t}\n\t}\n}","updatedContent":"package gwt;\n//ID = 3138621\n\nimport com.extjs.gxt.ui.client.widget.Composite;\nimport com.extjs.gxt.ui.client.widget.HorizontalPanel;\nimport com.google.gwt.user.client.ui.Widget;\nimport com.extjs.gxt.charts.client.model.axis.Label;\nimport com.google.gwt.event.dom.client.ClickEvent;\nimport com.google.gwt.event.dom.client.MouseOutHandler;\nimport com.google.gwt.event.dom.client.MouseOutEvent;\nimport com.google.gwt.event.dom.client.ClickHandler;\n\npublic class gwt_class_43 {\n\tpublic class GroupLbl extends Composite implements ClickHandler, MouseOutHandler {\n\t\tprivate Label lbl;\n\t\t//\t\tprivate GroupLblHandler lblHandler = null;\n\t\tprivate HorizontalPanel hp;\n\n\t\tpublic void onClick(ClickEvent event) {\n\t\t\thp.setStyleName(\"background-GroupLbl\");\n\n\t\t\tObject folder = null;\n\t\t\tif (event.getSource().equals(folder) || event.getSource().equals(lbl)) {\n\n\t\t\t\t//\t\t\t\tlblHandler.onGroupLabelSelect(this);\n\t\t\t}\n\t\t}\n\n\t\t@Override\n\t\tpublic Widget getWidget() {\n\t\t\treturn hp;\n\t\t}\n\n\t\tpublic void onMouseOut(MouseOutEvent event) {\n\t\t\thp.removeStyleName(\"background-GroupLbl\");\n\t\t}\n\t}\n}","usedLibraries":["jar:gwt-user.jar:1","jar:gxt-2.2.1.jar:1","jar:gwt-servlet-1.4.62.jar:1"]}