{
  "java_file": "/home/theguy/Documents/research/snr-server/src/test/resources/snippets/so/gwt_class_42.java",
  "output_file": "StatType-Completion-output-json/gwt_class_42.java.json",
  "exit_code": 0,
  "stdout": "/home/theguy/Documents/research/snr-server/benchmark/snippet_log/gwt_class_42.java.stdout.c1662036c71a4f258ee1f0d2ea63851b.txt",
  "stderr": "/home/theguy/Documents/research/snr-server/benchmark/snippet_log/gwt_class_42.java.stderr.c1662036c71a4f258ee1f0d2ea63851b.txt",
  "run_time": 15793675847,
  "total_imports": [
    "com.google.gwt.core.client.EntryPoint",
    "com.google.gwt.http.client.Request",
    "com.google.gwt.http.client.RequestBuilder",
    "com.google.gwt.http.client.RequestCallback",
    "com.google.gwt.http.client.RequestException",
    "com.google.gwt.http.client.Response",
    "com.google.gwt.http.client.URL",
    "com.google.gwt.user.client.Window"
  ],
  "correct_imports": [
    "com.google.gwt.http.client.RequestBuilder",
    "com.google.gwt.http.client.URL",
    "com.google.gwt.user.client.Window",
    "com.google.gwt.http.client.Response",
    "com.google.gwt.core.client.EntryPoint",
    "com.google.gwt.http.client.RequestCallback"
  ]
}