{"status":0,"problems":[],"originalContent":"package gwt;\n//ID = 1624218\n\npublic class gwt_class_9 {\n\tVerticalPanel v1 = new VerticalPanel();\n\t Command comm = new Command() {\n\t  @Override\n\t  public void execute() {\n\t                       // How i know that which menu item is cliked\n\t  }\n\t };\n\n\t MenuBar menu = new MenuBar();\n\t MenuBar fileBar = new MenuBar(true);\n\t MenuBar editBar = new MenuBar(true);\n}","updatedContent":"package gwt;\n//ID = 1624218\n\nimport com.google.gwt.user.client.Command;\nimport com.google.gwt.user.client.ui.MenuBar;\nimport com.extjs.gxt.ui.client.widget.VerticalPanel;\n\npublic class gwt_class_9 {\n\tVerticalPanel v1 = new VerticalPanel();\n\tCommand comm = new Command() {\n\t\t@Override\n\t\tpublic void execute() {\n\t\t\t// How i know that which menu item is cliked\n\t\t}\n\t};\n\n\tMenuBar menu = new MenuBar();\n\tMenuBar fileBar = new MenuBar(true);\n\tMenuBar editBar = new MenuBar(true);\n}","usedLibraries":["jar:gxt-2.2.1.jar:1","jar:gwt-servlet-1.4.62.jar:1"]}