{
  "java_file": "/home/theguy/Documents/research/snr-server/src/test/resources/snippets/so/gwt_class_34.java",
  "output_file": "StatType-Completion-output-json/gwt_class_34.java.json",
  "exit_code": 0,
  "stdout": "/home/theguy/Documents/research/snr-server/benchmark/snippet_log/gwt_class_34.java.stdout.373f3cb2ca114178a9ed8be402124ae6.txt",
  "stderr": "/home/theguy/Documents/research/snr-server/benchmark/snippet_log/gwt_class_34.java.stderr.373f3cb2ca114178a9ed8be402124ae6.txt",
  "run_time": 18345763317,
  "total_imports": [
    "com.google.gwt.event.dom.client.ClickEvent",
    "com.google.gwt.event.dom.client.ClickHandler",
    "com.google.gwt.event.shared.HandlerRegistration",
    "com.google.gwt.user.client.DOM",
    "com.google.gwt.user.client.ui.Button",
    "com.google.gwt.user.client.ui.FormPanel",
    "com.google.gwt.user.client.ui.FormPanel.SubmitEvent",
    "com.google.gwt.user.client.ui.FormPanel.SubmitHandler"
  ],
  "correct_imports": [
    "com.google.gwt.user.client.ui.Button",
    "com.google.gwt.user.client.ui.FormPanel",
    "com.google.gwt.event.dom.client.ClickEvent",
    "com.google.gwt.user.client.ui.FormPanel.SubmitHandler",
    "com.google.gwt.user.client.ui.FormPanel.SubmitEvent",
    "com.google.gwt.user.client.DOM",
    "com.google.gwt.event.dom.client.ClickHandler",
    "com.google.gwt.event.shared.HandlerRegistration"
  ]
}