{"status":2,"problems":[{"fileName":"gwt_class_46.java","startLocation":393,"endLocation":396,"lineNumber":15,"column":27,"message":"HTML cannot be resolved to a type","problemId":16777218,"problemSeverity":"ERROR"},{"fileName":"gwt_class_46.java","startLocation":420,"endLocation":423,"lineNumber":15,"column":4,"message":"HTML cannot be resolved to a type","problemId":16777218,"problemSeverity":"ERROR"},{"fileName":"gwt_class_46.java","startLocation":641,"endLocation":649,"lineNumber":21,"column":-1,"message":"RootPanel cannot be resolved","problemId":570425394,"problemSeverity":"ERROR"}],"originalContent":"package gwt;\n//ID = 3358063\n\npublic class gwt_class_46 {\n\tpublic static void main(String arg[]){\n\t\tVerticalPanel eventDetailWindow = new VerticalPanel();\n\n\t\t   final DialogBox dialogBox2 = new DialogBox();\n\t\t   dialogBox2.setText(\"Event Detail\");\n\t\t   dialogBox2.setAnimationEnabled(true);\n\n\t\t   final HTML serverResponse3 = new HTML(\"<b> ok, this is working</b>\");\n\t\t   serverResponse3.addStyleName(\"detailView\");\n\n\t\t   eventDetailWindow.add(serverResponse3);\n\t\t   eventDetailWindow.addStyleName(\"detailWindow\");\n\t\t   dialogBox2.setWidget(eventDetailWindow);\n\t\t   RootPanel.get(\"detailWindow\").add(eventDetailWindow);\n\t}\n\n}","updatedContent":"package gwt;\n//ID = 3358063\n\nimport com.google.gwt.user.client.ui.DialogBox;\nimport com.extjs.gxt.ui.client.widget.VerticalPanel;\n\npublic class gwt_class_46 {\n\tpublic static void main(String arg[]) {\n\t\tVerticalPanel eventDetailWindow = new VerticalPanel();\n\n\t\tfinal DialogBox dialogBox2 = new DialogBox();\n\t\tdialogBox2.setText(\"Event Detail\");\n\t\tdialogBox2.setAnimationEnabled(true);\n\n\t\tfinal HTML serverResponse3 = new HTML(\"<b> ok, this is working</b>\");\n\t\tserverResponse3.addStyleName(\"detailView\");\n\n\t\teventDetailWindow.add(serverResponse3);\n\t\teventDetailWindow.addStyleName(\"detailWindow\");\n\t\tdialogBox2.setWidget(eventDetailWindow);\n\t\tRootPanel.get(\"detailWindow\").add(eventDetailWindow);\n\t}\n\n}","usedLibraries":["jar:gwt-user.jar:1","jar:gxt-2.2.1.jar:1"]}