{"status":2,"problems":[{"fileName":"gwt_class_12.java","startLocation":429,"endLocation":437,"lineNumber":15,"column":6,"message":"RootPanel cannot be resolved","problemId":570425394,"problemSeverity":"ERROR"}],"originalContent":"package gwt;\n//ID = 1690154\n\npublic class gwt_class_12 implements EntryPoint {\n   public void onModuleLoad() {\n\n           AbsolutePanel ap = new AbsolutePanel();\n           ap.setSize(\"600px\", \"600px\");\n           RootPanel.get().add(ap, 10, 10);\n\n//           Diagram diagram = new Diagram(ap);\n           Label l = new Label(\"Example\");\n           ap.add(l);\n\n//           Connector c = new Connector(50, 80, 100, 100);\n//           c.showOnDiagram(diagram);\n\n           Label l1 = new Label(\"Label for VP\");\n           TextBox t1 = new TextBox();\n           t1.setText(\"Hello\");\n           VerticalPanel vp = new VerticalPanel();\n           vp.add(t1);\n           vp.add(l1);\n           ap.add(vp);\n\n//           Shape shaperforVP = new Shape(vp);\n//           shaperforVP.showOnDiagram(diagram);\n\n   }\n}","updatedContent":"package gwt;\n//ID = 1690154\n\nimport com.extjs.gxt.ui.client.widget.Label;\nimport com.google.gwt.user.client.ui.TextBox;\nimport com.google.gwt.core.client.EntryPoint;\nimport com.google.gwt.user.client.ui.AbsolutePanel;\nimport com.extjs.gxt.ui.client.widget.VerticalPanel;\n\npublic class gwt_class_12 implements EntryPoint {\n\tpublic void onModuleLoad() {\n\n\t\tAbsolutePanel ap = new AbsolutePanel();\n\t\tap.setSize(\"600px\", \"600px\");\n\t\tRootPanel.get().add(ap, 10, 10);\n\n\t\t//           Diagram diagram = new Diagram(ap);\n\t\tLabel l = new Label(\"Example\");\n\t\tap.add(l);\n\n\t\t//           Connector c = new Connector(50, 80, 100, 100);\n\t\t//           c.showOnDiagram(diagram);\n\n\t\tLabel l1 = new Label(\"Label for VP\");\n\t\tTextBox t1 = new TextBox();\n\t\tt1.setText(\"Hello\");\n\t\tVerticalPanel vp = new VerticalPanel();\n\t\tvp.add(t1);\n\t\tvp.add(l1);\n\t\tap.add(vp);\n\n\t\t//           Shape shaperforVP = new Shape(vp);\n\t\t//           shaperforVP.showOnDiagram(diagram);\n\n\t}\n}","usedLibraries":["jar:gxt-2.2.1.jar:1","jar:gwt-servlet-1.4.62.jar:1"]}