{"status":2,"problems":[{"fileName":"gwt_class_17.java","startLocation":333,"endLocation":373,"lineNumber":10,"column":20,"message":"The type ImageBundle is deprecated","problemId":16777221,"problemSeverity":"WARNING"},{"fileName":"gwt_class_17.java","startLocation":543,"endLocation":551,"lineNumber":17,"column":53,"message":"The value of the field gwt_class_17.firstName is not used","problemId":570425421,"problemSeverity":"WARNING"},{"fileName":"gwt_class_17.java","startLocation":577,"endLocation":584,"lineNumber":18,"column":11,"message":"The value of the field gwt_class_17.lastName is not used","problemId":570425421,"problemSeverity":"WARNING"},{"fileName":"gwt_class_17.java","startLocation":610,"endLocation":621,"lineNumber":19,"column":16,"message":"The value of the field gwt_class_17.picSquareUrl is not used","problemId":570425421,"problemSeverity":"WARNING"},{"fileName":"gwt_class_17.java","startLocation":1678,"endLocation":1680,"lineNumber":60,"column":11,"message":"The value of the local variable aip is not used","problemId":536870973,"problemSeverity":"WARNING"},{"fileName":"gwt_class_17.java","startLocation":2010,"endLocation":2020,"lineNumber":75,"column":45,"message":"The type ImageBundle is deprecated","problemId":16777221,"problemSeverity":"WARNING"}],"originalContent":"package gwt;\n//ID = 1881173\n\npublic class gwt_class_17 extends Composite {\n\n    // Data  \n    private String firstName = null;  \n    private String lastName = null;  \n    private String picSquareUrl = null;  \n\n    // Elements  \n    private Image picSquare = new Image();  \n    private Image logo = new Image();  \n    private Button logoutButton = new Button(\"Logout\");  \n    private DockPanel panel = new DockPanel();  \n    private HTML html = new HTML(\"Welcome to Sandpit.\");  \n\n    /**  \n     * Create a remote service proxy to talk to the server-side User Data  \n     * service.  \n     */  \n//    private final UserDataServiceAsync userDataService = GWT.create(UserDataService.class);  \n\n    public gwt_class_17() {  \n\n//        this.rpcWidget = new RPCWidget(this);  \n\n        this.initProfileImage();  \n        this.initLogoImage();  \n\n        panel.add(picSquare, DockPanel.WEST);  \n        panel.add(html, DockPanel.CENTER);  \n\n        VerticalPanel verticalPanel = new VerticalPanel();  \n        verticalPanel.add(logo);  \n        verticalPanel.add(logoutButton);  \n\n        panel.add(verticalPanel, DockPanel.EAST);  \n\n//        panel.add(rpcWidget, DockPanel.SOUTH);  \n\n        initWidget(panel);  \n\n    }  \n\n    private void initProfileImage() {  \n\n        // Display ajaxLoader.gif  \n        SandpitImageBundle sib = GWT.create(SandpitImageBundle.class);  \n        AbstractImagePrototype aip = sib.ajaxLoader();  \n        sib.applyTo(this.picSquare);  \n\n    }  \n\n    private void initLogoImage() {  \n\n        // Display logo.jpg  \n        SandpitImageBundle sib = GWT.create(SandpitImageBundle.class);  \n        AbstractImagePrototype aip = sib.logo();  \n        aip.applyTo(this.logo);  \n\n    }  \n\n    // Other methods omitted...  \n    public interface SandpitImageBundle extends ImageBundle {  \n\n        /**  \n         * Would match the file 'logo.jpg', 'logo.gif', or 'logo.png' located in the  \n         * same package as this type.  \n         */  \n        public AbstractImagePrototype logo();  \n\n        public void applyTo(Image picSquare);\n\n\t\t/**  \n         * Would match the file 'ajaxLoader.jpg', 'ajaxLoader.gif', or 'ajaxLoader.png' located in the\n         * same package as this type.  \n         */  \n        public AbstractImagePrototype ajaxLoader();  \n\n    }\n\n}","updatedContent":"package gwt;\n//ID = 1881173\n\nimport com.extjs.gxt.ui.client.widget.button.Button;\nimport com.google.gwt.user.client.ui.Image;\nimport com.google.gwt.user.client.ui.DockPanel;\nimport com.google.gwt.user.client.ui.Composite;\nimport com.google.gwt.user.client.ui.HTML;\nimport com.google.gwt.user.client.ui.AbstractImagePrototype;\nimport com.google.gwt.user.client.ui.ImageBundle;\nimport com.extjs.gxt.ui.client.widget.VerticalPanel;\nimport com.google.gwt.core.client.GWT;\n\npublic class gwt_class_17 extends Composite {\n\n\t// Data  \n\tprivate String firstName = null;\n\tprivate String lastName = null;\n\tprivate String picSquareUrl = null;\n\n\t// Elements  \n\tprivate Image picSquare = new Image();\n\tprivate Image logo = new Image();\n\tprivate Button logoutButton = new Button(\"Logout\");\n\tprivate DockPanel panel = new DockPanel();\n\tprivate HTML html = new HTML(\"Welcome to Sandpit.\");\n\n\t/**  \n\t * Create a remote service proxy to talk to the server-side User Data  \n\t * service.  \n\t */\n\t//    private final UserDataServiceAsync userDataService = GWT.create(UserDataService.class);  \n\n\tpublic gwt_class_17() {\n\n\t\t//        this.rpcWidget = new RPCWidget(this);  \n\n\t\tthis.initProfileImage();\n\t\tthis.initLogoImage();\n\n\t\tpanel.add(picSquare, DockPanel.WEST);\n\t\tpanel.add(html, DockPanel.CENTER);\n\n\t\tVerticalPanel verticalPanel = new VerticalPanel();\n\t\tverticalPanel.add(logo);\n\t\tverticalPanel.add(logoutButton);\n\n\t\tpanel.add(verticalPanel, DockPanel.EAST);\n\n\t\t//        panel.add(rpcWidget, DockPanel.SOUTH);  \n\n\t\tinitWidget(panel);\n\n\t}\n\n\tprivate void initProfileImage() {\n\n\t\t// Display ajaxLoader.gif  \n\t\tSandpitImageBundle sib = GWT.create(SandpitImageBundle.class);\n\t\tAbstractImagePrototype aip = sib.ajaxLoader();\n\t\tsib.applyTo(this.picSquare);\n\n\t}\n\n\tprivate void initLogoImage() {\n\n\t\t// Display logo.jpg  \n\t\tSandpitImageBundle sib = GWT.create(SandpitImageBundle.class);\n\t\tAbstractImagePrototype aip = sib.logo();\n\t\taip.applyTo(this.logo);\n\n\t}\n\n\t// Other methods omitted...  \n\tpublic interface SandpitImageBundle extends ImageBundle {\n\n\t\t/**  \n\t\t * Would match the file 'logo.jpg', 'logo.gif', or 'logo.png' located in the  \n\t\t * same package as this type.  \n\t\t */\n\t\tpublic AbstractImagePrototype logo();\n\n\t\tpublic void applyTo(Image picSquare);\n\n\t\t/**  \n\t\t * Would match the file 'ajaxLoader.jpg', 'ajaxLoader.gif', or 'ajaxLoader.png' located in the\n\t\t * same package as this type.  \n\t\t */\n\t\tpublic AbstractImagePrototype ajaxLoader();\n\n\t}\n\n}","usedLibraries":["jar:gwt-user.jar:1","jar:gxt-2.2.1.jar:1","jar:gwt-servlet-1.4.62.jar:1"]}