{
  "java_file": "/home/theguy/Documents/research/snr-server/src/test/resources/snippets/so/gwt_class_33.java",
  "output_file": "StatType-Completion-output-json/gwt_class_33.java.json",
  "exit_code": 0,
  "stdout": "/home/theguy/Documents/research/snr-server/benchmark/snippet_log/gwt_class_33.java.stdout.33947e9042e6490f96e166fab492cb1d.txt",
  "stderr": "/home/theguy/Documents/research/snr-server/benchmark/snippet_log/gwt_class_33.java.stderr.33947e9042e6490f96e166fab492cb1d.txt",
  "run_time": 82374498918,
  "total_imports": [
    "java.util.ArrayList",
    "java.util.Iterator",
    "java.util.List",
    "com.google.gwt.core.client.EntryPoint",
    "com.google.gwt.user.client.ui.Button",
    "com.google.gwt.user.client.ui.CheckBox",
    "com.google.gwt.user.client.ui.ClickListener",
    "com.google.gwt.user.client.ui.DockPanel",
    "com.google.gwt.user.client.ui.Grid",
    "com.google.gwt.user.client.ui.HTML",
    "com.google.gwt.user.client.ui.HorizontalPanel",
    "com.google.gwt.user.client.ui.RadioButton",
    "com.google.gwt.user.client.ui.RootPanel",
    "com.google.gwt.user.client.ui.VerticalPanel",
    "com.google.gwt.user.client.ui.Widget"
  ],
  "correct_imports": [
    "com.google.gwt.user.client.ui.Button",
    "java.util.Iterator",
    "com.google.gwt.core.client.EntryPoint",
    "java.util.List",
    "com.google.gwt.user.client.ui.Grid",
    "com.google.gwt.user.client.ui.ClickListener",
    "com.google.gwt.user.client.ui.Widget",
    "com.google.gwt.user.client.ui.RadioButton",
    "com.google.gwt.user.client.ui.CheckBox",
    "com.google.gwt.user.client.ui.DockPanel"
  ]
}