{"status":2,"problems":[{"fileName":"gwt_class_10.java","startLocation":914,"endLocation":936,"lineNumber":30,"column":-1,"message":"The method onClick1(Widget) from the type new ClickListener(){} is never used locally","problemId":603979894,"problemSeverity":"WARNING"}],"originalContent":"package gwt;\n//ID = 1629323\n\n//import com.google.gwt.user.client.ui.FormPanel;\n//import com.google.gwt.user.client.ui.VerticalPanel;\n\npublic class gwt_class_10 {\n\tpublic void main(){\n\t\tfinal FormPanel form =new FormPanel();\n\t    VerticalPanel holder = new VerticalPanel();\n\t    holder.add(new Label(\"User ID\"));\n\t    TextBox nameTextBox = new TextBox();\n\t    nameTextBox.setName(\"userid\");\n\t    holder.add(nameTextBox);\n\n\t     Button submitButton = new Button(\"Submit\");\n\t     holder.add(submitButton);\n\t    form.add(holder);\n\n\t    submitButton.addClickListener(new ClickListener() {\n\n\t    public void onClick1(Widget sender) {\n\t            form.submit();\n\t    }\n\n\t\t@Override\n\t\tpublic void onClick(Widget sender) {\n\t\t\t// TODO Auto-generated method stub\n\t\t\t\n\t\t}\n\t});\n\t}\n}","updatedContent":"package gwt;\n//ID = 1629323\n\nimport com.extjs.gxt.ui.client.widget.form.FormPanel;\nimport com.google.gwt.user.client.ui.Button;\nimport com.google.gwt.user.client.ui.ClickListener;\nimport com.google.gwt.user.client.ui.Widget;\nimport com.extjs.gxt.ui.client.widget.Label;\nimport com.google.gwt.user.client.ui.TextBox;\nimport com.extjs.gxt.ui.client.widget.VerticalPanel;\n\n//import com.google.gwt.user.client.ui.FormPanel;\n//import com.google.gwt.user.client.ui.VerticalPanel;\n\npublic class gwt_class_10 {\n\tpublic void main() {\n\t\tfinal FormPanel form = new FormPanel();\n\t\tVerticalPanel holder = new VerticalPanel();\n\t\tholder.add(new Label(\"User ID\"));\n\t\tTextBox nameTextBox = new TextBox();\n\t\tnameTextBox.setName(\"userid\");\n\t\tholder.add(nameTextBox);\n\n\t\tButton submitButton = new Button(\"Submit\");\n\t\tholder.add(submitButton);\n\t\tform.add(holder);\n\n\t\tsubmitButton.addClickListener(new ClickListener() {\n\n\t\t\tpublic void onClick1(Widget sender) {\n\t\t\t\tform.submit();\n\t\t\t}\n\n\t\t\t@Override\n\t\t\tpublic void onClick(Widget sender) {\n\t\t\t\t// TODO Auto-generated method stub\n\n\t\t\t}\n\t\t});\n\t}\n}","usedLibraries":["jar:gxt-2.2.1.jar:1","jar:gwt-servlet-1.4.62.jar:1"]}