{
  "java_file": "/home/theguy/Documents/research/snr-server/src/test/resources/snippets/so/gwt_class_7.java",
  "output_file": "StatType-Completion-output-json/gwt_class_7.java.json",
  "exit_code": 0,
  "stdout": "/home/theguy/Documents/research/snr-server/benchmark/snippet_log/gwt_class_7.java.stdout.a1ce1677d3784765837f9d5c423f86bf.txt",
  "stderr": "/home/theguy/Documents/research/snr-server/benchmark/snippet_log/gwt_class_7.java.stderr.a1ce1677d3784765837f9d5c423f86bf.txt",
  "run_time": 20422426001,
  "total_imports": [
    "com.extjs.gxt.ui.client.widget.table.Table",
    "com.google.gwt.core.client.EntryPoint",
    "com.google.gwt.user.client.Timer",
    "com.google.gwt.user.client.ui.Panel",
    "com.google.gwt.user.client.ui.RootPanel",
    "com.google.gwt.user.client.ui.VerticalPanel"
  ],
  "correct_imports": [
    "com.google.gwt.user.client.ui.VerticalPanel",
    "com.google.gwt.user.client.ui.Panel",
    "com.google.gwt.user.client.Timer",
    "com.google.gwt.core.client.EntryPoint",
    "com.extjs.gxt.ui.client.widget.table.Table",
    "com.google.gwt.user.client.ui.RootPanel"
  ]
}