{"status":2,"problems":[{"fileName":"gwt_class_25.java","startLocation":443,"endLocation":448,"lineNumber":14,"column":13,"message":"Button cannot be resolved to a type","problemId":16777218,"problemSeverity":"ERROR"},{"fileName":"gwt_class_25.java","startLocation":467,"endLocation":472,"lineNumber":14,"column":37,"message":"Button cannot be resolved to a type","problemId":16777218,"problemSeverity":"ERROR"},{"fileName":"gwt_class_25.java","startLocation":491,"endLocation":497,"lineNumber":15,"column":61,"message":"TextBox cannot be resolved to a type","problemId":16777218,"problemSeverity":"ERROR"},{"fileName":"gwt_class_25.java","startLocation":515,"endLocation":521,"lineNumber":15,"column":23,"message":"TextBox cannot be resolved to a type","problemId":16777218,"problemSeverity":"ERROR"},{"fileName":"gwt_class_25.java","startLocation":567,"endLocation":571,"lineNumber":17,"column":15,"message":"Label cannot be resolved to a type","problemId":16777218,"problemSeverity":"ERROR"},{"fileName":"gwt_class_25.java","startLocation":590,"endLocation":594,"lineNumber":17,"column":38,"message":"Label cannot be resolved to a type","problemId":16777218,"problemSeverity":"ERROR"},{"fileName":"gwt_class_25.java","startLocation":794,"endLocation":802,"lineNumber":24,"column":18,"message":"RootPanel cannot be resolved","problemId":570425394,"problemSeverity":"ERROR"},{"fileName":"gwt_class_25.java","startLocation":848,"endLocation":856,"lineNumber":25,"column":1,"message":"RootPanel cannot be resolved","problemId":570425394,"problemSeverity":"ERROR"},{"fileName":"gwt_class_25.java","startLocation":904,"endLocation":912,"lineNumber":26,"column":4,"message":"RootPanel cannot be resolved","problemId":570425394,"problemSeverity":"ERROR"},{"fileName":"gwt_class_25.java","startLocation":1245,"endLocation":1250,"lineNumber":36,"column":18,"message":"Button cannot be resolved to a type","problemId":16777218,"problemSeverity":"ERROR"},{"fileName":"gwt_class_25.java","startLocation":1270,"endLocation":1275,"lineNumber":36,"column":43,"message":"Button cannot be resolved to a type","problemId":16777218,"problemSeverity":"ERROR"},{"fileName":"gwt_class_25.java","startLocation":1404,"endLocation":1408,"lineNumber":39,"column":15,"message":"Label cannot be resolved to a type","problemId":16777218,"problemSeverity":"ERROR"},{"fileName":"gwt_class_25.java","startLocation":1434,"endLocation":1438,"lineNumber":39,"column":45,"message":"Label cannot be resolved to a type","problemId":16777218,"problemSeverity":"ERROR"},{"fileName":"gwt_class_25.java","startLocation":2008,"endLocation":2019,"lineNumber":52,"column":41,"message":"ClickHandler cannot be resolved to a type","problemId":16777218,"problemSeverity":"ERROR"},{"fileName":"gwt_class_25.java","startLocation":2250,"endLocation":2261,"lineNumber":61,"column":27,"message":"ClickHandler cannot be resolved to a type","problemId":16777218,"problemSeverity":"ERROR"}],"originalContent":"package gwt;\n//ID = 2302014\n\npublic class gwt_class_25 {\n\tpublic void onModuleLoad() {\n        final Button sendButton = new Button(\"Send\");\n        final TextBox nameField = new TextBox();\n        nameField.setText(\"GWT User\");\n        final Label errorLabel = new Label();\n\n        // We can add style names to widgets\n        sendButton.addStyleName(\"sendButton\");\n\n        // Add the nameField and sendButton to the RootPanel\n        // Use RootPanel.get() to get the entire body element\n        RootPanel.get(\"nameFieldContainer\").add(nameField);\n        RootPanel.get(\"sendButtonContainer\").add(sendButton);\n        RootPanel.get(\"errorLabelContainer\").add(errorLabel);\n\n        // Focus the cursor on the name field when the app loads\n        nameField.setFocus(true);\n        nameField.selectAll();\n\n        // Create the popup dialog box\n        final DialogBox dialogBox = new DialogBox();\n        dialogBox.setText(\"Remote Procedure Call\");\n        dialogBox.setAnimationEnabled(true);\n        final Button closeButton = new Button(\"Close\");\n        // We can set the id of a widget by accessing its Element\n        closeButton.getElement().setId(\"closeButton\");\n        final Label textToServerLabel = new Label();\n        final HTML serverResponseLabel = new HTML();\n        VerticalPanel dialogVPanel = new VerticalPanel();\n        dialogVPanel.addStyleName(\"dialogVPanel\");\n        dialogVPanel.add(new HTML(\"<b>Sending name to the server:</b>\"));\n        dialogVPanel.add(textToServerLabel);\n        dialogVPanel.add(new HTML(\"<br><b>Server replies:</b>\"));\n        dialogVPanel.add(serverResponseLabel);\n        dialogVPanel.setHorizontalAlignment(VerticalPanel.ALIGN_RIGHT);\n        dialogVPanel.add(closeButton);\n        dialogBox.setWidget(dialogVPanel);\n\n        // Add a handler to close the DialogBox\n        closeButton.addClickHandler(new ClickHandler() {\n            public void onClick(ClickEvent event) {\n                dialogBox.hide();\n                sendButton.setEnabled(true);\n                sendButton.setFocus(true);\n            }\n        });\n\n        // Create a handler for the sendButton and nameField\n        class MyHandler implements ClickHandler, KeyUpHandler {\n            /**\n             * Fired when the user clicks on the sendButton.\n             */\n            public void onClick(ClickEvent event) {\n                sendNameToServer();\n            }\n\n            /**\n             * Fired when the user types in the nameField.\n             */\n            public void onKeyUp(KeyUpEvent event) {\n                if (event.getNativeKeyCode() == KeyCodes.KEY_ENTER) {\n                    sendNameToServer();\n                }\n            }\n\n            /**\n             * Send the name from the nameField to the server and wait for a response.\n             */\n            private void sendNameToServer() {\n                // First, we validate the input.\n                errorLabel.setText(\"\");\n                String textToServer = nameField.getText();\n//                if (!FieldVerifier.isValidName(textToServer)) {\n//                    errorLabel.setText(\"Please enter at least four characters\");\n//                    return;\n//                }\n\n                // Then, we send the input to the server.\n                sendButton.setEnabled(false);\n                textToServerLabel.setText(textToServer);\n                serverResponseLabel.setText(\"\");\n//                greetingService.greetServer(textToServer,\n//                        new AsyncCallback<String>() {\n//                            public void onFailure(Throwable caught) {\n//                                // Show the RPC error message to the user\n//                                dialogBox\n//                                        .setText(\"Remote Procedure Call - Failure\");\n//                                serverResponseLabel\n//                                        .addStyleName(\"serverResponseLabelError\");\n//                                serverResponseLabel.setHTML(SERVER_ERROR);\n//                                dialogBox.center();\n//                                closeButton.setFocus(true);\n//                            }\n//\n//                            public void onSuccess(String result) {\n//                                dialogBox.setText(\"Remote Procedure Call\");\n//                                serverResponseLabel\n//                                        .removeStyleName(\"serverResponseLabelError\");\n//                                serverResponseLabel.setHTML(result);\n//                                dialogBox.center();\n//                                closeButton.setFocus(true);\n//                            }\n//                        });\n            }\n        }\n\n        // Add a handler to send the name to the server\n        MyHandler handler = new MyHandler();\n        sendButton.addClickHandler(handler);\n        nameField.addKeyUpHandler(handler);\n    }\n}","updatedContent":"package gwt;\n//ID = 2302014\n\nimport com.google.gwt.user.client.ui.DialogBox;\nimport com.google.gwt.user.client.ui.VerticalPanel;\nimport com.google.gwt.event.dom.client.KeyUpEvent;\nimport com.google.gwt.event.dom.client.ClickEvent;\nimport com.google.gwt.event.dom.client.KeyUpHandler;\nimport com.google.gwt.event.dom.client.KeyCodes;\nimport com.google.gwt.user.client.ui.HTML;\n\npublic class gwt_class_25 {\n\tpublic void onModuleLoad() {\n\t\tfinal Button sendButton = new Button(\"Send\");\n\t\tfinal TextBox nameField = new TextBox();\n\t\tnameField.setText(\"GWT User\");\n\t\tfinal Label errorLabel = new Label();\n\n\t\t// We can add style names to widgets\n\t\tsendButton.addStyleName(\"sendButton\");\n\n\t\t// Add the nameField and sendButton to the RootPanel\n\t\t// Use RootPanel.get() to get the entire body element\n\t\tRootPanel.get(\"nameFieldContainer\").add(nameField);\n\t\tRootPanel.get(\"sendButtonContainer\").add(sendButton);\n\t\tRootPanel.get(\"errorLabelContainer\").add(errorLabel);\n\n\t\t// Focus the cursor on the name field when the app loads\n\t\tnameField.setFocus(true);\n\t\tnameField.selectAll();\n\n\t\t// Create the popup dialog box\n\t\tfinal DialogBox dialogBox = new DialogBox();\n\t\tdialogBox.setText(\"Remote Procedure Call\");\n\t\tdialogBox.setAnimationEnabled(true);\n\t\tfinal Button closeButton = new Button(\"Close\");\n\t\t// We can set the id of a widget by accessing its Element\n\t\tcloseButton.getElement().setId(\"closeButton\");\n\t\tfinal Label textToServerLabel = new Label();\n\t\tfinal HTML serverResponseLabel = new HTML();\n\t\tVerticalPanel dialogVPanel = new VerticalPanel();\n\t\tdialogVPanel.addStyleName(\"dialogVPanel\");\n\t\tdialogVPanel.add(new HTML(\"<b>Sending name to the server:</b>\"));\n\t\tdialogVPanel.add(textToServerLabel);\n\t\tdialogVPanel.add(new HTML(\"<br><b>Server replies:</b>\"));\n\t\tdialogVPanel.add(serverResponseLabel);\n\t\tdialogVPanel.setHorizontalAlignment(VerticalPanel.ALIGN_RIGHT);\n\t\tdialogVPanel.add(closeButton);\n\t\tdialogBox.setWidget(dialogVPanel);\n\n\t\t// Add a handler to close the DialogBox\n\t\tcloseButton.addClickHandler(new ClickHandler() {\n\t\t\tpublic void onClick(ClickEvent event) {\n\t\t\t\tdialogBox.hide();\n\t\t\t\tsendButton.setEnabled(true);\n\t\t\t\tsendButton.setFocus(true);\n\t\t\t}\n\t\t});\n\n\t\t// Create a handler for the sendButton and nameField\n\t\tclass MyHandler implements ClickHandler, KeyUpHandler {\n\t\t\t/**\n\t\t\t * Fired when the user clicks on the sendButton.\n\t\t\t */\n\t\t\tpublic void onClick(ClickEvent event) {\n\t\t\t\tsendNameToServer();\n\t\t\t}\n\n\t\t\t/**\n\t\t\t * Fired when the user types in the nameField.\n\t\t\t */\n\t\t\tpublic void onKeyUp(KeyUpEvent event) {\n\t\t\t\tif (event.getNativeKeyCode() == KeyCodes.KEY_ENTER) {\n\t\t\t\t\tsendNameToServer();\n\t\t\t\t}\n\t\t\t}\n\n\t\t\t/**\n\t\t\t * Send the name from the nameField to the server and wait for a response.\n\t\t\t */\n\t\t\tprivate void sendNameToServer() {\n\t\t\t\t// First, we validate the input.\n\t\t\t\terrorLabel.setText(\"\");\n\t\t\t\tString textToServer = nameField.getText();\n\t\t\t\t//                if (!FieldVerifier.isValidName(textToServer)) {\n\t\t\t\t//                    errorLabel.setText(\"Please enter at least four characters\");\n\t\t\t\t//                    return;\n\t\t\t\t//                }\n\n\t\t\t\t// Then, we send the input to the server.\n\t\t\t\tsendButton.setEnabled(false);\n\t\t\t\ttextToServerLabel.setText(textToServer);\n\t\t\t\tserverResponseLabel.setText(\"\");\n\t\t\t\t//                greetingService.greetServer(textToServer,\n\t\t\t\t//                        new AsyncCallback<String>() {\n\t\t\t\t//                            public void onFailure(Throwable caught) {\n\t\t\t\t//                                // Show the RPC error message to the user\n\t\t\t\t//                                dialogBox\n\t\t\t\t//                                        .setText(\"Remote Procedure Call - Failure\");\n\t\t\t\t//                                serverResponseLabel\n\t\t\t\t//                                        .addStyleName(\"serverResponseLabelError\");\n\t\t\t\t//                                serverResponseLabel.setHTML(SERVER_ERROR);\n\t\t\t\t//                                dialogBox.center();\n\t\t\t\t//                                closeButton.setFocus(true);\n\t\t\t\t//                            }\n\t\t\t\t//\n\t\t\t\t//                            public void onSuccess(String result) {\n\t\t\t\t//                                dialogBox.setText(\"Remote Procedure Call\");\n\t\t\t\t//                                serverResponseLabel\n\t\t\t\t//                                        .removeStyleName(\"serverResponseLabelError\");\n\t\t\t\t//                                serverResponseLabel.setHTML(result);\n\t\t\t\t//                                dialogBox.center();\n\t\t\t\t//                                closeButton.setFocus(true);\n\t\t\t\t//                            }\n\t\t\t\t//                        });\n\t\t\t}\n\t\t}\n\n\t\t// Add a handler to send the name to the server\n\t\tMyHandler handler = new MyHandler();\n\t\tsendButton.addClickHandler(handler);\n\t\tnameField.addKeyUpHandler(handler);\n\t}\n}","usedLibraries":["jar:gwt-user.jar:1","jar:gwt-servlet-1.4.62.jar:1"]}