{
  "java_file": "/home/theguy/Documents/research/snr-server/src/test/resources/snippets/so/gwt_class_39.java",
  "output_file": "StatType-Completion-output-json/gwt_class_39.java.json",
  "exit_code": 0,
  "stdout": "/home/theguy/Documents/research/snr-server/benchmark/snippet_log/gwt_class_39.java.stdout.71a185fdb625418a83defd2590e1c6dd.txt",
  "stderr": "/home/theguy/Documents/research/snr-server/benchmark/snippet_log/gwt_class_39.java.stderr.71a185fdb625418a83defd2590e1c6dd.txt",
  "run_time": 12737725357,
  "total_imports": [
    "java.io.DataInputStream",
    "java.io.File",
    "java.io.FileInputStream",
    "javax.servlet.ServletContext",
    "javax.servlet.ServletOutputStream",
    "javax.servlet.http.HttpServletResponse",
    "com.google.gwt.user.server.rpc.RemoteServiceServlet"
  ],
  "correct_imports": [
    "java.io.File",
    "javax.servlet.ServletOutputStream",
    "java.io.DataInputStream",
    "java.io.FileInputStream",
    "javax.servlet.http.HttpServletResponse",
    "javax.servlet.ServletContext",
    "com.google.gwt.user.server.rpc.RemoteServiceServlet"
  ]
}