{"status":2,"problems":[{"fileName":"gwt_class_36.java","startLocation":986,"endLocation":994,"lineNumber":31,"column":40,"message":"RootPanel cannot be resolved","problemId":570425394,"problemSeverity":"ERROR"}],"originalContent":"package gwt;\n//ID = 2679247\n\npublic class gwt_class_36 {\n\tpublic static void main(String arg[]){\n\t\tint width = 200;\n\t    int height = 200;\n\t    int overHeight = 40;\n\n\t    AbsolutePanel absPanel = new AbsolutePanel();\n\t    absPanel.setSize(width + \"px\", height + \"px\");      \n\n\t    SimplePanel underPanel = new SimplePanel();\n\t    underPanel.setWidth(width + \"px\");\n\t    underPanel.setHeight(height + \"px\");\n\t    underPanel.getElement().getStyle().setBackgroundColor(\"red\");           \n\n\t    SimplePanel overPanel = new SimplePanel();\n\t    overPanel.setWidth(width + \"px\");\n\t    overPanel.setHeight(overHeight + \"px\");\n\t    overPanel.getElement().getStyle().setBackgroundColor(\"black\");\n\t    //Setting the IE opacity to 20% on the black element in order to obtain the see through effect.\n\t    overPanel.getElement().getStyle().setProperty(\"filter\", \"alpha(opacity=20)\"); \n\n\t    absPanel.add(underPanel, 0, 0);\n\t    absPanel.add(overPanel, 0, 0);\n\n\t    RootPanel.get(\"test\").add(absPanel);\n\n\t    //The next line causes the problem. \n\t    absPanel.getElement().getStyle().setProperty(\"filter\", \"alpha(opacity=100)\");\n\t}\n}","updatedContent":"package gwt;\n//ID = 2679247\n\nimport com.google.gwt.user.client.ui.SimplePanel;\nimport com.google.gwt.user.client.ui.AbsolutePanel;\n\npublic class gwt_class_36 {\n\tpublic static void main(String arg[]) {\n\t\tint width = 200;\n\t\tint height = 200;\n\t\tint overHeight = 40;\n\n\t\tAbsolutePanel absPanel = new AbsolutePanel();\n\t\tabsPanel.setSize(width + \"px\", height + \"px\");\n\n\t\tSimplePanel underPanel = new SimplePanel();\n\t\tunderPanel.setWidth(width + \"px\");\n\t\tunderPanel.setHeight(height + \"px\");\n\t\tunderPanel.getElement().getStyle().setBackgroundColor(\"red\");\n\n\t\tSimplePanel overPanel = new SimplePanel();\n\t\toverPanel.setWidth(width + \"px\");\n\t\toverPanel.setHeight(overHeight + \"px\");\n\t\toverPanel.getElement().getStyle().setBackgroundColor(\"black\");\n\t\t//Setting the IE opacity to 20% on the black element in order to obtain the see through effect.\n\t\toverPanel.getElement().getStyle().setProperty(\"filter\", \"alpha(opacity=20)\");\n\n\t\tabsPanel.add(underPanel, 0, 0);\n\t\tabsPanel.add(overPanel, 0, 0);\n\n\t\tRootPanel.get(\"test\").add(absPanel);\n\n\t\t//The next line causes the problem. \n\t\tabsPanel.getElement().getStyle().setProperty(\"filter\", \"alpha(opacity=100)\");\n\t}\n}","usedLibraries":["jar:gwt-user.jar:1","jar:gwt-servlet-1.4.62.jar:1"]}