{
  "java_file": "/home/theguy/Documents/research/snr-server/src/test/resources/snippets/so/hibernate_class_32.java",
  "output_file": "StatType-Completion-output-json/hibernate_class_32.java.json",
  "exit_code": 0,
  "stdout": "/home/theguy/Documents/research/snr-server/benchmark/snippet_log/hibernate_class_32.java.stdout.b7830513ec674749999499837fb589ae.txt",
  "stderr": "/home/theguy/Documents/research/snr-server/benchmark/snippet_log/hibernate_class_32.java.stderr.b7830513ec674749999499837fb589ae.txt",
  "run_time": 7486329302,
  "total_imports": [
    "javax.persistence.Table",
    "javax.persistence.GeneratedValue",
    "javax.persistence.Entity",
    "javax.persistence.Id",
    "org.hibernate.annotations.Index"
  ],
  "correct_imports": [
    "javax.persistence.Entity",
    "javax.persistence.Table",
    "javax.persistence.GeneratedValue",
    "org.hibernate.annotations.Index",
    "javax.persistence.Id"
  ]
}