{"status":0,"problems":[],"originalContent":"package hibernate;\n//ID = 970573\n\npublic class hibernate_class_4 {\n    private static final SessionFactory sessionFactory;\n\n    static {\n        try {\n            sessionFactory = new Configuration ().configure ().buildSessionFactory ();\n        } catch (HibernateException he) {\n            System.err.println (he);\n            throw new ExceptionInInitializerError (he);\n        }\n    }\n\n    public static SessionFactory getSessionFactory () {\n        return sessionFactory;\n    }\n}","updatedContent":"package hibernate;\n//ID = 970573\n\nimport org.hibernate.cfg.Configuration;\nimport org.hibernate.SessionFactory;\nimport org.hibernate.HibernateException;\n\npublic class hibernate_class_4 {\n\tprivate static final SessionFactory sessionFactory;\n\n\tstatic {\n\t\ttry {\n\t\t\tsessionFactory = new Configuration().configure().buildSessionFactory();\n\t\t} catch (HibernateException he) {\n\t\t\tSystem.err.println(he);\n\t\t\tthrow new ExceptionInInitializerError(he);\n\t\t}\n\t}\n\n\tpublic static SessionFactory getSessionFactory() {\n\t\treturn sessionFactory;\n\t}\n}","usedLibraries":["jar:hibernate-3.5.3.jar:1"]}