{
  "java_file": "/home/theguy/Documents/research/snr-server/src/test/resources/snippets/so/hibernate_class_44.java",
  "output_file": "StatType-Completion-output-json/hibernate_class_44.java.json",
  "exit_code": 0,
  "stdout": "/home/theguy/Documents/research/snr-server/benchmark/snippet_log/hibernate_class_44.java.stdout.379c64dec44a468895cce342b82c05f5.txt",
  "stderr": "/home/theguy/Documents/research/snr-server/benchmark/snippet_log/hibernate_class_44.java.stderr.379c64dec44a468895cce342b82c05f5.txt",
  "run_time": 50534111365,
  "total_imports": [
    "java.util.ArrayList",
    "java.util.HashSet",
    "java.util.Iterator",
    "java.util.Set",
    "javax.servlet.http.HttpServletRequest",
    "javax.servlet.http.HttpServletResponse",
    "javax.servlet.http.HttpSession",
    "org.apache.struts.action.ActionForm",
    "org.apache.struts.action.ActionForward",
    "org.apache.struts.action.ActionMapping",
    "org.apache.struts.actions.DispatchAction",
    "org.hibernate.Query",
    "org.hibernate.Session",
    "org.hibernate.SessionFactory",
    "org.hibernate.Transaction"
  ],
  "correct_imports": [
    "javax.servlet.http.HttpSession",
    "org.apache.struts.action.ActionForward",
    "org.apache.struts.action.ActionMapping",
    "org.apache.struts.action.ActionForm",
    "org.apache.struts.actions.DispatchAction",
    "java.util.Iterator",
    "javax.servlet.http.HttpServletResponse",
    "java.util.Set",
    "org.hibernate.SessionFactory",
    "javax.servlet.http.HttpServletRequest",
    "org.hibernate.Session",
    "org.hibernate.Query",
    "org.hibernate.Transaction"
  ]
}