{
  "java_file": "/home/theguy/Documents/research/snr-server/src/test/resources/snippets/so/hibernate_class_25.java",
  "output_file": "StatType-Completion-output-json/hibernate_class_25.java.json",
  "exit_code": 0,
  "stdout": "/home/theguy/Documents/research/snr-server/benchmark/snippet_log/hibernate_class_25.java.stdout.edc36ee9522a43e3a7bd0c461fa7707c.txt",
  "stderr": "/home/theguy/Documents/research/snr-server/benchmark/snippet_log/hibernate_class_25.java.stderr.edc36ee9522a43e3a7bd0c461fa7707c.txt",
  "run_time": 8174437555,
  "total_imports": [
    "javax.persistence.CascadeType",
    "javax.persistence.Entity",
    "javax.persistence.GeneratedValue",
    "javax.persistence.Id",
    "javax.persistence.OneToOne",
    "org.hibernate.annotations.Fetch",
    "org.hibernate.annotations.FetchMode"
  ],
  "correct_imports": [
    "org.hibernate.annotations.Fetch",
    "javax.persistence.Entity",
    "javax.persistence.GeneratedValue",
    "javax.persistence.CascadeType",
    "javax.persistence.OneToOne",
    "javax.persistence.Id"
  ]
}