{
  "java_file": "/home/theguy/Documents/research/snr-server/src/test/resources/snippets/so/hibernate_class_11.java",
  "output_file": "StatType-Completion-output-json/hibernate_class_11.java.json",
  "exit_code": 0,
  "stdout": "/home/theguy/Documents/research/snr-server/benchmark/snippet_log/hibernate_class_11.java.stdout.4e4f2fc3eed044c7a7b519cdf8ee2442.txt",
  "stderr": "/home/theguy/Documents/research/snr-server/benchmark/snippet_log/hibernate_class_11.java.stderr.4e4f2fc3eed044c7a7b519cdf8ee2442.txt",
  "run_time": 9109169766,
  "total_imports": [
    "java.io.Serializable",
    "javax.persistence.Column",
    "javax.persistence.Entity",
    "javax.persistence.FetchType",
    "javax.persistence.Id",
    "javax.persistence.JoinColumn",
    "javax.persistence.ManyToOne",
    "javax.persistence.Table",
    "org.apache.directory.api.ldap.aci.UserClass.UserGroup",
    "org.hibernate.annotations.ForeignKey"
  ],
  "correct_imports": [
    "javax.persistence.Column",
    "javax.persistence.Entity",
    "javax.persistence.Table",
    "javax.persistence.ManyToOne",
    "javax.persistence.JoinColumn",
    "org.hibernate.annotations.ForeignKey",
    "javax.persistence.FetchType",
    "javax.persistence.Id",
    "org.apache.directory.api.ldap.aci.UserClass.UserGroup",
    "java.io.Serializable"
  ]
}