{
  "java_file": "/home/theguy/Documents/research/snr-server/src/test/resources/snippets/so/hibernate_class_30.java",
  "output_file": "StatType-Completion-output-json/hibernate_class_30.java.json",
  "exit_code": 0,
  "stdout": "/home/theguy/Documents/research/snr-server/benchmark/snippet_log/hibernate_class_30.java.stdout.c46a953e829f4f91a4795060f828b5e4.txt",
  "stderr": "/home/theguy/Documents/research/snr-server/benchmark/snippet_log/hibernate_class_30.java.stderr.c46a953e829f4f91a4795060f828b5e4.txt",
  "run_time": 8948825688,
  "total_imports": [
    "java.io.Serializable",
    "javax.persistence.Basic",
    "javax.persistence.Column",
    "javax.persistence.Entity",
    "javax.persistence.Id",
    "org.hibernate.annotations.NamedQueries",
    "org.hibernate.annotations.NamedQuery",
    "javax.persistence.Table"
  ],
  "correct_imports": [
    "javax.persistence.Column",
    "javax.persistence.Basic",
    "javax.persistence.Entity",
    "javax.persistence.Table",
    "javax.persistence.Id",
    "java.io.Serializable"
  ]
}