{
  "java_file": "/home/theguy/Documents/research/snr-server/src/test/resources/snippets/so/hibernate_class_35.java",
  "output_file": "StatType-Completion-output-json/hibernate_class_35.java.json",
  "exit_code": 0,
  "stdout": "/home/theguy/Documents/research/snr-server/benchmark/snippet_log/hibernate_class_35.java.stdout.eebead92a37f4951a7f19a6d77f33b7c.txt",
  "stderr": "/home/theguy/Documents/research/snr-server/benchmark/snippet_log/hibernate_class_35.java.stderr.eebead92a37f4951a7f19a6d77f33b7c.txt",
  "run_time": 13148764982,
  "total_imports": [
    "java.util.Iterator",
    "java.util.List",
    "org.apache.log4j.BasicConfigurator",
    "org.hibernate.HibernateException",
    "org.hibernate.Query",
    "org.hibernate.Session",
    "org.hibernate.Transaction"
  ],
  "correct_imports": [
    "java.util.List",
    "org.hibernate.Session",
    "java.util.Iterator",
    "org.apache.log4j.BasicConfigurator",
    "org.hibernate.Query",
    "org.hibernate.HibernateException",
    "org.hibernate.Transaction"
  ]
}