{"status":2,"problems":[{"fileName":"hibernate_class_33.java","startLocation":896,"endLocation":903,"lineNumber":38,"column":45,"message":"The value of the local variable sessions is not used","problemId":536870973,"problemSeverity":"WARNING"}],"originalContent":"package hibernate;\n//ID = 3332212\n\npublic class hibernate_class_33 {\n\n    private static hibernate_class_33 instance = null;\n\n    private SessionFactory sessionFactory;\n\n    public static hibernate_class_33 getInstance() {\n        if (hibernate_class_33.instance == null) {\n            hibernate_class_33.instance = new hibernate_class_33().init();\n        }\n\n        return hibernate_class_33.instance;\n    }\n\n    public SessionFactory getSessionFactory() {\n        return this.sessionFactory;\n    }\n\n    public Session getSession() {\n        return this.sessionFactory.openSession();\n    }\n\n    private hibernate_class_33 init() {\n        Configuration cfg = new Configuration();\n\n//        cfg.addClass(domain.UserClass.class);\n//        cfg.addClass(domain.User.class);\n\n        cfg.setProperties(System.getProperties());\n        cfg.configure();\n        SessionFactory sessions = cfg.buildSessionFactory();\n\n        sessionFactory = cfg.configure().buildSessionFactory();\n        return this;\n    }\n}","updatedContent":"package hibernate;\n//ID = 3332212\n\nimport org.hibernate.Session;\nimport org.hibernate.cfg.Configuration;\nimport org.hibernate.SessionFactory;\n\npublic class hibernate_class_33 {\n\n\tprivate static hibernate_class_33 instance = null;\n\n\tprivate SessionFactory sessionFactory;\n\n\tpublic static hibernate_class_33 getInstance() {\n\t\tif (hibernate_class_33.instance == null) {\n\t\t\thibernate_class_33.instance = new hibernate_class_33().init();\n\t\t}\n\n\t\treturn hibernate_class_33.instance;\n\t}\n\n\tpublic SessionFactory getSessionFactory() {\n\t\treturn this.sessionFactory;\n\t}\n\n\tpublic Session getSession() {\n\t\treturn this.sessionFactory.openSession();\n\t}\n\n\tprivate hibernate_class_33 init() {\n\t\tConfiguration cfg = new Configuration();\n\n\t\t//        cfg.addClass(domain.UserClass.class);\n\t\t//        cfg.addClass(domain.User.class);\n\n\t\tcfg.setProperties(System.getProperties());\n\t\tcfg.configure();\n\t\tSessionFactory sessions = cfg.buildSessionFactory();\n\n\t\tsessionFactory = cfg.configure().buildSessionFactory();\n\t\treturn this;\n\t}\n}","usedLibraries":["jar:hibernate-3.5.3.jar:1"]}