{
  "java_file": "/home/theguy/Documents/research/snr-server/src/test/resources/snippets/so/hibernate_class_3.java",
  "output_file": "StatType-Completion-output-json/hibernate_class_3.java.json",
  "exit_code": 0,
  "stdout": "/home/theguy/Documents/research/snr-server/benchmark/snippet_log/hibernate_class_3.java.stdout.2770d1033a7b4159b8aa4eac0006f89c.txt",
  "stderr": "/home/theguy/Documents/research/snr-server/benchmark/snippet_log/hibernate_class_3.java.stderr.2770d1033a7b4159b8aa4eac0006f89c.txt",
  "run_time": 11930344958,
  "total_imports": [
    "java.sql.Types",
    "org.hibernate.dialect.Dialect",
    "org.hibernate.dialect.function.StandardSQLFunction",
    "org.hibernate.dialect.function.SQLFunctionTemplate",
    "org.hibernate.dialect.function.VarArgsSQLFunction",
    "org.hibernate.Hibernate"
  ],
  "correct_imports": [
    "org.hibernate.dialect.function.VarArgsSQLFunction",
    "org.hibernate.dialect.function.StandardSQLFunction",
    "org.hibernate.Hibernate",
    "org.hibernate.dialect.function.SQLFunctionTemplate",
    "org.hibernate.dialect.Dialect",
    "java.sql.Types"
  ]
}