{
  "java_file": "/home/theguy/Documents/research/snr-server/src/test/resources/snippets/so/hibernate_class_15.java",
  "output_file": "StatType-Completion-output-json/hibernate_class_15.java.json",
  "exit_code": 0,
  "stdout": "/home/theguy/Documents/research/snr-server/benchmark/snippet_log/hibernate_class_15.java.stdout.2e491a4d35214f8b998b389c1568fa56.txt",
  "stderr": "/home/theguy/Documents/research/snr-server/benchmark/snippet_log/hibernate_class_15.java.stderr.2e491a4d35214f8b998b389c1568fa56.txt",
  "run_time": 12429666901,
  "total_imports": [
    "java.io.ByteArrayOutputStream",
    "java.io.IOException",
    "java.io.InputStream",
    "java.sql.Blob",
    "java.sql.SQLException",
    "java.util.Date",
    "org.hibernate.Hibernate"
  ],
  "correct_imports": [
    "java.io.ByteArrayOutputStream",
    "java.io.IOException",
    "java.io.InputStream",
    "java.sql.Blob"
  ]
}