{"status":0,"problems":[],"originalContent":"package hibernate;\n//ID = 3184069\n\n\npublic abstract class hibernate_class_29<T>{\n\n  private Class<T> domainClass;\n\n  private SessionFactory sf;\n\n  public hibernate_class_29(Class<T> domainClass) {\n    this.domainClass = domainClass;\n  }\n\n  public SessionFactory getSessionFactory() {\n    return sf;\n  }\n\n  public void setSessionFactory(SessionFactory sf) {\n    this.sf = sf;\n  }\n\n  public void delete(T object) {\n    getSession().delete(object);\n  }\n\n  @SuppressWarnings(\"unchecked\")\n  public T load(long id) {\n    return (T) getSession().get(domainClass, id);\n  }\n\n  public void save(T object) {\n    getSession().saveOrUpdate(object);\n  }\n\n  @SuppressWarnings(\"unchecked\")\n  public List<T> findAll() {\n    Criteria criteria = getSession().createCriteria(domainClass);\n    List<T> r=(List<T>) criteria.list();\n    return r;\n  }\n\n  public int countAll() {\n    Criteria criteria = getSession().createCriteria(domainClass);\n    criteria.setProjection(Projections.rowCount());\n    return (Integer) criteria.uniqueResult();\n  }\n\n  public Session getSession() {\n    // presumes a current session, which we have through the\n    // OpenSessionInViewFilter; doesn't work without that\n    return sf.getCurrentSession();\n  }\n}","updatedContent":"package hibernate;\n//ID = 3184069\n\nimport java.util.List;\nimport org.hibernate.Criteria;\nimport org.hibernate.Session;\nimport org.hibernate.SessionFactory;\nimport org.hibernate.criterion.Projections;\n\npublic abstract class hibernate_class_29<T> {\n\n\tprivate Class<T> domainClass;\n\n\tprivate SessionFactory sf;\n\n\tpublic hibernate_class_29(Class<T> domainClass) {\n\t\tthis.domainClass = domainClass;\n\t}\n\n\tpublic SessionFactory getSessionFactory() {\n\t\treturn sf;\n\t}\n\n\tpublic void setSessionFactory(SessionFactory sf) {\n\t\tthis.sf = sf;\n\t}\n\n\tpublic void delete(T object) {\n\t\tgetSession().delete(object);\n\t}\n\n\t@SuppressWarnings(\"unchecked\")\n\tpublic T load(long id) {\n\t\treturn (T) getSession().get(domainClass, id);\n\t}\n\n\tpublic void save(T object) {\n\t\tgetSession().saveOrUpdate(object);\n\t}\n\n\t@SuppressWarnings(\"unchecked\")\n\tpublic List<T> findAll() {\n\t\tCriteria criteria = getSession().createCriteria(domainClass);\n\t\tList<T> r = (List<T>) criteria.list();\n\t\treturn r;\n\t}\n\n\tpublic int countAll() {\n\t\tCriteria criteria = getSession().createCriteria(domainClass);\n\t\tcriteria.setProjection(Projections.rowCount());\n\t\treturn (Integer) criteria.uniqueResult();\n\t}\n\n\tpublic Session getSession() {\n\t\t// presumes a current session, which we have through the\n\t\t// OpenSessionInViewFilter; doesn't work without that\n\t\treturn sf.getCurrentSession();\n\t}\n}","usedLibraries":["jar:hibernate-3.5.3.jar:1","jar:android-13.jar:1"]}