{"status":2,"problems":[{"fileName":"hibernate_class_18.java","startLocation":793,"endLocation":807,"lineNumber":28,"column":13,"message":"The value of the field hibernate_class_18.sessionFactory1 is not used","problemId":570425421,"problemSeverity":"WARNING"},{"fileName":"hibernate_class_18.java","startLocation":866,"endLocation":887,"lineNumber":30,"column":4,"message":"The method buildSessionFactory1() from the type hibernate_class_18 is never used locally","problemId":603979894,"problemSeverity":"WARNING"}],"originalContent":"package hibernate;\n//ID = 2029301\n\npublic class hibernate_class_18 {\n\n    private static final SessionFactory sessionFactory = buildSessionFactory();\n\n    private static SessionFactory buildSessionFactory() {\n        try {\n            // Create the SessionFactory from hibernate.cfg.xml\n            Configuration configuration = new Configuration().configure();\n\n\n\n            return configuration.buildSessionFactory();\n        }\n        catch (Throwable ex) {\n            // Make sure you log the exception, as it might be swallowed\n            System.err.println(\"Initial SessionFactory creation failed.\" + ex);\n            throw new ExceptionInInitializerError(ex);\n        }\n    }\n\n    public static SessionFactory getSessionFactory1() {\n        return sessionFactory;\n    }\n    private static final SessionFactory sessionFactory1 = buildSessionFactory();\n\n    private static SessionFactory buildSessionFactory1() {\n        try {\n            // Create the SessionFactory from hibernate.cfg.xml\n            Configuration configuration = new Configuration().configure();\n\n\n\n            return configuration.buildSessionFactory();\n        }\n        catch (Throwable ex) {\n            // Make sure you log the exception, as it might be swallowed\n            System.err.println(\"Initial SessionFactory creation failed.\" + ex);\n            throw new ExceptionInInitializerError(ex);\n        }\n    }\n\n    public static SessionFactory getSessionFactory() {\n        return sessionFactory;\n    }\n\n\n}","updatedContent":"package hibernate;\n//ID = 2029301\n\nimport org.hibernate.cfg.Configuration;\nimport org.hibernate.SessionFactory;\n\npublic class hibernate_class_18 {\n\n\tprivate static final SessionFactory sessionFactory = buildSessionFactory();\n\n\tprivate static SessionFactory buildSessionFactory() {\n\t\ttry {\n\t\t\t// Create the SessionFactory from hibernate.cfg.xml\n\t\t\tConfiguration configuration = new Configuration().configure();\n\n\t\t\treturn configuration.buildSessionFactory();\n\t\t} catch (Throwable ex) {\n\t\t\t// Make sure you log the exception, as it might be swallowed\n\t\t\tSystem.err.println(\"Initial SessionFactory creation failed.\" + ex);\n\t\t\tthrow new ExceptionInInitializerError(ex);\n\t\t}\n\t}\n\n\tpublic static SessionFactory getSessionFactory1() {\n\t\treturn sessionFactory;\n\t}\n\n\tprivate static final SessionFactory sessionFactory1 = buildSessionFactory();\n\n\tprivate static SessionFactory buildSessionFactory1() {\n\t\ttry {\n\t\t\t// Create the SessionFactory from hibernate.cfg.xml\n\t\t\tConfiguration configuration = new Configuration().configure();\n\n\t\t\treturn configuration.buildSessionFactory();\n\t\t} catch (Throwable ex) {\n\t\t\t// Make sure you log the exception, as it might be swallowed\n\t\t\tSystem.err.println(\"Initial SessionFactory creation failed.\" + ex);\n\t\t\tthrow new ExceptionInInitializerError(ex);\n\t\t}\n\t}\n\n\tpublic static SessionFactory getSessionFactory() {\n\t\treturn sessionFactory;\n\t}\n\n}","usedLibraries":["jar:hibernate-3.5.3.jar:1"]}