{"status":2,"problems":[{"fileName":"hibernate_class_28.java","startLocation":496,"endLocation":513,"lineNumber":19,"column":37,"message":"The serializable class hibernate_class_28 does not declare a static final serialVersionUID field of type long","problemId":536871008,"problemSeverity":"WARNING"}],"originalContent":"package hibernate;\n//ID = 3182759\n\n\n@Entity\npublic class hibernate_class_28 implements Serializable {\n    @Id\n    @GeneratedValue(strategy=GenerationType.AUTO)\n    private int id;\n    @ManyToOne\n    @JoinColumn(name=\"user_id\")\n    private User user;\n    @OneToMany(targetEntity=hibernate_class_28.class)\n    @JoinColumn(name=\"parent_id\")\n    @IndexColumn(name=\"id\", base=0)\n    private List<hibernate_class_28> comments = new ArrayList<hibernate_class_28>();\n    @Column(name=\"article_id\", length=10)\n    private int articleId;\n    @Column(name=\"text\", length=8192)\n    private String text;\n\n    public int getArticleId() {\n        return articleId;\n    }\n\n    public void setArticleId(int articleId) {\n        this.articleId = articleId;\n    }\n\n    public int getId() {\n        return id;\n    }\n\n    public void setId(int id) {\n        this.id = id;\n    }\n\n\n\n    public String getText() {\n        return text;\n    }\n\n    public void setText(String text) {\n        this.text = text;\n    }\n\n    public User getUser() {\n        return user;\n    }\n\n    public void setUser(User user) {\n        this.user = user;\n    }\n\n    @Override\n    public String toString() {\n        return \"Comment [\" + \"articleId \" + articleId + \" \" + \"id \" + id + \" \"  + \"text \" + text + \" \" + \"]\";\n    }\n\n\n}","updatedContent":"package hibernate;\n//ID = 3182759\n\nimport javax.persistence.Entity;\nimport javax.persistence.ManyToOne;\nimport javax.persistence.JoinColumn;\nimport javax.persistence.OneToMany;\nimport java.io.Serializable;\nimport org.hibernate.annotations.IndexColumn;\nimport java.util.ArrayList;\nimport library.model.User;\nimport javax.persistence.GenerationType;\nimport javax.persistence.Column;\nimport java.util.List;\nimport javax.persistence.GeneratedValue;\nimport javax.persistence.Id;\n\n@Entity\npublic class hibernate_class_28 implements Serializable {\n\t@Id\n\t@GeneratedValue(strategy = GenerationType.AUTO)\n\tprivate int id;\n\t@ManyToOne\n\t@JoinColumn(name = \"user_id\")\n\tprivate User user;\n\t@OneToMany(targetEntity = hibernate_class_28.class)\n\t@JoinColumn(name = \"parent_id\")\n\t@IndexColumn(name = \"id\", base = 0)\n\tprivate List<hibernate_class_28> comments = new ArrayList<hibernate_class_28>();\n\t@Column(name = \"article_id\", length = 10)\n\tprivate int articleId;\n\t@Column(name = \"text\", length = 8192)\n\tprivate String text;\n\n\tpublic int getArticleId() {\n\t\treturn articleId;\n\t}\n\n\tpublic void setArticleId(int articleId) {\n\t\tthis.articleId = articleId;\n\t}\n\n\tpublic int getId() {\n\t\treturn id;\n\t}\n\n\tpublic void setId(int id) {\n\t\tthis.id = id;\n\t}\n\n\tpublic String getText() {\n\t\treturn text;\n\t}\n\n\tpublic void setText(String text) {\n\t\tthis.text = text;\n\t}\n\n\tpublic User getUser() {\n\t\treturn user;\n\t}\n\n\tpublic void setUser(User user) {\n\t\tthis.user = user;\n\t}\n\n\t@Override\n\tpublic String toString() {\n\t\treturn \"Comment [\" + \"articleId \" + articleId + \" \" + \"id \" + id + \" \" + \"text \" + text + \" \" + \"]\";\n\t}\n\n}","usedLibraries":["jar:javax.persistence-2.0.3.jar:1","jar:android-13.jar:1","jar:hibernate-3.5.3.jar:1","jar:library-management-1.0.jar:1"]}