{"status":2,"problems":[{"fileName":"hibernate_class_39.java","startLocation":447,"endLocation":460,"lineNumber":17,"column":31,"message":"The type hibernate_class_39.GenericDaoImpl<T,ID> must implement the inherited abstract method GenericDao<T,ID>.findByNamedQuery(String, Map)","problemId":67109264,"problemSeverity":"ERROR"},{"fileName":"hibernate_class_39.java","startLocation":692,"endLocation":718,"lineNumber":24,"column":6,"message":"SANITY CHECK: Invalid opcode -88 at pc 225 for stackmap table attribute for method create(T)","problemId":0,"problemSeverity":"ERROR"},{"fileName":"hibernate_class_39.java","startLocation":1150,"endLocation":1174,"lineNumber":45,"column":1,"message":"SANITY CHECK: Invalid opcode -88 at pc 283 for stackmap table attribute for method read(ID)","problemId":0,"problemSeverity":"ERROR"},{"fileName":"hibernate_class_39.java","startLocation":1612,"endLocation":1642,"lineNumber":66,"column":18,"message":"SANITY CHECK: Invalid opcode -88 at pc 330 for stackmap table attribute for method update(T)","problemId":0,"problemSeverity":"ERROR"},{"fileName":"hibernate_class_39.java","startLocation":2048,"endLocation":2079,"lineNumber":85,"column":13,"message":"SANITY CHECK: Invalid opcode -88 at pc 386 for stackmap table attribute for method delete(T)","problemId":0,"problemSeverity":"ERROR"},{"fileName":"hibernate_class_39.java","startLocation":2602,"endLocation":2656,"lineNumber":111,"column":17,"message":"Name clash: The method findByNamedQuery(String, Map<String,Object>) of type hibernate_class_39.GenericDaoImpl<T,ID> has the same erasure as findByNamedQuery(String, Map) of type GenericDao<T,PK> but does not override it","problemId":67109424,"problemSeverity":"ERROR"},{"fileName":"hibernate_class_39.java","startLocation":2602,"endLocation":2656,"lineNumber":111,"column":17,"message":"The method findByNamedQuery(String, Map<String,Object>) of type hibernate_class_39.GenericDaoImpl<T,ID> must override or implement a supertype method","problemId":67109498,"problemSeverity":"ERROR"}],"originalContent":"package hibernate;\n//ID = 3573479\n\npublic class hibernate_class_39 {\n@Transactional\n@SuppressWarnings(\"unchecked\")\npublic class GenericDaoImpl<T, ID extends Serializable> implements\n  GenericDao<T, ID> {\n private SessionFactory sessionFactory;\n\n public void setSessionFactory(final SessionFactory sessionFactory) {\n  this.sessionFactory = sessionFactory;\n }\n\n public ID create(final T newInstance) {\n  ID id = null;\n  final Session session = sessionFactory.openSession();\n  final Transaction tx = session.beginTransaction();\n  try {\n   id = (ID) session.save(newInstance);\n   tx.commit();\n   session.close();\n  } catch (final Exception e) {\n   if (tx != null) {\n    tx.rollback();\n   }\n   e.printStackTrace();\n  } finally {\n   if (session.isOpen()) {\n    session.close();\n   }\n  }\n  return id;\n }\n\n public T read(final ID primaryKey) {\n  T id = null;\n  final Session session = sessionFactory.openSession();\n  final Transaction tx = session.beginTransaction();\n  try {\n   id = (T) session.get(\"aaa\", primaryKey);\n   tx.commit();\n   session.close();\n  } catch (final Exception e) {\n   if (tx != null) {\n    tx.rollback();\n   }\n   e.printStackTrace();\n  } finally {\n   if (session.isOpen()) {\n    session.close();\n   }\n  }\n  return id;\n }\n\n public void update(final T transientObject) {\n  final Session session = sessionFactory.openSession();\n  final Transaction tx = session.beginTransaction();\n  try {\n   session.saveOrUpdate(transientObject);\n   tx.commit();\n   session.close();\n  } catch (final Exception e) {\n   if (tx != null) {\n    tx.rollback();\n   }\n   e.printStackTrace();\n  } finally {\n   if (session.isOpen()) {\n    session.close();\n   }\n  }\n }\n\n public void delete(final T persistentObject) {\n  final Session session = sessionFactory.openSession();\n  final Transaction tx = session.beginTransaction();\n  try {\n   session.delete(persistentObject);\n   tx.commit();\n   session.close();\n  } catch (final Exception e) {\n   if (tx != null) {\n    tx.rollback();\n   }\n   e.printStackTrace();\n  } finally {\n   if (session.isOpen()) {\n    session.close();\n   }\n  }\n }\n\n@Override\npublic boolean exists(ID arg0) {\n\t// TODO Auto-generated method stub\n\treturn false;\n}\n\n@Override\npublic List<T> findByNamedQuery(String arg0, Map<String, Object> arg1) {\n\t// TODO Auto-generated method stub\n\treturn null;\n}\n\n@Override\npublic T get(ID arg0) {\n\t// TODO Auto-generated method stub\n\treturn null;\n}\n\n@Override\npublic List<T> getAll() {\n\t// TODO Auto-generated method stub\n\treturn null;\n}\n\n@Override\npublic List<T> getAllDistinct() {\n\t// TODO Auto-generated method stub\n\treturn null;\n}\n\n@Override\npublic void reindex() {\n\t// TODO Auto-generated method stub\n\t\n}\n\n@Override\npublic void reindexAll(boolean arg0) {\n\t// TODO Auto-generated method stub\n\t\n}\n\n@Override\npublic void remove(T arg0) {\n\t// TODO Auto-generated method stub\n\t\n}\n\n@Override\npublic void remove(ID arg0) {\n\t// TODO Auto-generated method stub\n\t\n}\n\n@Override\npublic T save(T arg0) {\n\t// TODO Auto-generated method stub\n\treturn null;\n}\n\n@Override\npublic List<T> search(String arg0) throws SearchException {\n\t// TODO Auto-generated method stub\n\treturn null;\n}\n}\n}","updatedContent":"package hibernate;\n//ID = 3573479\n\nimport java.util.Map;\nimport org.appfuse.dao.GenericDao;\nimport java.util.List;\nimport org.hibernate.Session;\nimport org.hibernate.SessionFactory;\nimport org.appfuse.dao.SearchException;\nimport org.springframework.transaction.annotation.Transactional;\nimport java.io.Serializable;\nimport org.hibernate.Transaction;\n\npublic class hibernate_class_39 {\n\t@Transactional\n\t@SuppressWarnings(\"unchecked\")\n\tpublic class GenericDaoImpl<T, ID extends Serializable> implements GenericDao<T, ID> {\n\t\tprivate SessionFactory sessionFactory;\n\n\t\tpublic void setSessionFactory(final SessionFactory sessionFactory) {\n\t\t\tthis.sessionFactory = sessionFactory;\n\t\t}\n\n\t\tpublic ID create(final T newInstance) {\n\t\t\tID id = null;\n\t\t\tfinal Session session = sessionFactory.openSession();\n\t\t\tfinal Transaction tx = session.beginTransaction();\n\t\t\ttry {\n\t\t\t\tid = (ID) session.save(newInstance);\n\t\t\t\ttx.commit();\n\t\t\t\tsession.close();\n\t\t\t} catch (final Exception e) {\n\t\t\t\tif (tx != null) {\n\t\t\t\t\ttx.rollback();\n\t\t\t\t}\n\t\t\t\te.printStackTrace();\n\t\t\t} finally {\n\t\t\t\tif (session.isOpen()) {\n\t\t\t\t\tsession.close();\n\t\t\t\t}\n\t\t\t}\n\t\t\treturn id;\n\t\t}\n\n\t\tpublic T read(final ID primaryKey) {\n\t\t\tT id = null;\n\t\t\tfinal Session session = sessionFactory.openSession();\n\t\t\tfinal Transaction tx = session.beginTransaction();\n\t\t\ttry {\n\t\t\t\tid = (T) session.get(\"aaa\", primaryKey);\n\t\t\t\ttx.commit();\n\t\t\t\tsession.close();\n\t\t\t} catch (final Exception e) {\n\t\t\t\tif (tx != null) {\n\t\t\t\t\ttx.rollback();\n\t\t\t\t}\n\t\t\t\te.printStackTrace();\n\t\t\t} finally {\n\t\t\t\tif (session.isOpen()) {\n\t\t\t\t\tsession.close();\n\t\t\t\t}\n\t\t\t}\n\t\t\treturn id;\n\t\t}\n\n\t\tpublic void update(final T transientObject) {\n\t\t\tfinal Session session = sessionFactory.openSession();\n\t\t\tfinal Transaction tx = session.beginTransaction();\n\t\t\ttry {\n\t\t\t\tsession.saveOrUpdate(transientObject);\n\t\t\t\ttx.commit();\n\t\t\t\tsession.close();\n\t\t\t} catch (final Exception e) {\n\t\t\t\tif (tx != null) {\n\t\t\t\t\ttx.rollback();\n\t\t\t\t}\n\t\t\t\te.printStackTrace();\n\t\t\t} finally {\n\t\t\t\tif (session.isOpen()) {\n\t\t\t\t\tsession.close();\n\t\t\t\t}\n\t\t\t}\n\t\t}\n\n\t\tpublic void delete(final T persistentObject) {\n\t\t\tfinal Session session = sessionFactory.openSession();\n\t\t\tfinal Transaction tx = session.beginTransaction();\n\t\t\ttry {\n\t\t\t\tsession.delete(persistentObject);\n\t\t\t\ttx.commit();\n\t\t\t\tsession.close();\n\t\t\t} catch (final Exception e) {\n\t\t\t\tif (tx != null) {\n\t\t\t\t\ttx.rollback();\n\t\t\t\t}\n\t\t\t\te.printStackTrace();\n\t\t\t} finally {\n\t\t\t\tif (session.isOpen()) {\n\t\t\t\t\tsession.close();\n\t\t\t\t}\n\t\t\t}\n\t\t}\n\n\t\t@Override\n\t\tpublic boolean exists(ID arg0) {\n\t\t\t// TODO Auto-generated method stub\n\t\t\treturn false;\n\t\t}\n\n\t\t@Override\n\t\tpublic List<T> findByNamedQuery(String arg0, Map<String, Object> arg1) {\n\t\t\t// TODO Auto-generated method stub\n\t\t\treturn null;\n\t\t}\n\n\t\t@Override\n\t\tpublic T get(ID arg0) {\n\t\t\t// TODO Auto-generated method stub\n\t\t\treturn null;\n\t\t}\n\n\t\t@Override\n\t\tpublic List<T> getAll() {\n\t\t\t// TODO Auto-generated method stub\n\t\t\treturn null;\n\t\t}\n\n\t\t@Override\n\t\tpublic List<T> getAllDistinct() {\n\t\t\t// TODO Auto-generated method stub\n\t\t\treturn null;\n\t\t}\n\n\t\t@Override\n\t\tpublic void reindex() {\n\t\t\t// TODO Auto-generated method stub\n\n\t\t}\n\n\t\t@Override\n\t\tpublic void reindexAll(boolean arg0) {\n\t\t\t// TODO Auto-generated method stub\n\n\t\t}\n\n\t\t@Override\n\t\tpublic void remove(T arg0) {\n\t\t\t// TODO Auto-generated method stub\n\n\t\t}\n\n\t\t@Override\n\t\tpublic void remove(ID arg0) {\n\t\t\t// TODO Auto-generated method stub\n\n\t\t}\n\n\t\t@Override\n\t\tpublic T save(T arg0) {\n\t\t\t// TODO Auto-generated method stub\n\t\t\treturn null;\n\t\t}\n\n\t\t@Override\n\t\tpublic List<T> search(String arg0) throws SearchException {\n\t\t\t// TODO Auto-generated method stub\n\t\t\treturn null;\n\t\t}\n\t}\n}","usedLibraries":["jar:appfuse-hibernate-2.2.jar:1","jar:android-13.jar:1","jar:hibernate-3.5.3.jar:1","jar:org.springframework.transaction_3.0.5.RELEASE.jar:1"]}