{"status":0,"problems":[],"originalContent":"package hibernate;\n//ID = 4530572\n\n\n\n\n@Entity\npublic class hibernate_class_49 implements Serializable {\n    /**\n     * \n     */\n    private static final long serialVersionUID = 1L;\n    private String username;\n    private String password;\n    private Integer VERSION;\n\n    @Version\n    public Integer getVERSION() {\n        return VERSION;\n    }\n\n    public void setVERSION(Integer vERSION) {\n        VERSION = vERSION;\n    }\n    @NaturalId\n    public String getUsername() {\n        return username;\n    }\n\n\n    public void setUsername(String username) {\n        this.username = username;\n    }\n\n    public String getPassword() {\n        return password;\n    }\n\n    public void setPassword(String password) {\n        this.password = password;\n    }\n\n}","updatedContent":"package hibernate;\n//ID = 4530572\n\nimport javax.persistence.Entity;\nimport org.hibernate.annotations.NaturalId;\nimport java.io.Serializable;\nimport javax.persistence.Version;\n\n@Entity\npublic class hibernate_class_49 implements Serializable {\n\t/**\n\t * \n\t */\n\tprivate static final long serialVersionUID = 1L;\n\tprivate String username;\n\tprivate String password;\n\tprivate Integer VERSION;\n\n\t@Version\n\tpublic Integer getVERSION() {\n\t\treturn VERSION;\n\t}\n\n\tpublic void setVERSION(Integer vERSION) {\n\t\tVERSION = vERSION;\n\t}\n\n\t@NaturalId\n\tpublic String getUsername() {\n\t\treturn username;\n\t}\n\n\tpublic void setUsername(String username) {\n\t\tthis.username = username;\n\t}\n\n\tpublic String getPassword() {\n\t\treturn password;\n\t}\n\n\tpublic void setPassword(String password) {\n\t\tthis.password = password;\n\t}\n\n}","usedLibraries":["jar:javax.persistence-2.0.3.jar:1","jar:android-13.jar:1","jar:hibernate-3.5.3.jar:1"]}