{"status":2,"problems":[{"fileName":"hibernate_class_1.java","startLocation":657,"endLocation":672,"lineNumber":24,"column":6,"message":"SANITY CHECK: Invalid opcode -88 at pc 200 for stackmap table attribute for method store(User)","problemId":0,"problemSeverity":"ERROR"}],"originalContent":"package hibernate;\n//ID = 520902\n\npublic class hibernate_class_1{\n\tpublic class HibernateUserDAO implements\n\tUserDAO {\n\n\t   private SessionFactory sessionFactory;\n\n\t   public HibernateUserDAO() {\n\t    AnnotationConfiguration annotConf = new AnnotationConfiguration();\n\t    annotConf.addAnnotatedClass(User.class);\n\t    annotConf.configure();\n\t    // The line below generates the exception!\n\t    sessionFactory = annotConf.buildSessionFactory();\n\t   }\n\n\t   public void store(User user) {\n\t    Session session = sessionFactory.openSession();\n\t    Transaction tx = session.getTransaction();\n\t    try {\n\t     tx.begin();\n\t     session.saveOrUpdate(user);\n\t     tx.commit();\n\t    } catch (RuntimeException e) {\n\t     tx.rollback();\n\t     throw e;\n\t    } finally {\n\t     session.close();\n\t    }\n\t   }\n\n\t@Override\n\tpublic User getUser(int arg0) {\n\t\t// TODO Auto-generated method stub\n\t\treturn null;\n\t}\n\n\t@Override\n\tpublic User getUserByFirstLastName(String arg0, String arg1) {\n\t\t// TODO Auto-generated method stub\n\t\treturn null;\n\t}\n\n\t@Override\n\tpublic User getUserByUsername(String arg0) {\n\t\t// TODO Auto-generated method stub\n\t\treturn null;\n\t}\n\n\t@Override\n\tpublic int saveUser(User arg0) {\n\t\t// TODO Auto-generated method stub\n\t\treturn 0;\n\t}\n\t}\n}","updatedContent":"package hibernate;\n//ID = 520902\n\nimport library.dao.UserDAO;\nimport org.hibernate.Session;\nimport org.hibernate.SessionFactory;\nimport org.hibernate.cfg.AnnotationConfiguration;\nimport library.model.User;\nimport org.hibernate.Transaction;\n\npublic class hibernate_class_1 {\n\tpublic class HibernateUserDAO implements UserDAO {\n\n\t\tprivate SessionFactory sessionFactory;\n\n\t\tpublic HibernateUserDAO() {\n\t\t\tAnnotationConfiguration annotConf = new AnnotationConfiguration();\n\t\t\tannotConf.addAnnotatedClass(User.class);\n\t\t\tannotConf.configure();\n\t\t\t// The line below generates the exception!\n\t\t\tsessionFactory = annotConf.buildSessionFactory();\n\t\t}\n\n\t\tpublic void store(User user) {\n\t\t\tSession session = sessionFactory.openSession();\n\t\t\tTransaction tx = session.getTransaction();\n\t\t\ttry {\n\t\t\t\ttx.begin();\n\t\t\t\tsession.saveOrUpdate(user);\n\t\t\t\ttx.commit();\n\t\t\t} catch (RuntimeException e) {\n\t\t\t\ttx.rollback();\n\t\t\t\tthrow e;\n\t\t\t} finally {\n\t\t\t\tsession.close();\n\t\t\t}\n\t\t}\n\n\t\t@Override\n\t\tpublic User getUser(int arg0) {\n\t\t\t// TODO Auto-generated method stub\n\t\t\treturn null;\n\t\t}\n\n\t\t@Override\n\t\tpublic User getUserByFirstLastName(String arg0, String arg1) {\n\t\t\t// TODO Auto-generated method stub\n\t\t\treturn null;\n\t\t}\n\n\t\t@Override\n\t\tpublic User getUserByUsername(String arg0) {\n\t\t\t// TODO Auto-generated method stub\n\t\t\treturn null;\n\t\t}\n\n\t\t@Override\n\t\tpublic int saveUser(User arg0) {\n\t\t\t// TODO Auto-generated method stub\n\t\t\treturn 0;\n\t\t}\n\t}\n}","usedLibraries":["jar:hibernate-3.5.3.jar:1","jar:library-management-1.0.jar:1"]}