{
  "java_file": "/home/theguy/Documents/research/snr-server/src/test/resources/snippets/so/hibernate_class_4.java",
  "output_file": "StatType-Completion-output-json/hibernate_class_4.java.json",
  "exit_code": 0,
  "stdout": "/home/theguy/Documents/research/snr-server/benchmark/snippet_log/hibernate_class_4.java.stdout.2d8b0b6a653444488996772b601961de.txt",
  "stderr": "/home/theguy/Documents/research/snr-server/benchmark/snippet_log/hibernate_class_4.java.stderr.2d8b0b6a653444488996772b601961de.txt",
  "run_time": 5916292806,
  "total_imports": [
    "org.hibernate.SessionFactory",
    "org.hibernate.HibernateException",
    "org.hibernate.cfg.Configuration"
  ],
  "correct_imports": [
    "org.hibernate.cfg.Configuration",
    "org.hibernate.SessionFactory",
    "org.hibernate.HibernateException"
  ]
}