{
  "java_file": "/home/theguy/Documents/research/snr-server/src/test/resources/snippets/so/hibernate_class_42.java",
  "output_file": "StatType-Completion-output-json/hibernate_class_42.java.json",
  "exit_code": 0,
  "stdout": "/home/theguy/Documents/research/snr-server/benchmark/snippet_log/hibernate_class_42.java.stdout.934148dbe2a440b7862cce9456bd7ab0.txt",
  "stderr": "/home/theguy/Documents/research/snr-server/benchmark/snippet_log/hibernate_class_42.java.stderr.934148dbe2a440b7862cce9456bd7ab0.txt",
  "run_time": 18255305502,
  "total_imports": [
    "java.util.List",
    "javax.naming.InitialContext",
    "org.apache.commons.logging.Log",
    "org.apache.commons.logging.LogFactory",
    "org.hibernate.SessionFactory",
    "org.hibernate.criterion.Example"
  ],
  "correct_imports": [
    "javax.naming.InitialContext",
    "java.util.List",
    "org.apache.commons.logging.LogFactory",
    "org.apache.commons.logging.Log",
    "org.hibernate.SessionFactory"
  ]
}