{"status":0,"problems":[],"originalContent":"package hibernate;\n//ID = 3287351\n\n@Entity\n@Table(name=\"log_entries\")\n@org.hibernate.annotations.Table(appliesTo=\"log_entries\",\n    indexes = { @Index(name=\"idx\", columnNames = {\"job\", \"version\", \"schedule\", \"dttmRun\", \"pid\" } ) } )\npublic class hibernate_class_32 {\n  @Id @GeneratedValue\n  Long id;\n  String job;\n  String version;\n  String schedule;\n  String dttmRun;\n  int pid;\n  String command;\n  int duration;\n\n  // getters and setters...\n}","updatedContent":"package hibernate;\n//ID = 3287351\n\nimport javax.persistence.Entity;\nimport javax.persistence.Table;\nimport javax.persistence.GeneratedValue;\nimport org.hibernate.annotations.Index;\nimport javax.persistence.Id;\n\n@Entity\n@Table(name = \"log_entries\")\n@org.hibernate.annotations.Table(appliesTo = \"log_entries\", indexes = {\n\t\t@Index(name = \"idx\", columnNames = { \"job\", \"version\", \"schedule\", \"dttmRun\", \"pid\" }) })\npublic class hibernate_class_32 {\n\t@Id\n\t@GeneratedValue\n\tLong id;\n\tString job;\n\tString version;\n\tString schedule;\n\tString dttmRun;\n\tint pid;\n\tString command;\n\tint duration;\n\n\t// getters and setters...\n}","usedLibraries":["jar:javax.persistence-2.0.3.jar:1","jar:hibernate-3.5.3.jar:1"]}