{
  "java_file": "/home/theguy/Documents/research/snr-server/src/test/resources/snippets/so/hibernate_class_26.java",
  "output_file": "StatType-Completion-output-json/hibernate_class_26.java.json",
  "exit_code": 0,
  "stdout": "/home/theguy/Documents/research/snr-server/benchmark/snippet_log/hibernate_class_26.java.stdout.caadd002ea354479af72609808e7449d.txt",
  "stderr": "/home/theguy/Documents/research/snr-server/benchmark/snippet_log/hibernate_class_26.java.stderr.caadd002ea354479af72609808e7449d.txt",
  "run_time": 20510603820,
  "total_imports": [
    "java.util.List",
    "java.util.Map",
    "javax.persistence.CascadeType",
    "javax.persistence.Entity",
    "javax.persistence.GeneratedValue",
    "javax.persistence.Id",
    "javax.persistence.OneToOne",
    "org.hibernate.FlushMode",
    "org.hibernate.Query",
    "org.hibernate.Session",
    "org.hibernate.SessionFactory",
    "org.hibernate.annotations.Fetch",
    "org.hibernate.annotations.FetchMode",
    "org.hibernate.cfg.AnnotationConfiguration",
    "org.hibernate.tool.hbm2ddl.SchemaExport"
  ],
  "correct_imports": [
    "org.hibernate.annotations.Fetch",
    "javax.persistence.Entity",
    "javax.persistence.CascadeType",
    "org.hibernate.SessionFactory",
    "org.hibernate.cfg.AnnotationConfiguration",
    "java.util.List",
    "javax.persistence.GeneratedValue",
    "org.hibernate.Session",
    "javax.persistence.OneToOne",
    "org.hibernate.tool.hbm2ddl.SchemaExport",
    "org.hibernate.Query",
    "javax.persistence.Id"
  ]
}