{"status":0,"problems":[],"originalContent":"package hibernate;\n//ID = 2724147\n\npublic class hibernate_class_23 {\n\tprivate static final ThreadLocal<Session> threadLocal = new ThreadLocal<Session>();\n\tprivate  static Configuration configuration = new AnnotationConfiguration();    \n\tprivate static org.hibernate.SessionFactory sessionFactory;\n\tstatic {\n\t\ttry {\n\t\t\tString configFile=\"\";\n\t\t\tconfiguration.configure(configFile);\n\t\t\tsessionFactory = configuration.buildSessionFactory();\n\t\t} catch (Exception e) {}\n\t}\n\tprivate hibernate_class_23() {}\n\tpublic static Session getSession() throws HibernateException {\n\t\tSession session = (Session) threadLocal.get();\n\t\tif (session == null || !session.isOpen()) {\n\t\t\tif (sessionFactory == null) {\n\t\t\t\t//    rebuildSessionFactory();//This method basically does what the static init block does\n\t\t\t}\n\t\t\tsession = (sessionFactory != null) ? sessionFactory.openSession(): null;\n\t\t\tthreadLocal.set(session);\n\t\t}\n\t\treturn session;\n\t}\n}","updatedContent":"package hibernate;\n//ID = 2724147\n\nimport org.hibernate.Session;\nimport org.hibernate.cfg.Configuration;\nimport org.hibernate.HibernateException;\nimport org.hibernate.cfg.AnnotationConfiguration;\n\npublic class hibernate_class_23 {\n\tprivate static final ThreadLocal<Session> threadLocal = new ThreadLocal<Session>();\n\tprivate static Configuration configuration = new AnnotationConfiguration();\n\tprivate static org.hibernate.SessionFactory sessionFactory;\n\tstatic {\n\t\ttry {\n\t\t\tString configFile = \"\";\n\t\t\tconfiguration.configure(configFile);\n\t\t\tsessionFactory = configuration.buildSessionFactory();\n\t\t} catch (Exception e) {\n\t\t}\n\t}\n\n\tprivate hibernate_class_23() {\n\t}\n\n\tpublic static Session getSession() throws HibernateException {\n\t\tSession session = (Session) threadLocal.get();\n\t\tif (session == null || !session.isOpen()) {\n\t\t\tif (sessionFactory == null) {\n\t\t\t\t//    rebuildSessionFactory();//This method basically does what the static init block does\n\t\t\t}\n\t\t\tsession = (sessionFactory != null) ? sessionFactory.openSession() : null;\n\t\t\tthreadLocal.set(session);\n\t\t}\n\t\treturn session;\n\t}\n}","usedLibraries":["jar:hibernate-3.5.3.jar:1","jar:android-13.jar:1"]}