{"status":2,"problems":[{"fileName":"hibernate_class_36.java","startLocation":231,"endLocation":249,"lineNumber":10,"column":58,"message":"SANITY CHECK: Invalid opcode -88 at pc 130 for stackmap table attribute for method main(String[])","problemId":0,"problemSeverity":"ERROR"}],"originalContent":"package hibernate;\n//ID = 3513366\n\npublic class hibernate_class_36\n{\n    public static void main(String[] args)\n    {                       \n        Session session = null;\n        SessionFactory sessionFactory = new Configuration().configure().buildSessionFactory();\n\n//        MyClass str1 = null;\n        Transaction tx = null;\n        try \n        {\n            session = sessionFactory.openSession();\n            tx = session.beginTransaction();\n//            str1 = new MyClass(\"hello\");\n//            session.save(str1);\n            tx.commit();\n        }\n        catch(Exception e)\n        {\n            e.printStackTrace();\n        }\n        finally \n        {\n            session.close();\n        }   \n    }\n}","updatedContent":"package hibernate;\n//ID = 3513366\n\nimport org.hibernate.Session;\nimport org.hibernate.cfg.Configuration;\nimport org.hibernate.SessionFactory;\nimport org.hibernate.Transaction;\n\npublic class hibernate_class_36 {\n\tpublic static void main(String[] args) {\n\t\tSession session = null;\n\t\tSessionFactory sessionFactory = new Configuration().configure().buildSessionFactory();\n\n\t\t//        MyClass str1 = null;\n\t\tTransaction tx = null;\n\t\ttry {\n\t\t\tsession = sessionFactory.openSession();\n\t\t\ttx = session.beginTransaction();\n\t\t\t//            str1 = new MyClass(\"hello\");\n\t\t\t//            session.save(str1);\n\t\t\ttx.commit();\n\t\t} catch (Exception e) {\n\t\t\te.printStackTrace();\n\t\t} finally {\n\t\t\tsession.close();\n\t\t}\n\t}\n}","usedLibraries":["jar:hibernate-3.5.3.jar:1"]}