{
  "java_file": "/home/theguy/Documents/research/snr-server/src/test/resources/snippets/so/hibernate_class_14.java",
  "output_file": "StatType-Completion-output-json/hibernate_class_14.java.json",
  "exit_code": 0,
  "stdout": "/home/theguy/Documents/research/snr-server/benchmark/snippet_log/hibernate_class_14.java.stdout.a7c52815cf3a4a039a15c6157ca4aa7e.txt",
  "stderr": "/home/theguy/Documents/research/snr-server/benchmark/snippet_log/hibernate_class_14.java.stderr.a7c52815cf3a4a039a15c6157ca4aa7e.txt",
  "run_time": 12143558808,
  "total_imports": [
    "java.io.Serializable",
    "java.util.Collection",
    "javax.persistence.CascadeType",
    "javax.persistence.Column",
    "javax.persistence.Entity",
    "javax.persistence.FetchType",
    "javax.persistence.Id",
    "javax.persistence.JoinColumn",
    "javax.persistence.ManyToMany",
    "javax.persistence.ManyToOne",
    "javax.persistence.Table",
    "org.hibernate.annotations.ForeignKey",
    "org.hibernate.test.cache.Item",
    "library.model.User"
  ],
  "correct_imports": [
    "javax.persistence.Entity",
    "javax.persistence.ManyToOne",
    "javax.persistence.ManyToMany",
    "java.util.Collection",
    "javax.persistence.CascadeType",
    "javax.persistence.JoinColumn",
    "org.hibernate.annotations.ForeignKey",
    "java.io.Serializable",
    "library.model.User",
    "javax.persistence.Column",
    "javax.persistence.Table",
    "javax.persistence.FetchType",
    "javax.persistence.Id"
  ]
}