{
  "java_file": "/home/theguy/Documents/research/snr-server/src/test/resources/snippets/so/hibernate_class_19.java",
  "output_file": "StatType-Completion-output-json/hibernate_class_19.java.json",
  "exit_code": 0,
  "stdout": "/home/theguy/Documents/research/snr-server/benchmark/snippet_log/hibernate_class_19.java.stdout.8064c026dc9c4d4db403c8eb06d81345.txt",
  "stderr": "/home/theguy/Documents/research/snr-server/benchmark/snippet_log/hibernate_class_19.java.stderr.8064c026dc9c4d4db403c8eb06d81345.txt",
  "run_time": 6632245999,
  "total_imports": [
    "org.hibernate.annotations.Index",
    "javax.persistence.Column",
    "javax.persistence.Entity",
    "javax.persistence.GeneratedValue",
    "javax.persistence.Id"
  ],
  "correct_imports": [
    "javax.persistence.Column",
    "javax.persistence.Entity",
    "javax.persistence.GeneratedValue",
    "org.hibernate.annotations.Index"
  ]
}