{
  "java_file": "/home/theguy/Documents/research/snr-server/src/test/resources/snippets/so/hibernate_class_8.java",
  "output_file": "StatType-Completion-output-json/hibernate_class_8.java.json",
  "exit_code": 0,
  "stdout": "/home/theguy/Documents/research/snr-server/benchmark/snippet_log/hibernate_class_8.java.stdout.7a645c0192e549c2a9cc91dc2a09b9cc.txt",
  "stderr": "/home/theguy/Documents/research/snr-server/benchmark/snippet_log/hibernate_class_8.java.stderr.7a645c0192e549c2a9cc91dc2a09b9cc.txt",
  "run_time": 8248328583,
  "total_imports": [
    "java.util.Date",
    "javax.persistence.Column",
    "javax.persistence.MappedSuperclass",
    "javax.persistence.Temporal",
    "javax.persistence.TemporalType",
    "javax.persistence.Transient",
    "org.hibernate.validator.AssertTrue",
    "org.hibernate.validator.NotNull"
  ],
  "correct_imports": [
    "javax.persistence.Column",
    "javax.persistence.Temporal",
    "java.util.Date",
    "javax.persistence.MappedSuperclass",
    "javax.persistence.TemporalType",
    "org.hibernate.validator.AssertTrue"
  ]
}