{
  "java_file": "/home/theguy/Documents/research/snr-server/src/test/resources/snippets/so/hibernate_class_45.java",
  "output_file": "StatType-Completion-output-json/hibernate_class_45.java.json",
  "exit_code": 0,
  "stdout": "/home/theguy/Documents/research/snr-server/benchmark/snippet_log/hibernate_class_45.java.stdout.b7c6804870db40fbac966c4efa61c97b.txt",
  "stderr": "/home/theguy/Documents/research/snr-server/benchmark/snippet_log/hibernate_class_45.java.stderr.b7c6804870db40fbac966c4efa61c97b.txt",
  "run_time": 6826436632,
  "total_imports": [
    "org.hibernate.Session",
    "org.hibernate.SessionFactory",
    "org.hibernate.cfg.AnnotationConfiguration"
  ],
  "correct_imports": [
    "org.hibernate.Session",
    "org.hibernate.SessionFactory",
    "org.hibernate.cfg.AnnotationConfiguration"
  ]
}