{"status":2,"problems":[{"fileName":"hibernate_class_19.java","startLocation":549,"endLocation":550,"lineNumber":18,"column":16,"message":"Id cannot be resolved to a type","problemId":16777218,"problemSeverity":"ERROR"}],"originalContent":"package hibernate;\n//ID = 2182950\n\n\n@Entity\n@org.hibernate.annotations.Table(appliesTo = hibernate_class_19.TABLE_NAME,\n    indexes = {\n            @Index(name = \"IDX_XDN_DFN\",\n                    columnNames = {hibernate_class_19.XDN, hibernate_class_19.DFN}\n            )\n    }\n)\n\npublic class hibernate_class_19 {\n    public final static String TABLE_NAME = \"house\";\n    public final static String XDN = \"xdn\";\n    public final static String DFN = \"dfn\";\n\n    @Id\n    @GeneratedValue\n    private long Id;\n\n    @Column(name = XDN)\n    private long xdn;\n\n    @Column(name = DFN)\n    private long dfn;\n\n    @Column\n    private String address;\n\n    public long getId() {\n        return Id;\n    }\n\n    public void setId(long id) {\n        this.Id = id;\n    }\n\n    public long getXdn() {\n        return xdn;\n    }\n\n    public void setXdn(long xdn) {\n        this.xdn = xdn;\n    }\n\n    public long getDfn() {\n        return dfn;\n    }\n\n    public void setDfn(long dfn) {\n        this.dfn = dfn;\n    }\n\n    public String getAddress() {\n        return address;\n    }\n\n    public void setAddress(String address) {\n        this.address = address;\n    }\n}","updatedContent":"package hibernate;\n//ID = 2182950\n\nimport javax.persistence.Column;\nimport javax.persistence.Entity;\nimport javax.persistence.GeneratedValue;\nimport org.hibernate.annotations.Index;\n\n@Entity\n@org.hibernate.annotations.Table(appliesTo = hibernate_class_19.TABLE_NAME, indexes = {\n\t\t@Index(name = \"IDX_XDN_DFN\", columnNames = { hibernate_class_19.XDN, hibernate_class_19.DFN }) })\n\npublic class hibernate_class_19 {\n\tpublic final static String TABLE_NAME = \"house\";\n\tpublic final static String XDN = \"xdn\";\n\tpublic final static String DFN = \"dfn\";\n\n\t@Id\n\t@GeneratedValue\n\tprivate long Id;\n\n\t@Column(name = XDN)\n\tprivate long xdn;\n\n\t@Column(name = DFN)\n\tprivate long dfn;\n\n\t@Column\n\tprivate String address;\n\n\tpublic long getId() {\n\t\treturn Id;\n\t}\n\n\tpublic void setId(long id) {\n\t\tthis.Id = id;\n\t}\n\n\tpublic long getXdn() {\n\t\treturn xdn;\n\t}\n\n\tpublic void setXdn(long xdn) {\n\t\tthis.xdn = xdn;\n\t}\n\n\tpublic long getDfn() {\n\t\treturn dfn;\n\t}\n\n\tpublic void setDfn(long dfn) {\n\t\tthis.dfn = dfn;\n\t}\n\n\tpublic String getAddress() {\n\t\treturn address;\n\t}\n\n\tpublic void setAddress(String address) {\n\t\tthis.address = address;\n\t}\n}","usedLibraries":["jar:javax.persistence-2.0.3.jar:1","openjdk:jdk:1.8.0","jar:hibernate-3.5.3.jar:1"]}