{"status":2,"problems":[{"fileName":"hibernate_class_40.java","startLocation":276,"endLocation":294,"lineNumber":13,"column":29,"message":"SANITY CHECK: Invalid opcode -88 at pc 189 for stackmap table attribute for method main(String[])","problemId":0,"problemSeverity":"ERROR"},{"fileName":"hibernate_class_40.java","startLocation":755,"endLocation":758,"lineNumber":28,"column":27,"message":"List is a raw type. References to generic type List<E> should be parameterized","problemId":16777788,"problemSeverity":"WARNING"},{"fileName":"hibernate_class_40.java","startLocation":783,"endLocation":790,"lineNumber":30,"column":1,"message":"Iterator is a raw type. References to generic type Iterator<E> should be parameterized","problemId":16777788,"problemSeverity":"WARNING"}],"originalContent":"package hibernate;\n//ID = 3681045\n\n\n\npublic class hibernate_class_40 {\n\n\n    public static void main(String[] args) {\n\n        Session session = null;\n        //String query = \"select example.id, example.data from Example example\";\n\n        try{\n\n            SessionFactory sessionFactory = new Configuration().configure().buildSessionFactory();\n            session = sessionFactory.openSession();\n\n            System.out.println(\"selecting records\");\n            Query q = session.getNamedQuery(\"getRecordsSP\");\n    //      Query q =  session.createSQLQuery(\"call getRecords\",\"\",Example.class);\n\n            System.out.print(\"Done\");\n            List l = q.list();\n\n\n            for(Iterator it = l.iterator() ;it.hasNext();){\n                Object row [] = (Object [])it.next();\n                System.out.println(row.length);\n        //      System.out.println(row[0]);\n        //      System.out.println(\"ID \" + row[0]);\n        //  System.out.println(\"Data \"+ row[1]);\n            }\n\n        }\n        catch (Exception e) {\n            e.printStackTrace();\n        }\n        finally{\n            session.flush();\n            session.close();\n\n    }\n}\n}","updatedContent":"package hibernate;\n//ID = 3681045\n\nimport java.util.List;\nimport org.hibernate.Session;\nimport java.util.Iterator;\nimport org.hibernate.cfg.Configuration;\nimport org.hibernate.Query;\nimport org.hibernate.SessionFactory;\n\npublic class hibernate_class_40 {\n\n\tpublic static void main(String[] args) {\n\n\t\tSession session = null;\n\t\t//String query = \"select example.id, example.data from Example example\";\n\n\t\ttry {\n\n\t\t\tSessionFactory sessionFactory = new Configuration().configure().buildSessionFactory();\n\t\t\tsession = sessionFactory.openSession();\n\n\t\t\tSystem.out.println(\"selecting records\");\n\t\t\tQuery q = session.getNamedQuery(\"getRecordsSP\");\n\t\t\t//      Query q =  session.createSQLQuery(\"call getRecords\",\"\",Example.class);\n\n\t\t\tSystem.out.print(\"Done\");\n\t\t\tList l = q.list();\n\n\t\t\tfor (Iterator it = l.iterator(); it.hasNext();) {\n\t\t\t\tObject row[] = (Object[]) it.next();\n\t\t\t\tSystem.out.println(row.length);\n\t\t\t\t//      System.out.println(row[0]);\n\t\t\t\t//      System.out.println(\"ID \" + row[0]);\n\t\t\t\t//  System.out.println(\"Data \"+ row[1]);\n\t\t\t}\n\n\t\t} catch (Exception e) {\n\t\t\te.printStackTrace();\n\t\t} finally {\n\t\t\tsession.flush();\n\t\t\tsession.close();\n\n\t\t}\n\t}\n}","usedLibraries":["jar:hibernate-3.5.3.jar:1","jar:android-13.jar:1"]}