{
  "java_file": "/home/theguy/Documents/research/snr-server/src/test/resources/snippets/so/hibernate_class_31.java",
  "output_file": "StatType-Completion-output-json/hibernate_class_31.java.json",
  "exit_code": 0,
  "stdout": "/home/theguy/Documents/research/snr-server/benchmark/snippet_log/hibernate_class_31.java.stdout.1e575df6bad6405dac48b716530c87f4.txt",
  "stderr": "/home/theguy/Documents/research/snr-server/benchmark/snippet_log/hibernate_class_31.java.stderr.1e575df6bad6405dac48b716530c87f4.txt",
  "run_time": 9488911278,
  "total_imports": [
    "org.hibernate.Session",
    "org.hibernate.SessionFactory",
    "org.hibernate.cfg.Configuration",
    "org.hibernate.Query",
    "java.util.List"
  ],
  "correct_imports": [
    "java.util.List",
    "org.hibernate.Session",
    "org.hibernate.cfg.Configuration",
    "org.hibernate.Query",
    "org.hibernate.SessionFactory"
  ]
}