{"status":2,"problems":[{"fileName":"hibernate_class_2.java","startLocation":559,"endLocation":564,"lineNumber":22,"column":2,"message":"The annotation @Templates.Cache is disallowed for this location","problemId":16777838,"problemSeverity":"ERROR"},{"fileName":"hibernate_class_2.java","startLocation":566,"endLocation":570,"lineNumber":22,"column":1,"message":"The attribute usage is undefined for the annotation type Templates.Cache","problemId":67109475,"problemSeverity":"ERROR"},{"fileName":"hibernate_class_2.java","startLocation":1352,"endLocation":1356,"lineNumber":64,"column":-1,"message":"The attribute usage is undefined for the annotation type Templates.Cache","problemId":67109475,"problemSeverity":"ERROR"}],"originalContent":"package hibernate;\n//ID = 643700\n\n\n\nimport static javax.persistence.CascadeType.ALL;\npublic class hibernate_class_2{\n\t/**\n\t * Entity implementation class for Entity: Part\n\t * \n\t */\n\t@Entity\n\t@Cache(usage = CacheConcurrencyStrategy.READ_WRITE)\n\tpublic class Part implements Serializable {\n\n\t    private int id;\n\t    private String name;\n\t    private static final long serialVersionUID = 1L;\n\t    private Part mainPart;\n\t    private List<Part> parts;\n\n\t    public Part() {\n\t        super();\n\t    }\n\n\t    @Id\n\t    public int getId() {\n\t        return this.id;\n\t    }\n\n\t    public void setId(int id) {\n\t        this.id = id;\n\t    }\n\n\t    @Column(name = \"PART_NAME\")\n\t    public String getName() {\n\t        return this.name;\n\t    }\n\n\t    public void setName(String name) {\n\t        this.name = name;\n\t    }\n\n\t    @ManyToOne(cascade = ALL)\n\t    public Part getMainPart() {\n\t        return mainPart;\n\t    }\n\n\t    public void setMainPart(Part mainPart) {\n\t        this.mainPart = mainPart;\n\t    }\n\n\t    @OneToMany(cascade = ALL)\n\t    @JoinColumn(name = \"mainPart_id\", referencedColumnName = \"id\")\n\t    @Cache(usage = CacheConcurrencyStrategy.READ_WRITE)\n\t    public List<Part> getParts() {\n\t        return parts;\n\t    }\n\n\t    public void setParts(List<Part> parts) {\n\t        this.parts = parts;\n\t    }\n\n\t}\n}","updatedContent":"package hibernate;\n//ID = 643700\n\nimport static javax.persistence.CascadeType.ALL;\nimport javax.persistence.Column;\nimport java.util.List;\nimport javax.persistence.Entity;\nimport com.extjs.gxt.ui.client.core.Templates.Cache;\nimport javax.persistence.ManyToOne;\nimport javax.persistence.JoinColumn;\nimport javax.persistence.OneToMany;\nimport javax.persistence.Id;\nimport org.hibernate.annotations.CacheConcurrencyStrategy;\nimport java.io.Serializable;\n\npublic class hibernate_class_2 {\n\t/**\n\t * Entity implementation class for Entity: Part\n\t * \n\t */\n\t@Entity\n\t@Cache(usage = CacheConcurrencyStrategy.READ_WRITE)\n\tpublic class Part implements Serializable {\n\n\t\tprivate int id;\n\t\tprivate String name;\n\t\tprivate static final long serialVersionUID = 1L;\n\t\tprivate Part mainPart;\n\t\tprivate List<Part> parts;\n\n\t\tpublic Part() {\n\t\t\tsuper();\n\t\t}\n\n\t\t@Id\n\t\tpublic int getId() {\n\t\t\treturn this.id;\n\t\t}\n\n\t\tpublic void setId(int id) {\n\t\t\tthis.id = id;\n\t\t}\n\n\t\t@Column(name = \"PART_NAME\")\n\t\tpublic String getName() {\n\t\t\treturn this.name;\n\t\t}\n\n\t\tpublic void setName(String name) {\n\t\t\tthis.name = name;\n\t\t}\n\n\t\t@ManyToOne(cascade = ALL)\n\t\tpublic Part getMainPart() {\n\t\t\treturn mainPart;\n\t\t}\n\n\t\tpublic void setMainPart(Part mainPart) {\n\t\t\tthis.mainPart = mainPart;\n\t\t}\n\n\t\t@OneToMany(cascade = ALL)\n\t\t@JoinColumn(name = \"mainPart_id\", referencedColumnName = \"id\")\n\t\t@Cache(usage = CacheConcurrencyStrategy.READ_WRITE)\n\t\tpublic List<Part> getParts() {\n\t\t\treturn parts;\n\t\t}\n\n\t\tpublic void setParts(List<Part> parts) {\n\t\t\tthis.parts = parts;\n\t\t}\n\n\t}\n}","usedLibraries":["jar:javax.persistence-2.0.3.jar:1","jar:hibernate-3.5.3.jar:1","jar:android-13.jar:1","jar:gxt-2.2.1.jar:1"]}