{"status":2,"problems":[{"fileName":"hibernate_class_46.java","startLocation":268,"endLocation":278,"lineNumber":12,"column":7,"message":"ThreadLocal is a raw type. References to generic type ThreadLocal<T> should be parameterized","problemId":16777788,"problemSeverity":"WARNING"},{"fileName":"hibernate_class_46.java","startLocation":294,"endLocation":304,"lineNumber":12,"column":3,"message":"ThreadLocal is a raw type. References to generic type ThreadLocal<T> should be parameterized","problemId":16777788,"problemSeverity":"WARNING"},{"fileName":"hibernate_class_46.java","startLocation":344,"endLocation":345,"lineNumber":13,"column":42,"message":"The value of the field hibernate_class_46.me is not used","problemId":570425421,"problemSeverity":"WARNING"},{"fileName":"hibernate_class_46.java","startLocation":734,"endLocation":747,"lineNumber":35,"column":15,"message":"Type safety: The method set(Object) belongs to the raw type ThreadLocal. References to generic type ThreadLocal<T> should be parameterized","problemId":16777747,"problemSeverity":"WARNING"}],"originalContent":"package hibernate;\n//ID = 4302983\n\npublic class hibernate_class_46{\n\n\tpublic static final ThreadLocal session = new ThreadLocal();\n\tprivate static hibernate_class_46 me;\n\n\tstatic {\n\t    try {\n\t        me = new hibernate_class_46();\n\t    } catch (Exception e) {\n\t        e.printStackTrace();\n\t    }\n\t}\n\n\tprivate hibernate_class_46() throws HibernateException, JDBCException {\n\t}\n\n\tpublic Session currentSession() throws Exception {\n\t    Session s = (Session) session.get();\n\t    if (s != null) {\n\t        s.setCacheMode(CacheMode.REFRESH);\n\t    }\n\n\t    if (s == null) {\n\t        s =openSession();\n\n\t        session.set(s);\n\t    }\n\n\t    return s;\n\t}\n\n\n\n\tpublic void setSessionFactory(SessionFactory sessionFactory) {\n\t}\n\n\tpublic static Session openSession() {\n\t    Session session = null;\n\t    return session;\n\t}\n}","updatedContent":"package hibernate;\n//ID = 4302983\n\nimport org.hibernate.JDBCException;\nimport org.hibernate.Session;\nimport org.hibernate.SessionFactory;\nimport org.hibernate.HibernateException;\nimport org.hibernate.CacheMode;\n\npublic class hibernate_class_46 {\n\n\tpublic static final ThreadLocal session = new ThreadLocal();\n\tprivate static hibernate_class_46 me;\n\n\tstatic {\n\t\ttry {\n\t\t\tme = new hibernate_class_46();\n\t\t} catch (Exception e) {\n\t\t\te.printStackTrace();\n\t\t}\n\t}\n\n\tprivate hibernate_class_46() throws HibernateException, JDBCException {\n\t}\n\n\tpublic Session currentSession() throws Exception {\n\t\tSession s = (Session) session.get();\n\t\tif (s != null) {\n\t\t\ts.setCacheMode(CacheMode.REFRESH);\n\t\t}\n\n\t\tif (s == null) {\n\t\t\ts = openSession();\n\n\t\t\tsession.set(s);\n\t\t}\n\n\t\treturn s;\n\t}\n\n\tpublic void setSessionFactory(SessionFactory sessionFactory) {\n\t}\n\n\tpublic static Session openSession() {\n\t\tSession session = null;\n\t\treturn session;\n\t}\n}","usedLibraries":["jar:hibernate-3.5.3.jar:1"]}