{
  "java_file": "/home/theguy/Documents/research/snr-server/src/test/resources/snippets/so/hibernate_class_41.java",
  "output_file": "StatType-Completion-output-json/hibernate_class_41.java.json",
  "exit_code": 0,
  "stdout": "/home/theguy/Documents/research/snr-server/benchmark/snippet_log/hibernate_class_41.java.stdout.f2d759cf13094ecb8284da31537440d5.txt",
  "stderr": "/home/theguy/Documents/research/snr-server/benchmark/snippet_log/hibernate_class_41.java.stderr.f2d759cf13094ecb8284da31537440d5.txt",
  "run_time": 10132095511,
  "total_imports": [
    "org.hibernate.Criteria",
    "org.hibernate.Session",
    "org.hibernate.Transaction",
    "org.hibernate.criterion.Restrictions",
    "org.hibernate.mapping.List"
  ],
  "correct_imports": [
    "org.hibernate.Criteria",
    "org.hibernate.Session",
    "org.hibernate.criterion.Restrictions",
    "org.hibernate.Transaction"
  ]
}