{"status":2,"problems":[{"fileName":"hibernate_class_21.java","startLocation":232,"endLocation":250,"lineNumber":11,"column":5,"message":"SANITY CHECK: Invalid opcode -88 at pc 134 for stackmap table attribute for method main(String[])","problemId":0,"problemSeverity":"ERROR"}],"originalContent":"package hibernate;\n//ID = 2458774\n\npublic class hibernate_class_21 {\n\n public static void main(String[] args) {\n  Session session = null;\n  SessionFactory sessionFactory = new Configuration().configure().buildSessionFactory();\n  session = sessionFactory.openSession();\n  Transaction transaction = session.getTransaction();\n\n//  BusinessCard card = new BusinessCard();\n//  card.setId(1);\n//  card.setName(\"Ozgur\");\n//  card.setDescription(\"Ac?klama\");\n\n  try{\n  transaction.begin();\n//  session.save();\n  transaction.commit();\n  } catch(Exception e){\n   e.printStackTrace();\n  }\n  finally{\n   session.close();\n  }\n }\n}","updatedContent":"package hibernate;\n//ID = 2458774\n\nimport org.hibernate.Session;\nimport org.hibernate.cfg.Configuration;\nimport org.hibernate.SessionFactory;\nimport org.hibernate.Transaction;\n\npublic class hibernate_class_21 {\n\n\tpublic static void main(String[] args) {\n\t\tSession session = null;\n\t\tSessionFactory sessionFactory = new Configuration().configure().buildSessionFactory();\n\t\tsession = sessionFactory.openSession();\n\t\tTransaction transaction = session.getTransaction();\n\n\t\t//  BusinessCard card = new BusinessCard();\n\t\t//  card.setId(1);\n\t\t//  card.setName(\"Ozgur\");\n\t\t//  card.setDescription(\"Ac?klama\");\n\n\t\ttry {\n\t\t\ttransaction.begin();\n\t\t\t//  session.save();\n\t\t\ttransaction.commit();\n\t\t} catch (Exception e) {\n\t\t\te.printStackTrace();\n\t\t} finally {\n\t\t\tsession.close();\n\t\t}\n\t}\n}","usedLibraries":["jar:hibernate-3.5.3.jar:1"]}