{"status":2,"problems":[{"fileName":"hibernate_class_6.java","startLocation":1152,"endLocation":1163,"lineNumber":35,"column":32,"message":"The value of the local variable dom4jSession is not used","problemId":536870973,"problemSeverity":"WARNING"},{"fileName":"hibernate_class_6.java","startLocation":1304,"endLocation":1307,"lineNumber":41,"column":14,"message":"List is a raw type. References to generic type List<E> should be parameterized","problemId":16777788,"problemSeverity":"WARNING"},{"fileName":"hibernate_class_6.java","startLocation":1353,"endLocation":1360,"lineNumber":42,"column":22,"message":"Iterator is a raw type. References to generic type Iterator<E> should be parameterized","problemId":16777788,"problemSeverity":"WARNING"},{"fileName":"hibernate_class_6.java","startLocation":1426,"endLocation":1434,"lineNumber":45,"column":22,"message":"The value of the local variable personObj is not used","problemId":536870973,"problemSeverity":"WARNING"}],"originalContent":"package hibernate;\n//ID = 1116268\n\n\npublic class hibernate_class_6 {\n\n    public static void main(final String[] args) throws MalformedURLException {\n        File baseDir = new File(\"C:\\\\workspaces\\\\hobby\");\n        hibernate_class_6 importer = new hibernate_class_6();\n        Configuration config = importer.setupDb(baseDir);\n\n        if (config != null) {\n            importer.importContents(new File(baseDir, \"people.xml\"), config);\n        }\n    }\n\n    private void importContents(final File file, final Configuration config) throws MalformedURLException {\n        SessionFactory sessionFactory = config.buildSessionFactory();\n        Session session = sessionFactory.openSession();    \n        Transaction tx = session.beginTransaction();\n        Session dom4jSession = session.getSession(EntityMode.DOM4J);\n\n        SAXReader saxReader = new SAXReader();\n        try {\n            Document document = saxReader.read(file);\n\n            List list = document.selectNodes(\"//Person\");\n            Iterator iter = list.iterator();\n\n            while (iter.hasNext()) {\n                Object personObj = iter.next();\n//                dom4jSession.save(Person.class.getName(), personObj);\n            }\n\n            session.flush();\n            tx.commit();\n            session.close();\n        } catch (HibernateException e) {\n            e.printStackTrace();\n        } catch (DocumentException e) {\n            e.printStackTrace();\n        }\n    }\n\n    private Configuration setupDb(final File baseDir) throws HibernateException {\n        Configuration cfg = new Configuration();\n        cfg.addFile(new File(baseDir, \"name/seller/rich/hobby/Person.hbm.xml\"));\n        cfg.addFile(new File(baseDir, \"name/seller/rich/hobby/Hobby.hbm.xml\"));\n\n        SchemaExport export = new SchemaExport(cfg);\n\n        export.setOutputFile(\"hobbyDB.txt\");\n        export.execute(false, true, false, false);\n        return cfg;\n    }\n}","updatedContent":"package hibernate;\n//ID = 1116268\n\nimport java.io.File;\nimport org.hibernate.EntityMode;\nimport org.dom4j.Document;\nimport java.net.MalformedURLException;\nimport java.util.Iterator;\nimport org.hibernate.SessionFactory;\nimport org.dom4j.io.SAXReader;\nimport java.util.List;\nimport org.dom4j.DocumentException;\nimport org.hibernate.Session;\nimport org.hibernate.cfg.Configuration;\nimport org.hibernate.tool.hbm2ddl.SchemaExport;\nimport org.hibernate.HibernateException;\nimport org.hibernate.Transaction;\n\npublic class hibernate_class_6 {\n\n\tpublic static void main(final String[] args) throws MalformedURLException {\n\t\tFile baseDir = new File(\"C:\\\\workspaces\\\\hobby\");\n\t\thibernate_class_6 importer = new hibernate_class_6();\n\t\tConfiguration config = importer.setupDb(baseDir);\n\n\t\tif (config != null) {\n\t\t\timporter.importContents(new File(baseDir, \"people.xml\"), config);\n\t\t}\n\t}\n\n\tprivate void importContents(final File file, final Configuration config) throws MalformedURLException {\n\t\tSessionFactory sessionFactory = config.buildSessionFactory();\n\t\tSession session = sessionFactory.openSession();\n\t\tTransaction tx = session.beginTransaction();\n\t\tSession dom4jSession = session.getSession(EntityMode.DOM4J);\n\n\t\tSAXReader saxReader = new SAXReader();\n\t\ttry {\n\t\t\tDocument document = saxReader.read(file);\n\n\t\t\tList list = document.selectNodes(\"//Person\");\n\t\t\tIterator iter = list.iterator();\n\n\t\t\twhile (iter.hasNext()) {\n\t\t\t\tObject personObj = iter.next();\n\t\t\t\t//                dom4jSession.save(Person.class.getName(), personObj);\n\t\t\t}\n\n\t\t\tsession.flush();\n\t\t\ttx.commit();\n\t\t\tsession.close();\n\t\t} catch (HibernateException e) {\n\t\t\te.printStackTrace();\n\t\t} catch (DocumentException e) {\n\t\t\te.printStackTrace();\n\t\t}\n\t}\n\n\tprivate Configuration setupDb(final File baseDir) throws HibernateException {\n\t\tConfiguration cfg = new Configuration();\n\t\tcfg.addFile(new File(baseDir, \"name/seller/rich/hobby/Person.hbm.xml\"));\n\t\tcfg.addFile(new File(baseDir, \"name/seller/rich/hobby/Hobby.hbm.xml\"));\n\n\t\tSchemaExport export = new SchemaExport(cfg);\n\n\t\texport.setOutputFile(\"hobbyDB.txt\");\n\t\texport.execute(false, true, false, false);\n\t\treturn cfg;\n\t}\n}","usedLibraries":["jar:dom4j-1.4.jar:1","jar:android-13.jar:1","jar:hibernate-3.5.3.jar:1"]}