{
  "java_file": "/home/theguy/Documents/research/snr-server/src/test/resources/snippets/so/hibernate_class_17.java",
  "output_file": "StatType-Completion-output-json/hibernate_class_17.java.json",
  "exit_code": 0,
  "stdout": "/home/theguy/Documents/research/snr-server/benchmark/snippet_log/hibernate_class_17.java.stdout.ff53202fce01415ca86c9bace10113f0.txt",
  "stderr": "/home/theguy/Documents/research/snr-server/benchmark/snippet_log/hibernate_class_17.java.stderr.ff53202fce01415ca86c9bace10113f0.txt",
  "run_time": 14716933794,
  "total_imports": [
    "java.util.ArrayList",
    "java.util.List",
    "javax.naming.NamingException",
    "org.hibernate.SessionFactory",
    "org.hibernate.cfg.Configuration",
    "org.hibernate.shards.ShardId",
    "org.hibernate.shards.ShardedConfiguration",
    "org.hibernate.shards.cfg.ConfigurationToShardConfigurationAdapter",
    "org.hibernate.shards.cfg.ShardConfiguration",
    "org.hibernate.shards.loadbalance.RoundRobinShardLoadBalancer",
    "org.hibernate.shards.strategy.ShardStrategy",
    "org.hibernate.shards.strategy.ShardStrategyFactory",
    "org.hibernate.shards.strategy.ShardStrategyImpl",
    "org.hibernate.shards.strategy.access.SequentialShardAccessStrategy",
    "org.hibernate.shards.strategy.access.ShardAccessStrategy",
    "org.hibernate.shards.strategy.resolution.AllShardsShardResolutionStrategy",
    "org.hibernate.shards.strategy.resolution.ShardResolutionStrategy",
    "org.hibernate.shards.strategy.selection.RoundRobinShardSelectionStrategy",
    "org.hibernate.shards.strategy.selection.ShardSelectionStrategy"
  ],
  "correct_imports": [
    "org.hibernate.shards.strategy.selection.RoundRobinShardSelectionStrategy",
    "org.hibernate.shards.strategy.resolution.ShardResolutionStrategy",
    "org.hibernate.shards.strategy.ShardStrategy",
    "org.hibernate.shards.loadbalance.RoundRobinShardLoadBalancer",
    "org.hibernate.shards.strategy.access.ShardAccessStrategy",
    "org.hibernate.shards.strategy.ShardStrategyImpl",
    "javax.naming.NamingException",
    "org.hibernate.shards.ShardId",
    "org.hibernate.shards.strategy.access.SequentialShardAccessStrategy",
    "org.hibernate.SessionFactory",
    "org.hibernate.shards.cfg.ConfigurationToShardConfigurationAdapter",
    "org.hibernate.shards.strategy.selection.ShardSelectionStrategy",
    "java.util.ArrayList",
    "java.util.List",
    "org.hibernate.shards.strategy.resolution.AllShardsShardResolutionStrategy",
    "org.hibernate.cfg.Configuration",
    "org.hibernate.shards.ShardedConfiguration",
    "org.hibernate.shards.strategy.ShardStrategyFactory",
    "org.hibernate.shards.cfg.ShardConfiguration"
  ]
}