{
  "java_file": "/home/theguy/Documents/research/snr-server/src/test/resources/snippets/so/hibernate_class_50.java",
  "output_file": "StatType-Completion-output-json/hibernate_class_50.java.json",
  "exit_code": 0,
  "stdout": "/home/theguy/Documents/research/snr-server/benchmark/snippet_log/hibernate_class_50.java.stdout.375de16367384c108768a0c742e935b6.txt",
  "stderr": "/home/theguy/Documents/research/snr-server/benchmark/snippet_log/hibernate_class_50.java.stderr.375de16367384c108768a0c742e935b6.txt",
  "run_time": 8716680049,
  "total_imports": [
    "java.util.List",
    "java.util.jar.Attributes.Name",
    "org.hibernate.Session",
    "org.hibernate.SessionFactory"
  ],
  "correct_imports": [
    "java.util.List",
    "org.hibernate.Session",
    "org.hibernate.SessionFactory"
  ]
}