{"status":2,"problems":[{"fileName":"hibernate_class_27.java","startLocation":320,"endLocation":352,"lineNumber":14,"column":69,"message":"Cannot make a static reference to the non-static method getSessionFactory() from the type HibernateUtil","problemId":603979977,"problemSeverity":"ERROR"},{"fileName":"hibernate_class_27.java","startLocation":486,"endLocation":523,"lineNumber":16,"column":3,"message":"Type safety: Unchecked cast from List to List<hibernate_class_27.ProjectAssignment>","problemId":16777761,"problemSeverity":"WARNING"},{"fileName":"hibernate_class_27.java","startLocation":589,"endLocation":605,"lineNumber":22,"column":8,"message":"The serializable class ProjectAssignment does not declare a static final serialVersionUID field of type long","problemId":536871008,"problemSeverity":"WARNING"}],"originalContent":"package hibernate;\n//3022098\n\npublic class hibernate_class_27 {\n\n    public static List<ProjectAssignment> getAllResources() {\n        List<ProjectAssignment> projectMasters;\n\n        Session session = HibernateUtil.getSessionFactory().openSession();\n        Query query = session.createQuery(\"select distinct aid, pid, userName from ProjectAssignment\");\n        projectMasters = (List<ProjectAssignment>) query.list();\n        session.close();\n\n        return projectMasters;\n    }\n    public class ProjectAssignment  implements java.io.Serializable {\n\n        private short aid;\n        private String pid;\n        private String userName;\n\n       public ProjectAssignment() {\n       }\n\n\n       public ProjectAssignment(short aid) {\n           this.aid = aid;\n       }\n       public ProjectAssignment(short aid, String pid, String userName) {\n          this.aid = aid;\n          this.pid = pid;\n          this.userName = userName;\n       }\n\n       public short getAid() {\n           return this.aid;\n       }\n\n       public void setAid(short aid) {\n           this.aid = aid;\n       }\n       public String getPid() {\n           return this.pid;\n       }\n\n       public void setPid(String pid) {\n           this.pid = pid;\n       }\n       public String getUserName() {\n           return this.userName;\n       }\n\n       public void setUserName(String userName) {\n           this.userName = userName;\n       }\n   }\n}","updatedContent":"package hibernate;\n//3022098\n\nimport java.util.List;\nimport net.sf.gilead.core.hibernate.HibernateUtil;\nimport org.hibernate.Session;\nimport org.hibernate.Query;\n\npublic class hibernate_class_27 {\n\n\tpublic static List<ProjectAssignment> getAllResources() {\n\t\tList<ProjectAssignment> projectMasters;\n\n\t\tSession session = HibernateUtil.getSessionFactory().openSession();\n\t\tQuery query = session.createQuery(\"select distinct aid, pid, userName from ProjectAssignment\");\n\t\tprojectMasters = (List<ProjectAssignment>) query.list();\n\t\tsession.close();\n\n\t\treturn projectMasters;\n\t}\n\n\tpublic class ProjectAssignment implements java.io.Serializable {\n\n\t\tprivate short aid;\n\t\tprivate String pid;\n\t\tprivate String userName;\n\n\t\tpublic ProjectAssignment() {\n\t\t}\n\n\t\tpublic ProjectAssignment(short aid) {\n\t\t\tthis.aid = aid;\n\t\t}\n\n\t\tpublic ProjectAssignment(short aid, String pid, String userName) {\n\t\t\tthis.aid = aid;\n\t\t\tthis.pid = pid;\n\t\t\tthis.userName = userName;\n\t\t}\n\n\t\tpublic short getAid() {\n\t\t\treturn this.aid;\n\t\t}\n\n\t\tpublic void setAid(short aid) {\n\t\t\tthis.aid = aid;\n\t\t}\n\n\t\tpublic String getPid() {\n\t\t\treturn this.pid;\n\t\t}\n\n\t\tpublic void setPid(String pid) {\n\t\t\tthis.pid = pid;\n\t\t}\n\n\t\tpublic String getUserName() {\n\t\t\treturn this.userName;\n\t\t}\n\n\t\tpublic void setUserName(String userName) {\n\t\t\tthis.userName = userName;\n\t\t}\n\t}\n}","usedLibraries":["jar:android-13.jar:1","jar:hibernate-3.5.3.jar:1","jar:gilead-hibernate-1.3.2.jar:1"]}