{"status":0,"problems":[],"originalContent":"package hibernate;\n\n\npublic class HibernateUtil {\n    private static final SessionFactory sessionFactory;\n\n    static\n    {\n        try\n        {\n            // Create the SessionFactory from hibernate.cfg.xml\n            sessionFactory = new  AnnotationConfiguration().configure().buildSessionFactory();\n        } catch(Throwable e)\n        {\n            System.err.println(\"Initial sessionFactory creation failed.  \" + e);\n            throw new ExceptionInInitializerError(e);\n        }\n    }\n\n    public static SessionFactory getSessionFactory()\n    {\n        return sessionFactory;\n    }\n}","updatedContent":"package hibernate;\n\nimport org.hibernate.SessionFactory;\nimport org.hibernate.cfg.AnnotationConfiguration;\n\npublic class HibernateUtil {\n\tprivate static final SessionFactory sessionFactory;\n\n\tstatic {\n\t\ttry {\n\t\t\t// Create the SessionFactory from hibernate.cfg.xml\n\t\t\tsessionFactory = new AnnotationConfiguration().configure().buildSessionFactory();\n\t\t} catch (Throwable e) {\n\t\t\tSystem.err.println(\"Initial sessionFactory creation failed.  \" + e);\n\t\t\tthrow new ExceptionInInitializerError(e);\n\t\t}\n\t}\n\n\tpublic static SessionFactory getSessionFactory() {\n\t\treturn sessionFactory;\n\t}\n}","usedLibraries":["jar:hibernate-3.5.3.jar:1"]}