{
  "java_file": "/home/theguy/Documents/research/snr-server/src/test/resources/snippets/so/hibernate_class_38.java",
  "output_file": "StatType-Completion-output-json/hibernate_class_38.java.json",
  "exit_code": 0,
  "stdout": "/home/theguy/Documents/research/snr-server/benchmark/snippet_log/hibernate_class_38.java.stdout.6fe78f5b18fe4091a49a0fa2dbd8e125.txt",
  "stderr": "/home/theguy/Documents/research/snr-server/benchmark/snippet_log/hibernate_class_38.java.stderr.6fe78f5b18fe4091a49a0fa2dbd8e125.txt",
  "run_time": 6996571349,
  "total_imports": [
    "org.hibernate.Session",
    "org.hibernate.SessionFactory",
    "org.hibernate.Transaction",
    "org.hibernate.cfg.Configuration"
  ],
  "correct_imports": [
    "org.hibernate.Session",
    "org.hibernate.cfg.Configuration",
    "org.hibernate.SessionFactory",
    "org.hibernate.Transaction"
  ]
}