{"status":0,"problems":[],"originalContent":"package hibernate;\n//ID = 1262298\n\n\npublic class hibernate_class_10 \nimplements Serializable\n{\n    private String providerId;\n    private String providerName;\n\n    //private int patientId;\n    //private int providerSpec; \n\n    private static final long serialVersionUID = 81073;\n\n    public static void load(Session session, List<String> values){\n        hibernate_class_10 ProviderInfo = new hibernate_class_10(); \n\n        ProviderInfo.setProviderId( values.get(0) );\n        ProviderInfo.setProviderName( values.get(1));\n        //ProviderInfo.setProviderSpec( Integer.parseInt(values.get(2)) );\n\n        session.save( ProviderInfo );\n    }\n\n    /**\n    * @return the ProviderName\n    */\n    public String getProviderName() {\n        return providerName;\n    }\n\n    /**\n    * @param ProviderName the ProviderName to set\n    */\n    public void setProviderName(String name) {\n        this.providerName = name;\n    }\n\n    /**\n    * @return the ProvId\n    */\n    public String getProviderId() {\n        return this.providerId;\n    }\n\n    /**\n    * @param id the ProvId to set\n    */\n    public void setProviderId( String id ) {\n        this.providerId = id;\n    }\n\n    /*\n    public int getPatientId() {\n        return this.patientId;\n    }\n\n    public void setPatientId( int id ) {\n        this.patientId = id;\n    }\n    */\n\n    /**\n    * @param args\n    */\n    public static void main(String[] args) {\n        // TODO Auto-generated method stub\n    }\n}","updatedContent":"package hibernate;\n//ID = 1262298\n\nimport java.util.List;\nimport org.hibernate.Session;\nimport java.io.Serializable;\n\npublic class hibernate_class_10 implements Serializable {\n\tprivate String providerId;\n\tprivate String providerName;\n\n\t//private int patientId;\n\t//private int providerSpec; \n\n\tprivate static final long serialVersionUID = 81073;\n\n\tpublic static void load(Session session, List<String> values) {\n\t\thibernate_class_10 ProviderInfo = new hibernate_class_10();\n\n\t\tProviderInfo.setProviderId(values.get(0));\n\t\tProviderInfo.setProviderName(values.get(1));\n\t\t//ProviderInfo.setProviderSpec( Integer.parseInt(values.get(2)) );\n\n\t\tsession.save(ProviderInfo);\n\t}\n\n\t/**\n\t* @return the ProviderName\n\t*/\n\tpublic String getProviderName() {\n\t\treturn providerName;\n\t}\n\n\t/**\n\t* @param ProviderName the ProviderName to set\n\t*/\n\tpublic void setProviderName(String name) {\n\t\tthis.providerName = name;\n\t}\n\n\t/**\n\t* @return the ProvId\n\t*/\n\tpublic String getProviderId() {\n\t\treturn this.providerId;\n\t}\n\n\t/**\n\t* @param id the ProvId to set\n\t*/\n\tpublic void setProviderId(String id) {\n\t\tthis.providerId = id;\n\t}\n\n\t/*\n\tpublic int getPatientId() {\n\t    return this.patientId;\n\t}\n\t\n\tpublic void setPatientId( int id ) {\n\t    this.patientId = id;\n\t}\n\t*/\n\n\t/**\n\t* @param args\n\t*/\n\tpublic static void main(String[] args) {\n\t\t// TODO Auto-generated method stub\n\t}\n}","usedLibraries":["jar:android-13.jar:1","jar:hibernate-3.5.3.jar:1"]}