{"status":0,"problems":[],"originalContent":"package hibernate;\n//ID = 4562711\n\n\npublic class hibernate_class_50 {\n    private SessionFactory sessionFactory;\n\n    public void setSessionFactory(SessionFactory sessionFactory) {\n        this.sessionFactory = sessionFactory;\n    }\n\n    public SessionFactory getSessionFactory() {\n        return sessionFactory;\n    }\n\n\n    @SuppressWarnings(\"unchecked\")\n    public List<Name> getAll() {\n        Session session = this.sessionFactory.getCurrentSession();\n        List<Name> names = (List<Name>)session.createQuery(\"from Name\").list();\n        return names;\n    }\n\n    public void save(Name name){\n        Session session = this.sessionFactory.getCurrentSession();\n        session.saveOrUpdate(name);\n        session.flush();\n    }\n}","updatedContent":"package hibernate;\n//ID = 4562711\n\nimport java.util.List;\nimport com.google.android.gms.plus.model.people.Person.Name;\nimport org.hibernate.Session;\nimport org.hibernate.SessionFactory;\n\npublic class hibernate_class_50 {\n\tprivate SessionFactory sessionFactory;\n\n\tpublic void setSessionFactory(SessionFactory sessionFactory) {\n\t\tthis.sessionFactory = sessionFactory;\n\t}\n\n\tpublic SessionFactory getSessionFactory() {\n\t\treturn sessionFactory;\n\t}\n\n\t@SuppressWarnings(\"unchecked\")\n\tpublic List<Name> getAll() {\n\t\tSession session = this.sessionFactory.getCurrentSession();\n\t\tList<Name> names = (List<Name>) session.createQuery(\"from Name\").list();\n\t\treturn names;\n\t}\n\n\tpublic void save(Name name) {\n\t\tSession session = this.sessionFactory.getCurrentSession();\n\t\tsession.saveOrUpdate(name);\n\t\tsession.flush();\n\t}\n}","usedLibraries":["jar:google-play-services.jar:1","jar:hibernate-3.5.3.jar:1","jar:android-13.jar:1"]}