{
  "java_file": "/home/theguy/Documents/research/snr-server/src/test/resources/snippets/so/hibernate_class_7.java",
  "output_file": "StatType-Completion-output-json/hibernate_class_7.java.json",
  "exit_code": 0,
  "stdout": "/home/theguy/Documents/research/snr-server/benchmark/snippet_log/hibernate_class_7.java.stdout.2d6b2961aeed4a6e8107ac93d54e9f01.txt",
  "stderr": "/home/theguy/Documents/research/snr-server/benchmark/snippet_log/hibernate_class_7.java.stderr.2d6b2961aeed4a6e8107ac93d54e9f01.txt",
  "run_time": 4279396768,
  "total_imports": [
    "org.hibernate.Session",
    "org.hibernate.SessionFactory",
    "org.hibernate.cfg.AnnotationConfiguration"
  ],
  "correct_imports": [
    "org.hibernate.Session",
    "org.hibernate.SessionFactory",
    "org.hibernate.cfg.AnnotationConfiguration"
  ]
}