{
  "java_file": "/home/theguy/Documents/research/snr-server/src/test/resources/snippets/so/hibernate_class_5.java",
  "output_file": "StatType-Completion-output-json/hibernate_class_5.java.json",
  "exit_code": 0,
  "stdout": "/home/theguy/Documents/research/snr-server/benchmark/snippet_log/hibernate_class_5.java.stdout.82e2fffabfe24bbcb86e23c50dfed8de.txt",
  "stderr": "/home/theguy/Documents/research/snr-server/benchmark/snippet_log/hibernate_class_5.java.stderr.82e2fffabfe24bbcb86e23c50dfed8de.txt",
  "run_time": 6414548886,
  "total_imports": [
    "org.hibernate.SessionFactory",
    "org.hibernate.cfg.Configuration"
  ],
  "correct_imports": [
    "org.hibernate.cfg.Configuration",
    "org.hibernate.SessionFactory"
  ]
}