{
  "java_file": "/home/theguy/Documents/research/snr-server/src/test/resources/snippets/so/hibernate_class_28.java",
  "output_file": "StatType-Completion-output-json/hibernate_class_28.java.json",
  "exit_code": 0,
  "stdout": "/home/theguy/Documents/research/snr-server/benchmark/snippet_log/hibernate_class_28.java.stdout.3eef6866e7db40f3b21430d67e7abd62.txt",
  "stderr": "/home/theguy/Documents/research/snr-server/benchmark/snippet_log/hibernate_class_28.java.stderr.3eef6866e7db40f3b21430d67e7abd62.txt",
  "run_time": 16629105969,
  "total_imports": [
    "java.io.Serializable",
    "java.util.ArrayList",
    "java.util.List",
    "javax.persistence.Column",
    "javax.persistence.Entity",
    "javax.persistence.GeneratedValue",
    "javax.persistence.GenerationType",
    "javax.persistence.Id",
    "javax.persistence.JoinColumn",
    "javax.persistence.ManyToOne",
    "javax.persistence.OneToMany",
    "org.hibernate.annotations.IndexColumn",
    "library.model.User"
  ],
  "correct_imports": [
    "javax.persistence.Entity",
    "javax.persistence.ManyToOne",
    "javax.persistence.JoinColumn",
    "javax.persistence.OneToMany",
    "java.io.Serializable",
    "org.hibernate.annotations.IndexColumn",
    "java.util.ArrayList",
    "library.model.User",
    "javax.persistence.GenerationType",
    "javax.persistence.Column",
    "java.util.List",
    "javax.persistence.GeneratedValue",
    "javax.persistence.Id"
  ]
}