{"status":0,"problems":[],"originalContent":"package hibernate;\n//ID = 3534854\n\npublic class hibernate_class_37 {\n\n public static void test(){\n\t String c =\"\";\n  Session session = HibernateUtil.getSession();\n        session.beginTransaction();        \n        session.save(c);\n        session.getTransaction().commit();\n\n }\n\n /**\n  * @param args\n  */\n public static void main(String[] args) {\n  hibernate_class_37.test();\n\n }\n\n public static class HibernateUtil {\n\n private static final SessionFactory sessionFactory;\n     static {\n         try {\n             sessionFactory = new AnnotationConfiguration()\n                     .configure().buildSessionFactory();\n         } catch (Throwable ex) {\n             // Log exception!\n             throw new ExceptionInInitializerError(ex);\n         }\n     }\n\n     public static Session getSession()\n             throws HibernateException {\n         return sessionFactory.openSession();\n     }\n }\n\n}","updatedContent":"package hibernate;\n//ID = 3534854\n\nimport org.hibernate.Session;\nimport org.hibernate.SessionFactory;\nimport org.hibernate.HibernateException;\nimport org.hibernate.cfg.AnnotationConfiguration;\n\npublic class hibernate_class_37 {\n\n\tpublic static void test() {\n\t\tString c = \"\";\n\t\tSession session = HibernateUtil.getSession();\n\t\tsession.beginTransaction();\n\t\tsession.save(c);\n\t\tsession.getTransaction().commit();\n\n\t}\n\n\t/**\n\t * @param args\n\t */\n\tpublic static void main(String[] args) {\n\t\thibernate_class_37.test();\n\n\t}\n\n\tpublic static class HibernateUtil {\n\n\t\tprivate static final SessionFactory sessionFactory;\n\t\tstatic {\n\t\t\ttry {\n\t\t\t\tsessionFactory = new AnnotationConfiguration().configure().buildSessionFactory();\n\t\t\t} catch (Throwable ex) {\n\t\t\t\t// Log exception!\n\t\t\t\tthrow new ExceptionInInitializerError(ex);\n\t\t\t}\n\t\t}\n\n\t\tpublic static Session getSession() throws HibernateException {\n\t\t\treturn sessionFactory.openSession();\n\t\t}\n\t}\n\n}","usedLibraries":["jar:hibernate-3.5.3.jar:1"]}