{"status":0,"problems":[],"originalContent":"package hibernate;\n//ID = 1483026\n\npublic class hibernate_class_14 {\n\t@Entity\n\t@Table(name = \"tblPermission\")\n\tpublic class Permission implements Serializable, Cloneable {\n\n\t    private static final long serialVersionUID = 7155322069731920447L;\n\n\t    @Id\n\t    @Column(name = \"PermissionId\", length = 8, nullable = false)\n\t    private String PermissionId = \"\";\n\n\t    @ManyToOne(fetch=FetchType.LAZY)\n\t    @JoinColumn(name = \"CountyId\", nullable = false)\n\t    @ForeignKey(name=\"FK_CountyID\")\n//\t    private County county;\n\n\t    @Column(name = \"Permission\", nullable = true)\n\t    private Integer permission = 1;\n\n\t    @ManyToMany( cascade = {CascadeType.PERSIST, CascadeType.MERGE},\n\t          mappedBy = \"Permissions\",\n\t          targetEntity = Item.class )\n\t    private Collection<Item> items;\n\n\t    @ManyToMany( cascade = {CascadeType.PERSIST, CascadeType.MERGE},\n\t          mappedBy = \"Permissions\",\n\t          targetEntity = User.class )\n\t    private Collection<User> users;\n\n\t    /** Getters and Setters **/\n\t}\n\n}","updatedContent":"package hibernate;\n//ID = 1483026\n\nimport javax.persistence.Entity;\nimport javax.persistence.ManyToOne;\nimport javax.persistence.ManyToMany;\nimport java.util.Collection;\nimport javax.persistence.CascadeType;\nimport javax.persistence.JoinColumn;\nimport org.hibernate.annotations.ForeignKey;\nimport java.io.Serializable;\nimport library.model.User;\nimport javax.persistence.Column;\nimport javax.persistence.Table;\nimport javax.persistence.FetchType;\nimport javax.persistence.Id;\nimport android.content.ClipData.Item;\n\npublic class hibernate_class_14 {\n\t@Entity\n\t@Table(name = \"tblPermission\")\n\tpublic class Permission implements Serializable, Cloneable {\n\n\t\tprivate static final long serialVersionUID = 7155322069731920447L;\n\n\t\t@Id\n\t\t@Column(name = \"PermissionId\", length = 8, nullable = false)\n\t\tprivate String PermissionId = \"\";\n\n\t\t@ManyToOne(fetch = FetchType.LAZY)\n\t\t@JoinColumn(name = \"CountyId\", nullable = false)\n\t\t@ForeignKey(name = \"FK_CountyID\")\n\t\t//\t    private County county;\n\n\t\t@Column(name = \"Permission\", nullable = true)\n\t\tprivate Integer permission = 1;\n\n\t\t@ManyToMany(cascade = { CascadeType.PERSIST,\n\t\t\t\tCascadeType.MERGE }, mappedBy = \"Permissions\", targetEntity = Item.class)\n\t\tprivate Collection<Item> items;\n\n\t\t@ManyToMany(cascade = { CascadeType.PERSIST,\n\t\t\t\tCascadeType.MERGE }, mappedBy = \"Permissions\", targetEntity = User.class)\n\t\tprivate Collection<User> users;\n\n\t\t/** Getters and Setters **/\n\t}\n\n}","usedLibraries":["jar:javax.persistence-2.0.3.jar:1","jar:android-13.jar:1","jar:hibernate-3.5.3.jar:1","jar:library-management-1.0.jar:1"]}