{
  "java_file": "/home/theguy/Documents/research/snr-server/src/test/resources/snippets/so/hibernate_class_27.java",
  "output_file": "StatType-Completion-output-json/hibernate_class_27.java.json",
  "exit_code": 0,
  "stdout": "/home/theguy/Documents/research/snr-server/benchmark/snippet_log/hibernate_class_27.java.stdout.04bc875e3a104f05b6410db67fa0c425.txt",
  "stderr": "/home/theguy/Documents/research/snr-server/benchmark/snippet_log/hibernate_class_27.java.stderr.04bc875e3a104f05b6410db67fa0c425.txt",
  "run_time": 8777674493,
  "total_imports": [
    "java.util.List",
    "org.hibernate.Query",
    "org.hibernate.Session"
  ],
  "correct_imports": [
    "java.util.List",
    "org.hibernate.Session",
    "org.hibernate.Query"
  ]
}