{
  "java_file": "/home/theguy/Documents/research/snr-server/src/test/resources/snippets/so/hibernate_class_13.java",
  "output_file": "StatType-Completion-output-json/hibernate_class_13.java.json",
  "exit_code": 0,
  "stdout": "/home/theguy/Documents/research/snr-server/benchmark/snippet_log/hibernate_class_13.java.stdout.ce6c65f834ec4c428ded418888b71ed4.txt",
  "stderr": "/home/theguy/Documents/research/snr-server/benchmark/snippet_log/hibernate_class_13.java.stderr.ce6c65f834ec4c428ded418888b71ed4.txt",
  "run_time": 18181605490,
  "total_imports": [
    "java.util.List",
    "java.util.Collection",
    "java.io.Serializable",
    "java.security.Permission",
    "javax.persistence.CascadeType",
    "javax.persistence.Column",
    "javax.persistence.Entity",
    "javax.persistence.FetchType",
    "javax.persistence.Id",
    "javax.persistence.JoinColumn",
    "javax.persistence.JoinTable",
    "javax.persistence.ManyToMany",
    "javax.persistence.ManyToOne",
    "javax.persistence.OneToMany",
    "javax.persistence.Table",
    "javax.persistence.Version",
    "org.hibernate.annotations.ForeignKey",
    "org.hibernate.annotations.IndexColumn"
  ],
  "correct_imports": [
    "javax.persistence.Entity",
    "javax.persistence.ManyToOne",
    "javax.persistence.ManyToMany",
    "javax.persistence.JoinTable",
    "java.util.Collection",
    "javax.persistence.CascadeType",
    "javax.persistence.JoinColumn",
    "org.hibernate.annotations.ForeignKey",
    "javax.persistence.OneToMany",
    "java.io.Serializable",
    "org.hibernate.annotations.IndexColumn",
    "javax.persistence.Column",
    "javax.persistence.Table",
    "java.security.Permission",
    "javax.persistence.FetchType",
    "javax.persistence.Id"
  ]
}