{"status":0,"problems":[],"originalContent":"package hibernate;\n//ID = 4001795\n\npublic class hibernate_class_45\n{\n    public static void main(String[] args)\n    {\n        SessionFactory factory = new AnnotationConfiguration().configure().buildSessionFactory();\n        Session session = factory.openSession();\n        session.beginTransaction();\n\n//        Message m1 = new Message(\"Hibernated a  messages on \" + new Date());\n        session.save(\"aa\");\n        session.getTransaction().commit();\n        session.close();\n    }\n}","updatedContent":"package hibernate;\n//ID = 4001795\n\nimport org.hibernate.Session;\nimport org.hibernate.SessionFactory;\nimport org.hibernate.cfg.AnnotationConfiguration;\n\npublic class hibernate_class_45 {\n\tpublic static void main(String[] args) {\n\t\tSessionFactory factory = new AnnotationConfiguration().configure().buildSessionFactory();\n\t\tSession session = factory.openSession();\n\t\tsession.beginTransaction();\n\n\t\t//        Message m1 = new Message(\"Hibernated a  messages on \" + new Date());\n\t\tsession.save(\"aa\");\n\t\tsession.getTransaction().commit();\n\t\tsession.close();\n\t}\n}","usedLibraries":["jar:hibernate-3.5.3.jar:1"]}