{"status":0,"problems":[],"originalContent":"package hibernate;\n//ID = 3204328\n\n\n@Entity\n@Table(name = \"basic_user\")\n@NamedQueries({\n    @NamedQuery(name = \"BasicUser.findAll\", query = \"SELECT b FROM BasicUser b\"),\n    @NamedQuery(name = \"BasicUser.findByFirstName\", query = \"SELECT b FROM BasicUser b WHERE b.firstName = :firstName\"),\n    @NamedQuery(name = \"BasicUser.findByLastName\", query = \"SELECT b FROM BasicUser b WHERE b.lastName = :lastName\"),\n    @NamedQuery(name = \"BasicUser.findByEmail\", query = \"SELECT b FROM BasicUser b WHERE b.email = :email\"),\n    @NamedQuery(name = \"BasicUser.findByPassword\", query = \"SELECT b FROM BasicUser b WHERE b.password = :password\")})\npublic class hibernate_class_30 implements Serializable {\n    private static final long serialVersionUID = 1L;\n    @Basic(optional = false)\n    @Column(name = \"First_Name\")\n    private String firstName;\n    @Basic(optional = false)\n    @Column(name = \"Last_Name\")\n    private String lastName;\n    @Id\n    @Basic(optional = false)\n    @Column(name = \"Email\")\n    private String email;\n    @Basic(optional = false)\n    @Column(name = \"Password\")\n    private String password;\n\n    public hibernate_class_30() {\n    }\n}","updatedContent":"package hibernate;\n//ID = 3204328\n\nimport javax.persistence.Column;\nimport javax.persistence.Basic;\nimport javax.persistence.Entity;\nimport javax.persistence.Table;\nimport javax.persistence.NamedQuery;\nimport javax.persistence.NamedQueries;\nimport javax.persistence.Id;\nimport java.io.Serializable;\n\n@Entity\n@Table(name = \"basic_user\")\n@NamedQueries({ @NamedQuery(name = \"BasicUser.findAll\", query = \"SELECT b FROM BasicUser b\"),\n\t\t@NamedQuery(name = \"BasicUser.findByFirstName\", query = \"SELECT b FROM BasicUser b WHERE b.firstName = :firstName\"),\n\t\t@NamedQuery(name = \"BasicUser.findByLastName\", query = \"SELECT b FROM BasicUser b WHERE b.lastName = :lastName\"),\n\t\t@NamedQuery(name = \"BasicUser.findByEmail\", query = \"SELECT b FROM BasicUser b WHERE b.email = :email\"),\n\t\t@NamedQuery(name = \"BasicUser.findByPassword\", query = \"SELECT b FROM BasicUser b WHERE b.password = :password\") })\npublic class hibernate_class_30 implements Serializable {\n\tprivate static final long serialVersionUID = 1L;\n\t@Basic(optional = false)\n\t@Column(name = \"First_Name\")\n\tprivate String firstName;\n\t@Basic(optional = false)\n\t@Column(name = \"Last_Name\")\n\tprivate String lastName;\n\t@Id\n\t@Basic(optional = false)\n\t@Column(name = \"Email\")\n\tprivate String email;\n\t@Basic(optional = false)\n\t@Column(name = \"Password\")\n\tprivate String password;\n\n\tpublic hibernate_class_30() {\n\t}\n}","usedLibraries":["jar:javax.persistence-2.0.3.jar:1","jar:android-13.jar:1"]}