{"status":2,"problems":[{"fileName":"hibernate_class_47.java","startLocation":287,"endLocation":319,"lineNumber":13,"column":20,"message":"Cannot make a static reference to the non-static method getSessionFactory() from the type HibernateUtil","problemId":603979977,"problemSeverity":"ERROR"}],"originalContent":"package hibernate;\n//ID = 4323066\n\n\npublic class hibernate_class_47 {\n\n    public static boolean registerEvent() {\n\n         SessionFactory sf = HibernateUtil.getSessionFactory();\n         Transaction t = null;\n         try  {\n         Session s  = sf.openSession();\n         t = s.beginTransaction(); // start a new transaction\n         s.persist(\"aa\");\n         t.commit();  // commit transaction \n         return true;\n         }\n         catch(Exception ex) {\n             System.err.println(\"Error -->\"  + ex.getMessage());\n             if ( t!=null) t.rollback();  // rollback transaction on exception \n             return false;\n         }\n    }\n}","updatedContent":"package hibernate;\n//ID = 4323066\n\nimport net.sf.gilead.core.hibernate.HibernateUtil;\nimport org.hibernate.Session;\nimport org.hibernate.SessionFactory;\nimport org.hibernate.Transaction;\n\npublic class hibernate_class_47 {\n\n\tpublic static boolean registerEvent() {\n\n\t\tSessionFactory sf = HibernateUtil.getSessionFactory();\n\t\tTransaction t = null;\n\t\ttry {\n\t\t\tSession s = sf.openSession();\n\t\t\tt = s.beginTransaction(); // start a new transaction\n\t\t\ts.persist(\"aa\");\n\t\t\tt.commit(); // commit transaction \n\t\t\treturn true;\n\t\t} catch (Exception ex) {\n\t\t\tSystem.err.println(\"Error -->\" + ex.getMessage());\n\t\t\tif (t != null)\n\t\t\t\tt.rollback(); // rollback transaction on exception \n\t\t\treturn false;\n\t\t}\n\t}\n}","usedLibraries":["jar:hibernate-3.5.3.jar:1","jar:gilead-hibernate-1.3.2.jar:1"]}