{
  "java_file": "/home/theguy/Documents/research/snr-server/src/test/resources/snippets/so/hibernate_class_6.java",
  "output_file": "StatType-Completion-output-json/hibernate_class_6.java.json",
  "exit_code": 0,
  "stdout": "/home/theguy/Documents/research/snr-server/benchmark/snippet_log/hibernate_class_6.java.stdout.6088fc5335384eaaacac9bb287041b02.txt",
  "stderr": "/home/theguy/Documents/research/snr-server/benchmark/snippet_log/hibernate_class_6.java.stderr.6088fc5335384eaaacac9bb287041b02.txt",
  "run_time": 17677620210,
  "total_imports": [
    "java.io.File",
    "java.net.MalformedURLException",
    "java.util.Iterator",
    "java.util.List",
    "org.dom4j.Document",
    "org.dom4j.DocumentException",
    "org.dom4j.io.SAXReader",
    "org.hibernate.EntityMode",
    "org.hibernate.HibernateException",
    "org.hibernate.Session",
    "org.hibernate.SessionFactory",
    "org.hibernate.Transaction",
    "org.hibernate.cfg.Configuration",
    "org.hibernate.tool.hbm2ddl.SchemaExport"
  ],
  "correct_imports": [
    "java.io.File",
    "org.hibernate.EntityMode",
    "org.dom4j.Document",
    "java.net.MalformedURLException",
    "java.util.Iterator",
    "org.hibernate.SessionFactory",
    "org.dom4j.io.SAXReader",
    "java.util.List",
    "org.dom4j.DocumentException",
    "org.hibernate.Session",
    "org.hibernate.cfg.Configuration",
    "org.hibernate.tool.hbm2ddl.SchemaExport",
    "org.hibernate.HibernateException",
    "org.hibernate.Transaction"
  ]
}