{
  "java_file": "/home/theguy/Documents/research/snr-server/src/test/resources/snippets/so/hibernate_class_10.java",
  "output_file": "StatType-Completion-output-json/hibernate_class_10.java.json",
  "exit_code": 0,
  "stdout": "/home/theguy/Documents/research/snr-server/benchmark/snippet_log/hibernate_class_10.java.stdout.a76c90d5414c43bd99839ad9b1403905.txt",
  "stderr": "/home/theguy/Documents/research/snr-server/benchmark/snippet_log/hibernate_class_10.java.stderr.a76c90d5414c43bd99839ad9b1403905.txt",
  "run_time": 5525517807,
  "total_imports": [
    "java.io.Serializable",
    "java.util.List",
    "org.hibernate.Session"
  ],
  "correct_imports": [
    "java.util.List",
    "org.hibernate.Session",
    "java.io.Serializable"
  ]
}