{"status":2,"problems":[{"fileName":"hibernate_class_16.java","startLocation":253,"endLocation":265,"lineNumber":13,"column":44,"message":"org.hibernate cannot be resolved to a type","problemId":16777218,"problemSeverity":"ERROR"},{"fileName":"hibernate_class_16.java","startLocation":328,"endLocation":340,"lineNumber":15,"column":25,"message":"org.hibernate cannot be resolved to a type","problemId":16777218,"problemSeverity":"ERROR"},{"fileName":"hibernate_class_16.java","startLocation":390,"endLocation":410,"lineNumber":16,"column":35,"message":"Session cannot be resolved to a type","problemId":16777218,"problemSeverity":"ERROR"},{"fileName":"hibernate_class_16.java","startLocation":471,"endLocation":483,"lineNumber":19,"column":22,"message":"org.hibernate cannot be resolved to a type","problemId":16777218,"problemSeverity":"ERROR"},{"fileName":"hibernate_class_16.java","startLocation":533,"endLocation":553,"lineNumber":20,"column":31,"message":"Session cannot be resolved to a type","problemId":16777218,"problemSeverity":"ERROR"},{"fileName":"hibernate_class_16.java","startLocation":666,"endLocation":681,"lineNumber":26,"column":22,"message":"Session cannot be resolved to a type","problemId":16777218,"problemSeverity":"ERROR"}],"originalContent":"package hibernate;\n\n\n/**\n * This class represents the data mapper for an employee to the\n * database.\n */\npublic class hibernate_class_16{\n\n\n\n\tpublic class Events {\n\t  org.hibernate.Session hibernateSession;\n\n\t  public void setHibernateSession(org.hibernate.Session hibernateSession) throws Exception {\n\t    this.hibernateSession = hibernateSession;\n\t  }\n\t  public void sethibernateSession(org.hibernate.Session hibernateSession) throws Exception {\n\t    this.hibernateSession = hibernateSession;\n\t  }\n\n\t  @SuppressWarnings(\"unchecked\")\n\t  public String execute() {\n\n\t    List<Event> events = hibernateSession.createQuery(\"from Event\").list();\n\n\t    for (Event theEvent : events) {\n\t      // blah blah...\n\t    }\n\n\t    return \"success\";\n\t  }\n\t}\n\n}","updatedContent":"package hibernate;\n\nimport java.util.List;\nimport android.provider.ContactsContract.CommonDataKinds.Event;\n\n/**\n * This class represents the data mapper for an employee to the\n * database.\n */\npublic class hibernate_class_16 {\n\n\tpublic class Events {\n\t\torg.hibernate.Session hibernateSession;\n\n\t\tpublic void setHibernateSession(org.hibernate.Session hibernateSession) throws Exception {\n\t\t\tthis.hibernateSession = hibernateSession;\n\t\t}\n\n\t\tpublic void sethibernateSession(org.hibernate.Session hibernateSession) throws Exception {\n\t\t\tthis.hibernateSession = hibernateSession;\n\t\t}\n\n\t\t@SuppressWarnings(\"unchecked\")\n\t\tpublic String execute() {\n\n\t\t\tList<Event> events = hibernateSession.createQuery(\"from Event\").list();\n\n\t\t\tfor (Event theEvent : events) {\n\t\t\t\t// blah blah...\n\t\t\t}\n\n\t\t\treturn \"success\";\n\t\t}\n\t}\n\n}","usedLibraries":["jar:android-13.jar:1"]}