{
  "java_file": "/home/theguy/Documents/research/snr-server/src/test/resources/snippets/so/hibernate_class_40.java",
  "output_file": "StatType-Completion-output-json/hibernate_class_40.java.json",
  "exit_code": 0,
  "stdout": "/home/theguy/Documents/research/snr-server/benchmark/snippet_log/hibernate_class_40.java.stdout.bf94360135ec43d68b573ac48e969f45.txt",
  "stderr": "/home/theguy/Documents/research/snr-server/benchmark/snippet_log/hibernate_class_40.java.stderr.bf94360135ec43d68b573ac48e969f45.txt",
  "run_time": 12799863992,
  "total_imports": [
    "java.util.Iterator",
    "java.util.List",
    "org.hibernate.Query",
    "org.hibernate.Session",
    "org.hibernate.SessionFactory",
    "org.hibernate.cfg.Configuration"
  ],
  "correct_imports": [
    "java.util.List",
    "org.hibernate.Session",
    "java.util.Iterator",
    "org.hibernate.cfg.Configuration",
    "org.hibernate.Query",
    "org.hibernate.SessionFactory"
  ]
}