{"status":0,"problems":[],"originalContent":"package hibernate;\n//ID = 3556392\n\npublic class hibernate_class_38 {\n\n    public static void main(String... args) {\n        SessionFactory sessionFact = new Configuration().configure().buildSessionFactory();\n        Session ses = sessionFact.openSession();\n        Transaction tx = ses.beginTransaction();\n        String bean =\"\";\n        ses.save(bean);\n        tx.commit();\n        ses.close();\n    }\n}","updatedContent":"package hibernate;\n//ID = 3556392\n\nimport org.hibernate.Session;\nimport org.hibernate.cfg.Configuration;\nimport org.hibernate.SessionFactory;\nimport org.hibernate.Transaction;\n\npublic class hibernate_class_38 {\n\n\tpublic static void main(String... args) {\n\t\tSessionFactory sessionFact = new Configuration().configure().buildSessionFactory();\n\t\tSession ses = sessionFact.openSession();\n\t\tTransaction tx = ses.beginTransaction();\n\t\tString bean = \"\";\n\t\tses.save(bean);\n\t\ttx.commit();\n\t\tses.close();\n\t}\n}","usedLibraries":["jar:hibernate-3.5.3.jar:1"]}