{"status":0,"problems":[],"originalContent":"package hibernate;\n//ID = 3218631\n\npublic class hibernate_class_31\n{\n    public static List<?> getData ()\n    {\n        SessionFactory sessionFactory = new Configuration().configure().buildSessionFactory();\n        Session session = sessionFactory.getCurrentSession();\n        List<?> result = null;\n        try\n        {\n            session.beginTransaction();\n            Query query = session.createQuery(\"from Users\");\n            result = query.list();\n            session.getTransaction().commit();\n            query.setReadOnly(true);\n            query.setMaxResults(50);\n            session.flush();\n            session.close();\n        }\n        catch (Exception e)\n        {\n            e.printStackTrace();\n        }\n        return result;      \n    }\n\n}","updatedContent":"package hibernate;\n//ID = 3218631\n\nimport java.util.List;\nimport org.hibernate.Session;\nimport org.hibernate.cfg.Configuration;\nimport org.hibernate.Query;\nimport org.hibernate.SessionFactory;\n\npublic class hibernate_class_31 {\n\tpublic static List<?> getData() {\n\t\tSessionFactory sessionFactory = new Configuration().configure().buildSessionFactory();\n\t\tSession session = sessionFactory.getCurrentSession();\n\t\tList<?> result = null;\n\t\ttry {\n\t\t\tsession.beginTransaction();\n\t\t\tQuery query = session.createQuery(\"from Users\");\n\t\t\tresult = query.list();\n\t\t\tsession.getTransaction().commit();\n\t\t\tquery.setReadOnly(true);\n\t\t\tquery.setMaxResults(50);\n\t\t\tsession.flush();\n\t\t\tsession.close();\n\t\t} catch (Exception e) {\n\t\t\te.printStackTrace();\n\t\t}\n\t\treturn result;\n\t}\n\n}","usedLibraries":["jar:android-13.jar:1","jar:hibernate-3.5.3.jar:1"]}