{
  "java_file": "/home/theguy/Documents/research/snr-server/src/test/resources/snippets/so/hibernate_class_24.java",
  "output_file": "StatType-Completion-output-json/hibernate_class_24.java.json",
  "exit_code": 0,
  "stdout": "/home/theguy/Documents/research/snr-server/benchmark/snippet_log/hibernate_class_24.java.stdout.c382ae66b61b4695a04ad73db3361294.txt",
  "stderr": "/home/theguy/Documents/research/snr-server/benchmark/snippet_log/hibernate_class_24.java.stderr.c382ae66b61b4695a04ad73db3361294.txt",
  "run_time": 6490893907,
  "total_imports": [
    "java.lang.reflect.InvocationHandler",
    "java.lang.reflect.Method",
    "org.hibernate.SessionFactory",
    "org.hibernate.cfg.Configuration"
  ],
  "correct_imports": [
    "org.hibernate.cfg.Configuration",
    "java.lang.reflect.InvocationHandler",
    "org.hibernate.SessionFactory",
    "java.lang.reflect.Method"
  ]
}