{"status":2,"problems":[{"fileName":"hibernate_class_8.java","startLocation":537,"endLocation":552,"lineNumber":22,"column":4,"message":"The value of the field hibernate_class_8.serialVersionUID is not used","problemId":570425421,"problemSeverity":"WARNING"}],"originalContent":"package hibernate;\n//ID = 1212669\n\n\n\n/**\n * Several models are date range sensitive, this base class provides that basic\n * functionality.\n * \n * @author jim\n * \n */\n@MappedSuperclass\npublic abstract class hibernate_class_8 {\nprivate static final long serialVersionUID = 1L;\nprivate Date from;\nprivate Date thru;\n\n/**\n * Determines if a model is active. A model is active if now is after or\n * equal to from , and thru is either null, or after now, or equal to now.\n */\n@Transient\npublic boolean isActive() {\n Date now = new Date();\n boolean afterFrom = from.before(now) || from.equals(now);\n boolean beforeThru = thru == null || thru.after(now)\n   || thru.equals(now);\n return afterFrom && beforeThru;\n}\n\n@AssertTrue(message = \"Dates are not valid the thru date must be empty, or after the fromdate.\")\npublic boolean areDatesValid() {\n if (thru == null) {\n  return true;\n } else {\n  return thru.after(from);\n }\n}\n\n\n@Temporal(TemporalType.TIMESTAMP)\n@NotNull\n@Column(name = \"fromDate\")\npublic Date getFrom() {\n return from;\n}\n\npublic void setFrom(Date from) {\n this.from = from;\n}\n\n@Temporal(TemporalType.TIMESTAMP)\npublic Date getThru() {\n return thru;\n}\n\npublic void setThru(Date thru) {\n this.thru = thru;\n}\n}","updatedContent":"package hibernate;\n//ID = 1212669\n\nimport javax.persistence.Column;\nimport com.sun.istack.internal.NotNull;\nimport javax.persistence.Temporal;\nimport java.util.Date;\nimport javax.persistence.MappedSuperclass;\nimport javax.persistence.TemporalType;\nimport org.hibernate.validator.AssertTrue;\nimport java.beans.Transient;\n\n/**\n * Several models are date range sensitive, this base class provides that basic\n * functionality.\n * \n * @author jim\n * \n */\n@MappedSuperclass\npublic abstract class hibernate_class_8 {\n\tprivate static final long serialVersionUID = 1L;\n\tprivate Date from;\n\tprivate Date thru;\n\n\t/**\n\t * Determines if a model is active. A model is active if now is after or\n\t * equal to from , and thru is either null, or after now, or equal to now.\n\t */\n\t@Transient\n\tpublic boolean isActive() {\n\t\tDate now = new Date();\n\t\tboolean afterFrom = from.before(now) || from.equals(now);\n\t\tboolean beforeThru = thru == null || thru.after(now) || thru.equals(now);\n\t\treturn afterFrom && beforeThru;\n\t}\n\n\t@AssertTrue(message = \"Dates are not valid the thru date must be empty, or after the fromdate.\")\n\tpublic boolean areDatesValid() {\n\t\tif (thru == null) {\n\t\t\treturn true;\n\t\t} else {\n\t\t\treturn thru.after(from);\n\t\t}\n\t}\n\n\t@Temporal(TemporalType.TIMESTAMP)\n\t@NotNull\n\t@Column(name = \"fromDate\")\n\tpublic Date getFrom() {\n\t\treturn from;\n\t}\n\n\tpublic void setFrom(Date from) {\n\t\tthis.from = from;\n\t}\n\n\t@Temporal(TemporalType.TIMESTAMP)\n\tpublic Date getThru() {\n\t\treturn thru;\n\t}\n\n\tpublic void setThru(Date thru) {\n\t\tthis.thru = thru;\n\t}\n}","usedLibraries":["jar:javax.persistence-2.0.3.jar:1","openjdk:jdk:1.8.0","jar:android-13.jar:1","jar:hibernate-validator.jar:1"]}