{
  "java_file": "/home/theguy/Documents/research/snr-server/src/test/resources/snippets/so/hibernate_class_48.java",
  "output_file": "StatType-Completion-output-json/hibernate_class_48.java.json",
  "exit_code": 0,
  "stdout": "/home/theguy/Documents/research/snr-server/benchmark/snippet_log/hibernate_class_48.java.stdout.866f5dc4dbe14a05891f23d99a99c7d3.txt",
  "stderr": "/home/theguy/Documents/research/snr-server/benchmark/snippet_log/hibernate_class_48.java.stderr.866f5dc4dbe14a05891f23d99a99c7d3.txt",
  "run_time": 8015761782,
  "total_imports": [
    "net.sf.gilead.core.PersistentBeanManager",
    "net.sf.gilead.core.hibernate.HibernateUtil",
    "net.sf.gilead.core.store.stateless.StatelessProxyStore",
    "net.sf.gilead.gwt.PersistentRemoteService",
    "org.hibernate.Session",
    "org.hibernate.SessionFactory",
    "org.hibernate.Transaction",
    "aQute.gwt.greeter.shared.GreetingService"
  ],
  "correct_imports": [
    "net.sf.gilead.core.hibernate.HibernateUtil",
    "org.hibernate.Session",
    "net.sf.gilead.gwt.PersistentRemoteService",
    "aQute.gwt.greeter.shared.GreetingService",
    "org.hibernate.SessionFactory",
    "net.sf.gilead.core.PersistentBeanManager",
    "net.sf.gilead.core.store.stateless.StatelessProxyStore",
    "org.hibernate.Transaction"
  ]
}