{"status":0,"problems":[],"originalContent":"package hibernate;\n//ID = 1310603\n\n\npublic class hibernate_class_11 {\n\n\n@Entity\n@Table(name = \"User\")\npublic class User implements Serializable {\n\n    private static final long serialVersionUID = 2209767646758652729L;\n\n    @Id\n    @Column(name=\"id\", nullable = false)\n    private Integer id;\n\n    @Column(name=\"name\", length = 200, nullable = true)\n    private String name;\n\n    @ManyToOne(fetch=FetchType.EAGER)\n    @JoinColumn(name = \"groupId\", nullable = false, insertable=false, updatable=false)\n    @ForeignKey(name=\"FK_GroupId\")\n    private UserGroup userGroup;\n\n    /* Getters, Setters, toString, equals & hashCode */\n}\n}","updatedContent":"package hibernate;\n//ID = 1310603\n\nimport javax.persistence.Column;\nimport javax.persistence.Entity;\nimport javax.persistence.Table;\nimport javax.persistence.ManyToOne;\nimport javax.persistence.JoinColumn;\nimport org.hibernate.annotations.ForeignKey;\nimport javax.persistence.FetchType;\nimport javax.persistence.Id;\nimport org.apache.directory.api.ldap.aci.UserClass.UserGroup;\nimport java.io.Serializable;\n\npublic class hibernate_class_11 {\n\n\t@Entity\n\t@Table(name = \"User\")\n\tpublic class User implements Serializable {\n\n\t\tprivate static final long serialVersionUID = 2209767646758652729L;\n\n\t\t@Id\n\t\t@Column(name = \"id\", nullable = false)\n\t\tprivate Integer id;\n\n\t\t@Column(name = \"name\", length = 200, nullable = true)\n\t\tprivate String name;\n\n\t\t@ManyToOne(fetch = FetchType.EAGER)\n\t\t@JoinColumn(name = \"groupId\", nullable = false, insertable = false, updatable = false)\n\t\t@ForeignKey(name = \"FK_GroupId\")\n\t\tprivate UserGroup userGroup;\n\n\t\t/* Getters, Setters, toString, equals & hashCode */\n\t}\n}","usedLibraries":["jar:javax.persistence-2.0.3.jar:1","jar:android-13.jar:1","jar:hibernate-3.5.3.jar:1","jar:api-all-2.0.1.jar:1"]}