{"status":2,"problems":[{"fileName":"hibernate_class_42.java","startLocation":1374,"endLocation":1405,"lineNumber":50,"column":43,"message":"The method lock(String, Object, LockMode) from the type Session is deprecated","problemId":67108967,"problemSeverity":"WARNING"},{"fileName":"hibernate_class_42.java","startLocation":1647,"endLocation":1658,"lineNumber":61,"column":4,"message":"The method delete(String) from the type Session is deprecated","problemId":67108967,"problemSeverity":"WARNING"},{"fileName":"hibernate_class_42.java","startLocation":2931,"endLocation":2934,"lineNumber":99,"column":15,"message":"List is a raw type. References to generic type List<E> should be parameterized","problemId":16777788,"problemSeverity":"WARNING"},{"fileName":"hibernate_class_42.java","startLocation":3046,"endLocation":3049,"lineNumber":103,"column":14,"message":"List is a raw type. References to generic type List<E> should be parameterized","problemId":16777788,"problemSeverity":"WARNING"},{"fileName":"hibernate_class_42.java","startLocation":3148,"endLocation":3154,"lineNumber":104,"column":37,"message":"Example cannot be resolved","problemId":570425394,"problemSeverity":"ERROR"}],"originalContent":"package hibernate;\n//ID = 3754253\n\n\n\npublic class hibernate_class_42 {\n\n    private static final Log log = LogFactory.getLog(hibernate_class_42.class);\n\n    private final SessionFactory sessionFactory = getSessionFactory();\n\n    protected SessionFactory getSessionFactory() {\n        try {\n            return (SessionFactory) new InitialContext()\n                    .lookup(\"java:/hibernate/SessionFactory\");\n        } catch (Exception e) {\n            log.error(\"Could not locate SessionFactory in JNDI\", e);\n            throw new IllegalStateException(\n                    \"Could not locate SessionFactory in JNDI\");\n        }\n    }\n\n    public void persist() {\n        log.debug(\"persisting Empleados instance\");\n        try {\n            sessionFactory.getCurrentSession().persist(\"aa\");\n            log.debug(\"persist successful\");\n        } catch (RuntimeException re) {\n            log.error(\"persist failed\", re);\n            throw re;\n        }\n    }\n\n    public void attachDirty() {\n        log.debug(\"attaching dirty Empleados instance\");\n        try {\n            sessionFactory.getCurrentSession().saveOrUpdate(\"aa\");\n            log.debug(\"attach successful\");\n        } catch (RuntimeException re) {\n            log.error(\"attach failed\", re);\n            throw re;\n        }\n    }\n\n    public void attachClean() {\n        log.debug(\"attaching clean Empleados instance\");\n        try {\n            sessionFactory.getCurrentSession().lock(\"aa\", sessionFactory, null);\n            log.debug(\"attach successful\");\n        } catch (RuntimeException re) {\n            log.error(\"attach failed\", re);\n            throw re;\n        }\n    }\n\n    public void delete() {\n        log.debug(\"deleting Empleados instance\");\n        try {\n            sessionFactory.getCurrentSession().delete(\"aa\");\n            log.debug(\"delete successful\");\n        } catch (RuntimeException re) {\n            log.error(\"delete failed\", re);\n            throw re;\n        }\n    }\n\n//    public Empleados merge(Empleados detachedInstance) {\n//        log.debug(\"merging Empleados instance\");\n//        try {\n//            Empleados result = (Empleados) sessionFactory.getCurrentSession()\n//                    .merge(detachedInstance);\n//            log.debug(\"merge successful\");\n//            return result;\n//        } catch (RuntimeException re) {\n//            log.error(\"merge failed\", re);\n//            throw re;\n//        }\n//    }\n//\n//    public Empleados findById(java.lang.Integer id) {\n//        log.debug(\"getting Empleados instance with id: \" + id);\n//        try {\n//            Empleados instance = (Empleados) sessionFactory.getCurrentSession()\n//                    .get(\"com.hibernate.Empleados\", id);\n//            if (instance == null) {\n//                log.debug(\"get successful, no instance found\");\n//            } else {\n//                log.debug(\"get successful, instance found\");\n//            }\n//            return instance;\n//        } catch (RuntimeException re) {\n//            log.error(\"get failed\", re);\n//            throw re;\n//        }\n//    }\n\n    public List findByExample() {\n        log.debug(\"finding Empleados instance by example\");\n        try {\n            Object instance = null;\n\t\t\tList results = sessionFactory.getCurrentSession().createCriteria(\n                    \"com.hibernate.Empleados\").add(Example.create(instance))\n                    .list();\n            log.debug(\"find by example successful, result size: \"\n                    + results.size());\n            return results;\n        } catch (RuntimeException re) {\n            log.error(\"find by example failed\", re);\n            throw re;\n        }\n    }\n}","updatedContent":"package hibernate;\n//ID = 3754253\n\nimport javax.naming.InitialContext;\nimport java.util.List;\nimport org.apache.commons.logging.LogFactory;\nimport org.apache.commons.logging.Log;\nimport org.hibernate.SessionFactory;\n\npublic class hibernate_class_42 {\n\n\tprivate static final Log log = LogFactory.getLog(hibernate_class_42.class);\n\n\tprivate final SessionFactory sessionFactory = getSessionFactory();\n\n\tprotected SessionFactory getSessionFactory() {\n\t\ttry {\n\t\t\treturn (SessionFactory) new InitialContext().lookup(\"java:/hibernate/SessionFactory\");\n\t\t} catch (Exception e) {\n\t\t\tlog.error(\"Could not locate SessionFactory in JNDI\", e);\n\t\t\tthrow new IllegalStateException(\"Could not locate SessionFactory in JNDI\");\n\t\t}\n\t}\n\n\tpublic void persist() {\n\t\tlog.debug(\"persisting Empleados instance\");\n\t\ttry {\n\t\t\tsessionFactory.getCurrentSession().persist(\"aa\");\n\t\t\tlog.debug(\"persist successful\");\n\t\t} catch (RuntimeException re) {\n\t\t\tlog.error(\"persist failed\", re);\n\t\t\tthrow re;\n\t\t}\n\t}\n\n\tpublic void attachDirty() {\n\t\tlog.debug(\"attaching dirty Empleados instance\");\n\t\ttry {\n\t\t\tsessionFactory.getCurrentSession().saveOrUpdate(\"aa\");\n\t\t\tlog.debug(\"attach successful\");\n\t\t} catch (RuntimeException re) {\n\t\t\tlog.error(\"attach failed\", re);\n\t\t\tthrow re;\n\t\t}\n\t}\n\n\tpublic void attachClean() {\n\t\tlog.debug(\"attaching clean Empleados instance\");\n\t\ttry {\n\t\t\tsessionFactory.getCurrentSession().lock(\"aa\", sessionFactory, null);\n\t\t\tlog.debug(\"attach successful\");\n\t\t} catch (RuntimeException re) {\n\t\t\tlog.error(\"attach failed\", re);\n\t\t\tthrow re;\n\t\t}\n\t}\n\n\tpublic void delete() {\n\t\tlog.debug(\"deleting Empleados instance\");\n\t\ttry {\n\t\t\tsessionFactory.getCurrentSession().delete(\"aa\");\n\t\t\tlog.debug(\"delete successful\");\n\t\t} catch (RuntimeException re) {\n\t\t\tlog.error(\"delete failed\", re);\n\t\t\tthrow re;\n\t\t}\n\t}\n\n\t//    public Empleados merge(Empleados detachedInstance) {\n\t//        log.debug(\"merging Empleados instance\");\n\t//        try {\n\t//            Empleados result = (Empleados) sessionFactory.getCurrentSession()\n\t//                    .merge(detachedInstance);\n\t//            log.debug(\"merge successful\");\n\t//            return result;\n\t//        } catch (RuntimeException re) {\n\t//            log.error(\"merge failed\", re);\n\t//            throw re;\n\t//        }\n\t//    }\n\t//\n\t//    public Empleados findById(java.lang.Integer id) {\n\t//        log.debug(\"getting Empleados instance with id: \" + id);\n\t//        try {\n\t//            Empleados instance = (Empleados) sessionFactory.getCurrentSession()\n\t//                    .get(\"com.hibernate.Empleados\", id);\n\t//            if (instance == null) {\n\t//                log.debug(\"get successful, no instance found\");\n\t//            } else {\n\t//                log.debug(\"get successful, instance found\");\n\t//            }\n\t//            return instance;\n\t//        } catch (RuntimeException re) {\n\t//            log.error(\"get failed\", re);\n\t//            throw re;\n\t//        }\n\t//    }\n\n\tpublic List findByExample() {\n\t\tlog.debug(\"finding Empleados instance by example\");\n\t\ttry {\n\t\t\tObject instance = null;\n\t\t\tList results = sessionFactory.getCurrentSession().createCriteria(\"com.hibernate.Empleados\")\n\t\t\t\t\t.add(Example.create(instance)).list();\n\t\t\tlog.debug(\"find by example successful, result size: \" + results.size());\n\t\t\treturn results;\n\t\t} catch (RuntimeException re) {\n\t\t\tlog.error(\"find by example failed\", re);\n\t\t\tthrow re;\n\t\t}\n\t}\n}","usedLibraries":["openjdk:jdk:1.8.0","jar:android-13.jar:1","jar:hibernate-3.5.3.jar:1","jar:commons-logging-1.1.jar:1"]}