{
  "java_file": "/home/theguy/Documents/research/snr-server/src/test/resources/snippets/so/hibernate_class_9.java",
  "output_file": "StatType-Completion-output-json/hibernate_class_9.java.json",
  "exit_code": 0,
  "stdout": "/home/theguy/Documents/research/snr-server/benchmark/snippet_log/hibernate_class_9.java.stdout.b328abe4ef004099b19be30ada092cfc.txt",
  "stderr": "/home/theguy/Documents/research/snr-server/benchmark/snippet_log/hibernate_class_9.java.stderr.b328abe4ef004099b19be30ada092cfc.txt",
  "run_time": 6572463248,
  "total_imports": [
    "java.io.Serializable",
    "java.util.List",
    "org.hibernate.Session"
  ],
  "correct_imports": [
    "java.util.List",
    "org.hibernate.Session",
    "java.io.Serializable"
  ]
}