{
  "java_file": "/home/theguy/Documents/research/snr-server/src/test/resources/snippets/so/hibernate_class_18.java",
  "output_file": "StatType-Completion-output-json/hibernate_class_18.java.json",
  "exit_code": 0,
  "stdout": "/home/theguy/Documents/research/snr-server/benchmark/snippet_log/hibernate_class_18.java.stdout.15acfa2af92341d08579dca33dea17aa.txt",
  "stderr": "/home/theguy/Documents/research/snr-server/benchmark/snippet_log/hibernate_class_18.java.stderr.15acfa2af92341d08579dca33dea17aa.txt",
  "run_time": 6857499827,
  "total_imports": [
    "org.hibernate.SessionFactory",
    "org.hibernate.cfg.Configuration"
  ],
  "correct_imports": [
    "org.hibernate.cfg.Configuration",
    "org.hibernate.SessionFactory"
  ]
}