{"status":2,"problems":[{"fileName":"hibernate_class_48.java","startLocation":421,"endLocation":438,"lineNumber":13,"column":25,"message":"The hierarchy of the type hibernate_class_48 is inconsistent","problemId":16777543,"problemSeverity":"ERROR"},{"fileName":"hibernate_class_48.java","startLocation":448,"endLocation":470,"lineNumber":13,"column":52,"message":"The type com.google.gwt.user.server.rpc.RemoteServiceServlet cannot be resolved. It is indirectly referenced from required .class files","problemId":16777540,"problemSeverity":"ERROR"},{"fileName":"hibernate_class_48.java","startLocation":483,"endLocation":497,"lineNumber":13,"column":87,"message":"The type com.google.gwt.user.client.rpc.RemoteService cannot be resolved. It is indirectly referenced from required .class files","problemId":16777540,"problemSeverity":"ERROR"}],"originalContent":"package hibernate;\n//ID = 4346254\n\n\n\npublic abstract class hibernate_class_48 extends PersistentRemoteService implements GreetingService \n{\n\n    private static final long serialVersionUID = 1L;\n    private HibernateUtil gileadHibernateUtil = new HibernateUtil();\n    public hibernate_class_48 ()\n    {\n    \tSessionFactory session = null;\n         gileadHibernateUtil.setSessionFactory(session);\n\n                PersistentBeanManager persistentBeanManager = new PersistentBeanManager();\n                persistentBeanManager.setPersistenceUtil(gileadHibernateUtil);\n                persistentBeanManager.setProxyStore(new StatelessProxyStore());\n\n                setBeanManager(persistentBeanManager);\n    }\n\n    public String greetServer(String S) \n    {\n        Session session = gileadHibernateUtil.getSessionFactory().openSession();\n        Transaction tr= session.beginTransaction();\n        session.save(S);\n        tr.commit();\n        session.close();\n         return S;\n      }\n\n\n}","updatedContent":"package hibernate;\n//ID = 4346254\n\nimport net.sf.gilead.core.hibernate.HibernateUtil;\nimport org.hibernate.Session;\nimport net.sf.gilead.gwt.PersistentRemoteService;\nimport aQute.gwt.greeter.shared.GreetingService;\nimport org.hibernate.SessionFactory;\nimport net.sf.gilead.core.PersistentBeanManager;\nimport net.sf.gilead.core.store.stateless.StatelessProxyStore;\nimport org.hibernate.Transaction;\n\npublic abstract class hibernate_class_48 extends PersistentRemoteService implements GreetingService {\n\n\tprivate static final long serialVersionUID = 1L;\n\tprivate HibernateUtil gileadHibernateUtil = new HibernateUtil();\n\n\tpublic hibernate_class_48() {\n\t\tSessionFactory session = null;\n\t\tgileadHibernateUtil.setSessionFactory(session);\n\n\t\tPersistentBeanManager persistentBeanManager = new PersistentBeanManager();\n\t\tpersistentBeanManager.setPersistenceUtil(gileadHibernateUtil);\n\t\tpersistentBeanManager.setProxyStore(new StatelessProxyStore());\n\n\t\tsetBeanManager(persistentBeanManager);\n\t}\n\n\tpublic String greetServer(String S) {\n\t\tSession session = gileadHibernateUtil.getSessionFactory().openSession();\n\t\tTransaction tr = session.beginTransaction();\n\t\tsession.save(S);\n\t\ttr.commit();\n\t\tsession.close();\n\t\treturn S;\n\t}\n\n}","usedLibraries":["jar:aqute.gwt.greeter.jar:1","jar:gilead-core-1.3.2.jar:1","jar:hibernate-3.5.3.jar:1","jar:gilead-hibernate-1.3.2.jar:1","jar:gilead-adapter4gwt-1.2.3.823.jar:1"]}