{
  "java_file": "/home/theguy/Documents/research/snr-server/src/test/resources/snippets/so/hibernate_class_22.java",
  "output_file": "StatType-Completion-output-json/hibernate_class_22.java.json",
  "exit_code": 0,
  "stdout": "/home/theguy/Documents/research/snr-server/benchmark/snippet_log/hibernate_class_22.java.stdout.0fc53e8e0fa7479b8206de4b4f57caa2.txt",
  "stderr": "/home/theguy/Documents/research/snr-server/benchmark/snippet_log/hibernate_class_22.java.stderr.0fc53e8e0fa7479b8206de4b4f57caa2.txt",
  "run_time": 8524256616,
  "total_imports": [
    "org.hibernate.Query",
    "org.hibernate.Session",
    "org.hibernate.SessionFactory",
    "org.hibernate.cfg.Configuration",
    "org.json.JSONObject"
  ],
  "correct_imports": [
    "org.hibernate.Session",
    "org.hibernate.cfg.Configuration",
    "org.hibernate.Query",
    "org.hibernate.SessionFactory"
  ]
}