{
  "java_file": "/home/theguy/Documents/research/snr-server/src/test/resources/snippets/so/hibernate_class_29.java",
  "output_file": "StatType-Completion-output-json/hibernate_class_29.java.json",
  "exit_code": 0,
  "stdout": "/home/theguy/Documents/research/snr-server/benchmark/snippet_log/hibernate_class_29.java.stdout.f321698e37cf4bc6a82ec049d18d2fab.txt",
  "stderr": "/home/theguy/Documents/research/snr-server/benchmark/snippet_log/hibernate_class_29.java.stderr.f321698e37cf4bc6a82ec049d18d2fab.txt",
  "run_time": 8011045692,
  "total_imports": [
    "java.util.List",
    "org.hibernate.Criteria",
    "org.hibernate.Session",
    "org.hibernate.SessionFactory",
    "org.hibernate.criterion.Projections"
  ],
  "correct_imports": [
    "java.util.List",
    "org.hibernate.Criteria",
    "org.hibernate.Session",
    "org.hibernate.SessionFactory",
    "org.hibernate.criterion.Projections"
  ]
}