{
  "java_file": "/home/theguy/Documents/research/snr-server/src/test/resources/snippets/so/hibernate_class_33.java",
  "output_file": "StatType-Completion-output-json/hibernate_class_33.java.json",
  "exit_code": 0,
  "stdout": "/home/theguy/Documents/research/snr-server/benchmark/snippet_log/hibernate_class_33.java.stdout.f0f6eab3e43844c0948f3e49f5399670.txt",
  "stderr": "/home/theguy/Documents/research/snr-server/benchmark/snippet_log/hibernate_class_33.java.stderr.f0f6eab3e43844c0948f3e49f5399670.txt",
  "run_time": 5245626842,
  "total_imports": [
    "org.hibernate.Session",
    "org.hibernate.SessionFactory",
    "org.hibernate.cfg.Configuration"
  ],
  "correct_imports": [
    "org.hibernate.Session",
    "org.hibernate.cfg.Configuration",
    "org.hibernate.SessionFactory"
  ]
}