{
  "java_file": "/home/theguy/Documents/research/snr-server/src/test/resources/snippets/so/hibernate_class_39.java",
  "output_file": "StatType-Completion-output-json/hibernate_class_39.java.json",
  "exit_code": 0,
  "stdout": "/home/theguy/Documents/research/snr-server/benchmark/snippet_log/hibernate_class_39.java.stdout.16b3b532ad5549be9aac3f37969c9bd5.txt",
  "stderr": "/home/theguy/Documents/research/snr-server/benchmark/snippet_log/hibernate_class_39.java.stderr.16b3b532ad5549be9aac3f37969c9bd5.txt",
  "run_time": 9275217661,
  "total_imports": [
    "java.io.Serializable",
    "java.util.List",
    "java.util.Map",
    "org.appfuse.dao.GenericDao",
    "org.appfuse.dao.SearchException",
    "org.hibernate.Session",
    "org.hibernate.SessionFactory",
    "org.hibernate.Transaction",
    "org.springframework.transaction.annotation.Transactional"
  ],
  "correct_imports": [
    "java.util.Map",
    "org.appfuse.dao.GenericDao",
    "java.util.List",
    "org.hibernate.Session",
    "org.hibernate.SessionFactory",
    "org.appfuse.dao.SearchException",
    "org.springframework.transaction.annotation.Transactional",
    "java.io.Serializable",
    "org.hibernate.Transaction"
  ]
}