{
  "java_file": "/home/theguy/Documents/research/snr-server/src/test/resources/snippets/so/hibernate_class_49.java",
  "output_file": "StatType-Completion-output-json/hibernate_class_49.java.json",
  "exit_code": 0,
  "stdout": "/home/theguy/Documents/research/snr-server/benchmark/snippet_log/hibernate_class_49.java.stdout.ae1775cbe2a8421bba719fa931c17ccc.txt",
  "stderr": "/home/theguy/Documents/research/snr-server/benchmark/snippet_log/hibernate_class_49.java.stderr.ae1775cbe2a8421bba719fa931c17ccc.txt",
  "run_time": 7241287415,
  "total_imports": [
    "java.io.Serializable",
    "javax.persistence.Entity",
    "javax.persistence.Id",
    "javax.persistence.Version",
    "org.hibernate.annotations.NaturalId"
  ],
  "correct_imports": [
    "javax.persistence.Entity",
    "org.hibernate.annotations.NaturalId",
    "java.io.Serializable",
    "javax.persistence.Version"
  ]
}