{
  "java_file": "/home/theguy/Documents/research/snr-server/src/test/resources/snippets/so/hibernate_class_23.java",
  "output_file": "StatType-Completion-output-json/hibernate_class_23.java.json",
  "exit_code": 0,
  "stdout": "/home/theguy/Documents/research/snr-server/benchmark/snippet_log/hibernate_class_23.java.stdout.51e382b277fa4aba91aa87a5dbadf1f3.txt",
  "stderr": "/home/theguy/Documents/research/snr-server/benchmark/snippet_log/hibernate_class_23.java.stderr.51e382b277fa4aba91aa87a5dbadf1f3.txt",
  "run_time": 8612340675,
  "total_imports": [
    "org.hibernate.HibernateException",
    "org.hibernate.Session",
    "org.hibernate.cfg.AnnotationConfiguration",
    "org.hibernate.cfg.Configuration"
  ],
  "correct_imports": [
    "org.hibernate.Session",
    "org.hibernate.cfg.Configuration",
    "org.hibernate.HibernateException",
    "org.hibernate.cfg.AnnotationConfiguration"
  ]
}