{"status":2,"problems":[{"fileName":"hibernate_class_35.java","startLocation":442,"endLocation":474,"lineNumber":16,"column":20,"message":"Cannot make a static reference to the non-static method getSessionFactory() from the type HibernateUtil","problemId":603979977,"problemSeverity":"ERROR"},{"fileName":"hibernate_class_35.java","startLocation":679,"endLocation":682,"lineNumber":22,"column":6,"message":"List is a raw type. References to generic type List<E> should be parameterized","problemId":16777788,"problemSeverity":"WARNING"},{"fileName":"hibernate_class_35.java","startLocation":713,"endLocation":720,"lineNumber":23,"column":4,"message":"Iterator is a raw type. References to generic type Iterator<E> should be parameterized","problemId":16777788,"problemSeverity":"WARNING"}],"originalContent":"package hibernate;\n//ID = 3509824\n\n\npublic class hibernate_class_35 {    \n\tpublic static void main(String[] args) {\n\t    BasicConfigurator.configure();\n\t    Session session = HibernateUtil.getSessionFactory().openSession();\n\t    Transaction transaction = null;\n\t    try {\n\t        transaction = session.beginTransaction();\n//\t        Label label = new Label(\"vijay\");\n\t        Query query=session.createQuery(\"from vij\");\n\t        List list=query.list();\n\t            for (Iterator it=list.iterator();it.hasNext();)\n\t        {\n//\t            System.out.println(label.getId());          \n\t        }\n\t            transaction.commit();\n\n\t    } catch (HibernateException e) {\n\n\t        if (transaction != null) {\n\t              transaction.rollback();\n\t                        }\n\t                    e.printStackTrace();\n\t    } finally {\n\t        session.close();\n\t    }\n\n\t}\n}","updatedContent":"package hibernate;\n//ID = 3509824\n\nimport java.util.List;\nimport net.sf.gilead.core.hibernate.HibernateUtil;\nimport org.hibernate.Session;\nimport java.util.Iterator;\nimport org.apache.log4j.BasicConfigurator;\nimport org.hibernate.Query;\nimport org.hibernate.HibernateException;\nimport org.hibernate.Transaction;\n\npublic class hibernate_class_35 {\n\tpublic static void main(String[] args) {\n\t\tBasicConfigurator.configure();\n\t\tSession session = HibernateUtil.getSessionFactory().openSession();\n\t\tTransaction transaction = null;\n\t\ttry {\n\t\t\ttransaction = session.beginTransaction();\n\t\t\t//\t        Label label = new Label(\"vijay\");\n\t\t\tQuery query = session.createQuery(\"from vij\");\n\t\t\tList list = query.list();\n\t\t\tfor (Iterator it = list.iterator(); it.hasNext();) {\n\t\t\t\t//\t            System.out.println(label.getId());          \n\t\t\t}\n\t\t\ttransaction.commit();\n\n\t\t} catch (HibernateException e) {\n\n\t\t\tif (transaction != null) {\n\t\t\t\ttransaction.rollback();\n\t\t\t}\n\t\t\te.printStackTrace();\n\t\t} finally {\n\t\t\tsession.close();\n\t\t}\n\n\t}\n}","usedLibraries":["jar:hibernate-3.5.3.jar:1","jar:android-13.jar:1","jar:gilead-hibernate-1.3.2.jar:1","jar:log4j-1.2.15.jar:1"]}