{"status":2,"problems":[{"fileName":"hibernate_class_41.java","startLocation":462,"endLocation":494,"lineNumber":14,"column":0,"message":"Cannot make a static reference to the non-static method getSessionFactory() from the type HibernateUtil","problemId":603979977,"problemSeverity":"ERROR"}],"originalContent":"package hibernate;\n//ID = 3713829\n\npublic class hibernate_class_41 {\n\t@SuppressWarnings(\"null\")\n\tpublic static List list(Class<?> className,int start,int limit,String[] searchFilter){\n\t    Session session = HibernateUtil.getSessionFactory().openSession();\n\t    Transaction transaction = null; \n\t    try {\n\t        transaction = session.beginTransaction();\n\n\t        Criteria criteria = session.createCriteria(className);\n\t        criteria.setFirstResult(start);\n\t        criteria.setMaxResults(limit);\n\t        \n\t        for(String sf : searchFilter){\n\t            String[] values = null;\n\t            if(values == null){\n\t                if(values.length == 1) {\n\t                    criteria.add(Restrictions.eq(sf, values[0]));\n\t                }else{\n\t                    criteria.add(Restrictions.in(sf, values));\n\t                }\n\t            }\n\t        }\n\n//\t        List Objects = criteria.list();\n\t        transaction.commit();\n\n//\t        return Objects;\n\t    }catch (Exception e) {\n\t        transaction.rollback();\n\t        e.printStackTrace();\n\t    }finally{\n\t        session.close();\n\t    }\n\n\t    return null;\n\t}\n}","updatedContent":"package hibernate;\n//ID = 3713829\n\nimport com.sun.xml.internal.bind.v2.schemagen.xmlschema.List;\nimport org.hibernate.Criteria;\nimport net.sf.gilead.core.hibernate.HibernateUtil;\nimport org.hibernate.Session;\nimport org.hibernate.criterion.Restrictions;\nimport org.hibernate.Transaction;\n\npublic class hibernate_class_41 {\n\t@SuppressWarnings(\"null\")\n\tpublic static List list(Class<?> className, int start, int limit, String[] searchFilter) {\n\t\tSession session = HibernateUtil.getSessionFactory().openSession();\n\t\tTransaction transaction = null;\n\t\ttry {\n\t\t\ttransaction = session.beginTransaction();\n\n\t\t\tCriteria criteria = session.createCriteria(className);\n\t\t\tcriteria.setFirstResult(start);\n\t\t\tcriteria.setMaxResults(limit);\n\n\t\t\tfor (String sf : searchFilter) {\n\t\t\t\tString[] values = null;\n\t\t\t\tif (values == null) {\n\t\t\t\t\tif (values.length == 1) {\n\t\t\t\t\t\tcriteria.add(Restrictions.eq(sf, values[0]));\n\t\t\t\t\t} else {\n\t\t\t\t\t\tcriteria.add(Restrictions.in(sf, values));\n\t\t\t\t\t}\n\t\t\t\t}\n\t\t\t}\n\n\t\t\t//\t        List Objects = criteria.list();\n\t\t\ttransaction.commit();\n\n\t\t\t//\t        return Objects;\n\t\t} catch (Exception e) {\n\t\t\ttransaction.rollback();\n\t\t\te.printStackTrace();\n\t\t} finally {\n\t\t\tsession.close();\n\t\t}\n\n\t\treturn null;\n\t}\n}","usedLibraries":["openjdk:jdk:1.8.0","jar:hibernate-3.5.3.jar:1","jar:gilead-hibernate-1.3.2.jar:1"]}