{
  "java_file": "/home/theguy/Documents/research/snr-server/src/test/resources/snippets/so/hibernate_class_21.java",
  "output_file": "StatType-Completion-output-json/hibernate_class_21.java.json",
  "exit_code": 0,
  "stdout": "/home/theguy/Documents/research/snr-server/benchmark/snippet_log/hibernate_class_21.java.stdout.05938015272144e189972a388cb351bc.txt",
  "stderr": "/home/theguy/Documents/research/snr-server/benchmark/snippet_log/hibernate_class_21.java.stderr.05938015272144e189972a388cb351bc.txt",
  "run_time": 5776609450,
  "total_imports": [
    "org.hibernate.Session",
    "org.hibernate.SessionFactory",
    "org.hibernate.Transaction",
    "org.hibernate.cfg.Configuration"
  ],
  "correct_imports": [
    "org.hibernate.Session",
    "org.hibernate.cfg.Configuration",
    "org.hibernate.SessionFactory",
    "org.hibernate.Transaction"
  ]
}