{"status":2,"problems":[{"fileName":"hibernate_class_17.java","startLocation":2195,"endLocation":2216,"lineNumber":47,"column":-1,"message":"The type new ShardStrategyFactory(){} must implement the inherited abstract method ShardStrategyFactory.newShardStrategy(List)","problemId":67109264,"problemSeverity":"ERROR"},{"fileName":"hibernate_class_17.java","startLocation":2245,"endLocation":2285,"lineNumber":48,"column":-1,"message":"The method newShardStrategy1(List<ShardId>) from the type new ShardStrategyFactory(){} is never used locally","problemId":603979894,"problemSeverity":"WARNING"},{"fileName":"hibernate_class_17.java","startLocation":2713,"endLocation":2748,"lineNumber":57,"column":-1,"message":"Name clash: The method newShardStrategy(List<ShardId>) of type new ShardStrategyFactory(){} has the same erasure as newShardStrategy(List) of type ShardStrategyFactory but does not override it","problemId":67109424,"problemSeverity":"ERROR"},{"fileName":"hibernate_class_17.java","startLocation":2713,"endLocation":2748,"lineNumber":57,"column":-1,"message":"The method newShardStrategy(List<ShardId>) of type new ShardStrategyFactory(){} must override or implement a supertype method","problemId":67109498,"problemSeverity":"ERROR"}],"originalContent":"package hibernate;\n//ID = 1938476\n\n\n\npublic class hibernate_class_17 {\n\tpublic class SessionFactoryImpl {\n\n\t    private static final String SHARD_CFG_0 = \"/com/hibshards/config/shard0.hibernate.cfg.xml\";\n\t    private static final String SHARD_CFG_1 = \"/com/hibshards/config/shard1.hibernate.cfg.xml\";\n\t    private static final String SHARDED_TABLE = \"com/hibshards/orm/weather.hbm.xml\";\n\n\t    public SessionFactory createSessionFactory() throws NamingException {\n\t     Configuration prototypeConfig = new Configuration().configure( SHARD_CFG_0 );\n\t     prototypeConfig.addResource( SHARDED_TABLE );\n\n\t     List<ShardConfiguration> shardConfigs = new ArrayList<ShardConfiguration>();\n\t     shardConfigs.add( buildShardConfig( SHARD_CFG_0 ) );\n\t     shardConfigs.add( buildShardConfig( SHARD_CFG_1 ) );\n\n\t     ShardStrategyFactory shardStrategyFactory = buildShardStrategyFactory();\n\t     ShardedConfiguration shardedConfig = new ShardedConfiguration(\n\t       prototypeConfig,\n\t       shardConfigs,\n\t       shardStrategyFactory);\n\t     return shardedConfig.buildShardedSessionFactory();\n\t    }\n\n\t    private ShardStrategyFactory buildShardStrategyFactory() {\n\n\t     ShardStrategyFactory shardStrategyFactory = new ShardStrategyFactory() {\n\t      public ShardStrategy newShardStrategy1(List<ShardId> shardIds) {\n\t       RoundRobinShardLoadBalancer loadBalancer = new RoundRobinShardLoadBalancer( shardIds );\n\t       ShardSelectionStrategy pss = new RoundRobinShardSelectionStrategy( loadBalancer );\n\t       ShardResolutionStrategy prs = new AllShardsShardResolutionStrategy( shardIds );\n\t       ShardAccessStrategy pas = new SequentialShardAccessStrategy();\n\t       return new ShardStrategyImpl( pss, prs, pas );\n\t      }\n\n\t\t@Override\n\t\tpublic ShardStrategy newShardStrategy(List<ShardId> arg0) {\n\t\t\t// TODO Auto-generated method stub\n\t\t\treturn null;\n\t\t}\n\t     };\n\t     return shardStrategyFactory;\n\t    }\n\n\t    private ShardConfiguration buildShardConfig( String configFile ) {\n\t     Configuration config = new Configuration().configure( configFile );\n\t     return new ConfigurationToShardConfigurationAdapter( config );\n\t    }\n\t}\n}","updatedContent":"package hibernate;\n//ID = 1938476\n\nimport org.hibernate.shards.strategy.selection.RoundRobinShardSelectionStrategy;\nimport org.hibernate.shards.strategy.resolution.ShardResolutionStrategy;\nimport org.hibernate.shards.strategy.ShardStrategy;\nimport org.hibernate.shards.loadbalance.RoundRobinShardLoadBalancer;\nimport org.hibernate.shards.strategy.access.ShardAccessStrategy;\nimport org.hibernate.shards.strategy.ShardStrategyImpl;\nimport javax.naming.NamingException;\nimport org.hibernate.shards.ShardId;\nimport org.hibernate.shards.strategy.access.SequentialShardAccessStrategy;\nimport org.hibernate.SessionFactory;\nimport org.hibernate.shards.cfg.ConfigurationToShardConfigurationAdapter;\nimport org.hibernate.shards.strategy.selection.ShardSelectionStrategy;\nimport java.util.ArrayList;\nimport java.util.List;\nimport org.hibernate.shards.strategy.resolution.AllShardsShardResolutionStrategy;\nimport org.hibernate.cfg.Configuration;\nimport org.hibernate.shards.ShardedConfiguration;\nimport org.hibernate.shards.strategy.ShardStrategyFactory;\nimport org.hibernate.shards.cfg.ShardConfiguration;\n\npublic class hibernate_class_17 {\n\tpublic class SessionFactoryImpl {\n\n\t\tprivate static final String SHARD_CFG_0 = \"/com/hibshards/config/shard0.hibernate.cfg.xml\";\n\t\tprivate static final String SHARD_CFG_1 = \"/com/hibshards/config/shard1.hibernate.cfg.xml\";\n\t\tprivate static final String SHARDED_TABLE = \"com/hibshards/orm/weather.hbm.xml\";\n\n\t\tpublic SessionFactory createSessionFactory() throws NamingException {\n\t\t\tConfiguration prototypeConfig = new Configuration().configure(SHARD_CFG_0);\n\t\t\tprototypeConfig.addResource(SHARDED_TABLE);\n\n\t\t\tList<ShardConfiguration> shardConfigs = new ArrayList<ShardConfiguration>();\n\t\t\tshardConfigs.add(buildShardConfig(SHARD_CFG_0));\n\t\t\tshardConfigs.add(buildShardConfig(SHARD_CFG_1));\n\n\t\t\tShardStrategyFactory shardStrategyFactory = buildShardStrategyFactory();\n\t\t\tShardedConfiguration shardedConfig = new ShardedConfiguration(prototypeConfig, shardConfigs,\n\t\t\t\t\tshardStrategyFactory);\n\t\t\treturn shardedConfig.buildShardedSessionFactory();\n\t\t}\n\n\t\tprivate ShardStrategyFactory buildShardStrategyFactory() {\n\n\t\t\tShardStrategyFactory shardStrategyFactory = new ShardStrategyFactory() {\n\t\t\t\tpublic ShardStrategy newShardStrategy1(List<ShardId> shardIds) {\n\t\t\t\t\tRoundRobinShardLoadBalancer loadBalancer = new RoundRobinShardLoadBalancer(shardIds);\n\t\t\t\t\tShardSelectionStrategy pss = new RoundRobinShardSelectionStrategy(loadBalancer);\n\t\t\t\t\tShardResolutionStrategy prs = new AllShardsShardResolutionStrategy(shardIds);\n\t\t\t\t\tShardAccessStrategy pas = new SequentialShardAccessStrategy();\n\t\t\t\t\treturn new ShardStrategyImpl(pss, prs, pas);\n\t\t\t\t}\n\n\t\t\t\t@Override\n\t\t\t\tpublic ShardStrategy newShardStrategy(List<ShardId> arg0) {\n\t\t\t\t\t// TODO Auto-generated method stub\n\t\t\t\t\treturn null;\n\t\t\t\t}\n\t\t\t};\n\t\t\treturn shardStrategyFactory;\n\t\t}\n\n\t\tprivate ShardConfiguration buildShardConfig(String configFile) {\n\t\t\tConfiguration config = new Configuration().configure(configFile);\n\t\t\treturn new ConfigurationToShardConfigurationAdapter(config);\n\t\t}\n\t}\n}","usedLibraries":["openjdk:jdk:1.8.0","jar:hibernate-3.5.3.jar:1","jar:android-13.jar:1","jar:hibernate-shards.jar:1"]}