{
  "java_file": "/home/theguy/Documents/research/snr-server/src/test/resources/snippets/so/hibernate_class_46.java",
  "output_file": "StatType-Completion-output-json/hibernate_class_46.java.json",
  "exit_code": 0,
  "stdout": "/home/theguy/Documents/research/snr-server/benchmark/snippet_log/hibernate_class_46.java.stdout.7ee613705bce4414bce2653bd57eccc2.txt",
  "stderr": "/home/theguy/Documents/research/snr-server/benchmark/snippet_log/hibernate_class_46.java.stderr.7ee613705bce4414bce2653bd57eccc2.txt",
  "run_time": 5065757326,
  "total_imports": [
    "org.hibernate.CacheMode",
    "org.hibernate.HibernateException",
    "org.hibernate.JDBCException",
    "org.hibernate.Session",
    "org.hibernate.SessionFactory"
  ],
  "correct_imports": [
    "org.hibernate.JDBCException",
    "org.hibernate.Session",
    "org.hibernate.SessionFactory",
    "org.hibernate.HibernateException",
    "org.hibernate.CacheMode"
  ]
}