{"status":0,"problems":[],"originalContent":"package hibernate;\n//ID = 1080766\n\npublic class hibernate_class_5 {\n\n    private static final SessionFactory sessionFactory = buildSessionFactory();\n\n    private static SessionFactory buildSessionFactory() {\n        try {\n            // Create the SessionFactory from hibernate.cfg.xml\n            return new Configuration().configure().buildSessionFactory();\n        }\n        catch (Throwable ex) {\n            // Make sure you log the exception, as it might be swallowed\n            System.err.println(\"Initial SessionFactory creation failed.\" + ex);\n            throw new ExceptionInInitializerError(ex);\n        }\n    }\n\n    public static SessionFactory getSessionFactory() {\n        return sessionFactory;\n    }\n\n}","updatedContent":"package hibernate;\n//ID = 1080766\n\nimport org.hibernate.cfg.Configuration;\nimport org.hibernate.SessionFactory;\n\npublic class hibernate_class_5 {\n\n\tprivate static final SessionFactory sessionFactory = buildSessionFactory();\n\n\tprivate static SessionFactory buildSessionFactory() {\n\t\ttry {\n\t\t\t// Create the SessionFactory from hibernate.cfg.xml\n\t\t\treturn new Configuration().configure().buildSessionFactory();\n\t\t} catch (Throwable ex) {\n\t\t\t// Make sure you log the exception, as it might be swallowed\n\t\t\tSystem.err.println(\"Initial SessionFactory creation failed.\" + ex);\n\t\t\tthrow new ExceptionInInitializerError(ex);\n\t\t}\n\t}\n\n\tpublic static SessionFactory getSessionFactory() {\n\t\treturn sessionFactory;\n\t}\n\n}","usedLibraries":["jar:hibernate-3.5.3.jar:1"]}