{
  "java_file": "/home/theguy/Documents/research/snr-server/src/test/resources/snippets/so/hibernate_class_12.java",
  "output_file": "StatType-Completion-output-json/hibernate_class_12.java.json",
  "exit_code": 0,
  "stdout": "/home/theguy/Documents/research/snr-server/benchmark/snippet_log/hibernate_class_12.java.stdout.7eae60d3ecf64b51a65d3dd63bcbd8b1.txt",
  "stderr": "/home/theguy/Documents/research/snr-server/benchmark/snippet_log/hibernate_class_12.java.stderr.7eae60d3ecf64b51a65d3dd63bcbd8b1.txt",
  "run_time": 12052239788,
  "total_imports": [
    "javax.faces.context.FacesContext",
    "org.hibernate.Session",
    "org.hibernate.SessionFactory",
    "org.hibernate.Transaction",
    "org.hibernate.cfg.Configuration"
  ],
  "correct_imports": [
    "org.hibernate.Session",
    "org.hibernate.cfg.Configuration",
    "org.hibernate.SessionFactory",
    "org.hibernate.Transaction"
  ]
}