{
  "java_file": "/home/theguy/Documents/research/snr-server/src/test/resources/snippets/so/hibernate_class_47.java",
  "output_file": "StatType-Completion-output-json/hibernate_class_47.java.json",
  "exit_code": 0,
  "stdout": "/home/theguy/Documents/research/snr-server/benchmark/snippet_log/hibernate_class_47.java.stdout.39f7f93a1b534b10917600f45ec32a15.txt",
  "stderr": "/home/theguy/Documents/research/snr-server/benchmark/snippet_log/hibernate_class_47.java.stderr.39f7f93a1b534b10917600f45ec32a15.txt",
  "run_time": 8105152892,
  "total_imports": [
    "org.hibernate.Session",
    "org.hibernate.SessionFactory",
    "org.hibernate.Transaction"
  ],
  "correct_imports": [
    "org.hibernate.Session",
    "org.hibernate.SessionFactory",
    "org.hibernate.Transaction"
  ]
}