{
  "java_file": "/home/theguy/Documents/research/snr-server/src/test/resources/snippets/so/hibernate_class_2.java",
  "output_file": "StatType-Completion-output-json/hibernate_class_2.java.json",
  "exit_code": 0,
  "stdout": "/home/theguy/Documents/research/snr-server/benchmark/snippet_log/hibernate_class_2.java.stdout.36211115c69c4285863c156d09455ce9.txt",
  "stderr": "/home/theguy/Documents/research/snr-server/benchmark/snippet_log/hibernate_class_2.java.stderr.36211115c69c4285863c156d09455ce9.txt",
  "run_time": 12217647142,
  "total_imports": [
    "java.io.Serializable",
    "java.util.List",
    "javax.persistence.Column",
    "javax.persistence.Id",
    "javax.persistence.JoinColumn",
    "javax.persistence.ManyToOne",
    "javax.persistence.OneToMany",
    "org.hibernate.annotations.Cache",
    "org.hibernate.annotations.CacheConcurrencyStrategy",
    "org.hibernate.annotations.Entity"
  ],
  "correct_imports": [
    "javax.persistence.Column",
    "java.util.List",
    "javax.persistence.ManyToOne",
    "javax.persistence.JoinColumn",
    "javax.persistence.OneToMany",
    "javax.persistence.Id",
    "org.hibernate.annotations.CacheConcurrencyStrategy",
    "java.io.Serializable"
  ]
}