{"status":2,"problems":[{"fileName":"hibernate_class_13.java","startLocation":749,"endLocation":766,"lineNumber":25,"column":12,"message":"The serializable class hibernate_class_13 does not declare a static final serialVersionUID field of type long","problemId":536871008,"problemSeverity":"WARNING"}],"originalContent":"package hibernate;\n//ID = 1483026\n\n\n@Entity\n@Table(name = \"tblUser\")\npublic class hibernate_class_13 implements Serializable, Cloneable {\n\n    @Id\n    @Column(name = \"CountyId\", nullable = false)\n    private Integer countyId;\n\n    @Id\n    @Column(name = \"Username\", length = 25, nullable = false)\n    private String username;\n\n    @ManyToOne(fetch=FetchType.LAZY)\n    @JoinColumn(name = \"CountyId\", nullable = false, insertable=false, updatable=false)\n    @ForeignKey(name=\"FK_CountyID\")\n//    private County county;\n\n    @Column(name = \"Name\", length = 50, nullable = true)\n    private String name;\n\n    @Column(name = \"Password\", length = 30, nullable = true)\n    private String password;\n\n    @Column(name = \"Role\", nullable = false)\n    private Integer role;\n\n    @ManyToMany(targetEntity=Permission.class,\n         cascade={ CascadeType.PERSIST, CascadeType.MERGE } )\n    @JoinTable(name=\"tblUserPermission\",\n         joinColumns = { @JoinColumn(name=\"Username\", referencedColumnName=\"Username\"), @JoinColumn(name=\"CountyId\", referencedColumnName=\"CountyId\") },\n         inverseJoinColumns = { @JoinColumn(name=\"PermissionId\", referencedColumnName=\"PermissionId\") })\n   private Collection<Permission> permissions;\n\n    @OneToMany(fetch=FetchType.LAZY, mappedBy=\"county\")\n    @IndexColumn(name=\"version\")\n    private List<Version> versions;\n\n    /** Getters and setters **/\n}","updatedContent":"package hibernate;\n//ID = 1483026\n\nimport com.sun.xml.internal.bind.v2.schemagen.xmlschema.List;\nimport javax.persistence.Entity;\nimport javax.persistence.ManyToOne;\nimport javax.persistence.ManyToMany;\nimport javax.persistence.JoinTable;\nimport java.util.Collection;\nimport com.extjs.gxt.ui.client.Version;\nimport javax.persistence.CascadeType;\nimport javax.persistence.JoinColumn;\nimport org.hibernate.annotations.ForeignKey;\nimport javax.persistence.OneToMany;\nimport java.io.Serializable;\nimport org.hibernate.annotations.IndexColumn;\nimport javax.persistence.Column;\nimport javax.persistence.Table;\nimport java.security.Permission;\nimport javax.persistence.FetchType;\nimport javax.persistence.Id;\n\n@Entity\n@Table(name = \"tblUser\")\npublic class hibernate_class_13 implements Serializable, Cloneable {\n\n\t@Id\n\t@Column(name = \"CountyId\", nullable = false)\n\tprivate Integer countyId;\n\n\t@Id\n\t@Column(name = \"Username\", length = 25, nullable = false)\n\tprivate String username;\n\n\t@ManyToOne(fetch = FetchType.LAZY)\n\t@JoinColumn(name = \"CountyId\", nullable = false, insertable = false, updatable = false)\n\t@ForeignKey(name = \"FK_CountyID\")\n\t//    private County county;\n\n\t@Column(name = \"Name\", length = 50, nullable = true)\n\tprivate String name;\n\n\t@Column(name = \"Password\", length = 30, nullable = true)\n\tprivate String password;\n\n\t@Column(name = \"Role\", nullable = false)\n\tprivate Integer role;\n\n\t@ManyToMany(targetEntity = Permission.class, cascade = { CascadeType.PERSIST, CascadeType.MERGE })\n\t@JoinTable(name = \"tblUserPermission\", joinColumns = {\n\t\t\t@JoinColumn(name = \"Username\", referencedColumnName = \"Username\"),\n\t\t\t@JoinColumn(name = \"CountyId\", referencedColumnName = \"CountyId\") }, inverseJoinColumns = {\n\t\t\t\t\t@JoinColumn(name = \"PermissionId\", referencedColumnName = \"PermissionId\") })\n\tprivate Collection<Permission> permissions;\n\n\t@OneToMany(fetch = FetchType.LAZY, mappedBy = \"county\")\n\t@IndexColumn(name = \"version\")\n\tprivate List<Version> versions;\n\n\t/** Getters and setters **/\n}","usedLibraries":["jar:javax.persistence-2.0.3.jar:1","openjdk:jdk:1.8.0","jar:android-13.jar:1","jar:hibernate-3.5.3.jar:1","jar:gxt-2.2.1.jar:1"]}