{"status":2,"problems":[{"fileName":"hibernate_class_12.java","startLocation":426,"endLocation":437,"lineNumber":17,"column":25,"message":"FacesContext cannot be resolved","problemId":570425394,"problemSeverity":"ERROR"}],"originalContent":"package hibernate;\n//ID = 1443590\n\n\npublic class hibernate_class_12 {\n\tpublic void main(){\n\t\tSession session = null;\n\t\ttry {\n\n\t\t\tSessionFactory sessionFactory = new Configuration().configure()\n\t\t\t\t\t.buildSessionFactory();\n\t\t\tsession = sessionFactory.openSession();\n\n\t\t\tString id = (String) FacesContext.getCurrentInstance()\n\t\t\t\t\t.getExternalContext().getRequestParameterMap().get(\n\t\t\t\t\t\t\t\"storeId\");\n\n\t\t\tTransaction t = session.beginTransaction();\n\t\t\tt.commit();\n\t\t} catch (Exception e) {\n\t\t} finally {\n\t\t\tsession.close();\n\t\t}\n\t}\n}","updatedContent":"package hibernate;\n//ID = 1443590\n\nimport org.hibernate.Session;\nimport org.hibernate.cfg.Configuration;\nimport org.hibernate.SessionFactory;\nimport org.hibernate.Transaction;\n\npublic class hibernate_class_12 {\n\tpublic void main() {\n\t\tSession session = null;\n\t\ttry {\n\n\t\t\tSessionFactory sessionFactory = new Configuration().configure().buildSessionFactory();\n\t\t\tsession = sessionFactory.openSession();\n\n\t\t\tString id = (String) FacesContext.getCurrentInstance().getExternalContext().getRequestParameterMap()\n\t\t\t\t\t.get(\"storeId\");\n\n\t\t\tTransaction t = session.beginTransaction();\n\t\t\tt.commit();\n\t\t} catch (Exception e) {\n\t\t} finally {\n\t\t\tsession.close();\n\t\t}\n\t}\n}","usedLibraries":["jar:hibernate-3.5.3.jar:1"]}