{
  "java_file": "/home/theguy/Documents/research/snr-server/src/test/resources/snippets/so/hibernate_class_43.java",
  "output_file": "StatType-Completion-output-json/hibernate_class_43.java.json",
  "exit_code": 0,
  "stdout": "/home/theguy/Documents/research/snr-server/benchmark/snippet_log/hibernate_class_43.java.stdout.e0117a364d30497781083f1d3136030c.txt",
  "stderr": "/home/theguy/Documents/research/snr-server/benchmark/snippet_log/hibernate_class_43.java.stderr.e0117a364d30497781083f1d3136030c.txt",
  "run_time": 14576286251,
  "total_imports": [
    "java.util.Properties",
    "org.apache.log4j.Logger",
    "org.hibernate.Session",
    "org.hibernate.SessionFactory",
    "org.hibernate.cfg.Configuration"
  ],
  "correct_imports": [
    "org.apache.log4j.Logger",
    "java.util.Properties",
    "org.hibernate.Session",
    "org.hibernate.cfg.Configuration",
    "org.hibernate.SessionFactory"
  ]
}