{"status":2,"problems":[{"fileName":"hibernate_class_34.java","startLocation":332,"endLocation":341,"lineNumber":14,"column":6,"message":"Null pointer access: The variable newSession can only be null at this location","problemId":536871363,"problemSeverity":"WARNING"}],"originalContent":"package hibernate;\n//ID = 3332212\n\npublic class hibernate_class_34 {\n    public void testUserClassAndUsers() {\n        System.out.println(\"Testing Users and UserClasses...\");\n\n        Session newSession = null;\n\n        System.out.println(\"1 - Creating UserClasses:\");\n        Transaction t1 = newSession.beginTransaction();\n\n        t1.commit();\n\n        System.out.println(\"2 - Creating Users:\");\n        Transaction t2 = newSession.beginTransaction();\n\n        t2.commit();\n\n        System.out.println(\"3 - Deleting UserClass (\\\"UserClass 1\\\"):\");\n        Transaction t3 = newSession.beginTransaction();\n        t3.commit();\n\n        newSession.close();\n    }\n\n    public static void main(String[] args) {\n        hibernate_class_34 instance = new hibernate_class_34();\n\n        instance.testUserClassAndUsers();\n    }\n}","updatedContent":"package hibernate;\n//ID = 3332212\n\nimport org.hibernate.Session;\nimport org.hibernate.Transaction;\n\npublic class hibernate_class_34 {\n\tpublic void testUserClassAndUsers() {\n\t\tSystem.out.println(\"Testing Users and UserClasses...\");\n\n\t\tSession newSession = null;\n\n\t\tSystem.out.println(\"1 - Creating UserClasses:\");\n\t\tTransaction t1 = newSession.beginTransaction();\n\n\t\tt1.commit();\n\n\t\tSystem.out.println(\"2 - Creating Users:\");\n\t\tTransaction t2 = newSession.beginTransaction();\n\n\t\tt2.commit();\n\n\t\tSystem.out.println(\"3 - Deleting UserClass (\\\"UserClass 1\\\"):\");\n\t\tTransaction t3 = newSession.beginTransaction();\n\t\tt3.commit();\n\n\t\tnewSession.close();\n\t}\n\n\tpublic static void main(String[] args) {\n\t\thibernate_class_34 instance = new hibernate_class_34();\n\n\t\tinstance.testUserClassAndUsers();\n\t}\n}","usedLibraries":["jar:hibernate-3.5.3.jar:1"]}