{
  "java_file": "/home/theguy/Documents/research/snr-server/src/test/resources/snippets/so/hibernate_class_16.java",
  "output_file": "StatType-Completion-output-json/hibernate_class_16.java.json",
  "exit_code": 0,
  "stdout": "/home/theguy/Documents/research/snr-server/benchmark/snippet_log/hibernate_class_16.java.stdout.c63dc0fae44f4e16891b12bebedd2352.txt",
  "stderr": "/home/theguy/Documents/research/snr-server/benchmark/snippet_log/hibernate_class_16.java.stderr.c63dc0fae44f4e16891b12bebedd2352.txt",
  "run_time": 7964736440,
  "total_imports": [
    "java.awt.Event",
    "java.util.List"
  ],
  "correct_imports": [
    "java.util.List"
  ]
}