{
  "java_file": "/home/theguy/Documents/research/snr-server/src/test/resources/snippets/so/HibernateUtil.java",
  "output_file": "StatType-Completion-output-json/HibernateUtil.java.json",
  "exit_code": 0,
  "stdout": "/home/theguy/Documents/research/snr-server/benchmark/snippet_log/HibernateUtil.java.stdout.570ee2593c9f4163bf236fc8419bb56e.txt",
  "stderr": "/home/theguy/Documents/research/snr-server/benchmark/snippet_log/HibernateUtil.java.stderr.570ee2593c9f4163bf236fc8419bb56e.txt",
  "run_time": 6676412526,
  "total_imports": [
    "org.hibernate.SessionFactory",
    "org.hibernate.cfg.AnnotationConfiguration"
  ],
  "correct_imports": [
    "org.hibernate.SessionFactory",
    "org.hibernate.cfg.AnnotationConfiguration"
  ]
}