{"status":2,"problems":[{"fileName":"hibernate_class_3.java","startLocation":1575,"endLocation":1580,"lineNumber":40,"column":3,"message":"The field Hibernate.STRING is deprecated","problemId":33554505,"problemSeverity":"WARNING"},{"fileName":"hibernate_class_3.java","startLocation":1660,"endLocation":1666,"lineNumber":41,"column":19,"message":"The field Hibernate.INTEGER is deprecated","problemId":33554505,"problemSeverity":"WARNING"},{"fileName":"hibernate_class_3.java","startLocation":1756,"endLocation":1761,"lineNumber":42,"column":2,"message":"The field Hibernate.STRING is deprecated","problemId":33554505,"problemSeverity":"WARNING"},{"fileName":"hibernate_class_3.java","startLocation":1843,"endLocation":1848,"lineNumber":43,"column":36,"message":"The field Hibernate.STRING is deprecated","problemId":33554505,"problemSeverity":"WARNING"},{"fileName":"hibernate_class_3.java","startLocation":2817,"endLocation":2822,"lineNumber":84,"column":0,"message":"The method append(Object) is ambiguous for the type StringBuffer","problemId":67108966,"problemSeverity":"ERROR"}],"originalContent":"package hibernate;\n//ID = 906241\n\n public class hibernate_class_3{\n\npublic class SQLiteDialect extends Dialect {\n    public SQLiteDialect() {\n     super();\n     registerColumnType(Types.BIT, \"integer\");\n     registerColumnType(Types.TINYINT, \"tinyint\");\n     registerColumnType(Types.SMALLINT, \"smallint\");\n     registerColumnType(Types.INTEGER, \"integer\");\n     registerColumnType(Types.BIGINT, \"bigint\");\n     registerColumnType(Types.FLOAT, \"float\");\n     registerColumnType(Types.REAL, \"real\");\n     registerColumnType(Types.DOUBLE, \"double\");\n     registerColumnType(Types.NUMERIC, \"numeric\");\n     registerColumnType(Types.DECIMAL, \"decimal\");\n     registerColumnType(Types.CHAR, \"char\");\n     registerColumnType(Types.VARCHAR, \"varchar\");\n     registerColumnType(Types.LONGVARCHAR, \"longvarchar\");\n     registerColumnType(Types.DATE, \"date\");\n     registerColumnType(Types.TIME, \"time\");\n     registerColumnType(Types.TIMESTAMP, \"timestamp\");\n     registerColumnType(Types.BINARY, \"blob\");\n     registerColumnType(Types.VARBINARY, \"blob\");\n     registerColumnType(Types.LONGVARBINARY, \"blob\");\n     // registerColumnType(Types.NULL, \"null\");\n     registerColumnType(Types.BLOB, \"blob\");\n     registerColumnType(Types.CLOB, \"clob\");\n     registerColumnType(Types.BOOLEAN, \"integer\");\n\n     registerFunction(\"concat\", new VarArgsSQLFunction(Hibernate.STRING, \"\",\n       \"||\", \"\"));\n     registerFunction(\"mod\", new SQLFunctionTemplate(Hibernate.INTEGER,\n       \"?1 % ?2\"));\n     registerFunction(\"substr\", new StandardSQLFunction(\"substr\",\n       Hibernate.STRING));\n     registerFunction(\"substring\", new StandardSQLFunction(\"substr\",\n       Hibernate.STRING));\n    }\n\n    public boolean supportsIdentityColumns() {\n     return true;\n    }\n\n    /*\n     public boolean supportsInsertSelectIdentity() {\n     return true; // As specify in NHibernate dialect\n     }\n     */\n\n    public boolean hasDataTypeInIdentityColumn() {\n     return false; // As specify in NHibernate dialect\n    }\n\n    /*\n     public String appendIdentitySelectToInsert(String insertString) {\n     return new StringBuffer(insertString.length()+30). // As specify in NHibernate dialect\n     append(insertString).\n     append(\"; \").append(getIdentitySelectString()).\n     toString();\n     }\n     */\n\n    public String getIdentityColumnString() {\n     // return \"integer primary key autoincrement\";\n     return \"integer\";\n    }\n\n    public String getIdentitySelectString() {\n     return \"select last_insert_rowid()\";\n    }\n\n    public boolean supportsLimit() {\n     return true;\n    }\n\n    public String getLimitString(String query, boolean hasOffset) {\n     return new StringBuffer(query.length() + 20).append(query).append(\n       hasOffset ? \" limit ? offset ?\" : \" limit ?\").toString();\n    }\n\n    public boolean supportsTemporaryTables() {\n     return true;\n    }\n\n    public String getCreateTemporaryTableString() {\n     return \"create temporary table if not exists\";\n    }\n\n    public boolean dropTemporaryTableAfterUse() {\n     return false;\n    }\n\n    public boolean supportsCurrentTimestampSelection() {\n     return true;\n    }\n\n    public boolean isCurrentTimestampSelectStringCallable() {\n     return false;\n    }\n\n    public String getCurrentTimestampSelectString() {\n     return \"select current_timestamp\";\n    }\n\n    public boolean supportsUnionAll() {\n     return true;\n    }\n\n    public boolean hasAlterTable() {\n     return false; // As specify in NHibernate dialect\n    }\n\n    public boolean dropConstraints() {\n     return false;\n    }\n\n    public String getAddColumnString() {\n     return \"add column\";\n    }\n\n    public String getForUpdateString() {\n     return \"\";\n    }\n\n    public boolean supportsOuterJoinForUpdate() {\n     return false;\n    }\n\n    public String getDropForeignKeyString() {\n     throw new UnsupportedOperationException(\n       \"No drop foreign key syntax supported by SQLiteDialect\");\n    }\n\n    public String getAddForeignKeyConstraintString(String constraintName,\n      String[] foreignKey, String referencedTable, String[] primaryKey,\n      boolean referencesPrimaryKey) {\n     throw new UnsupportedOperationException(\n       \"No add foreign key syntax supported by SQLiteDialect\");\n    }\n\n    public String getAddPrimaryKeyConstraintString(String constraintName) {\n     throw new UnsupportedOperationException(\n       \"No add primary key syntax supported by SQLiteDialect\");\n    }\n\n    public boolean supportsIfExistsBeforeTableName() {\n     return true;\n    }\n\n    public boolean supportsCascadeDelete() {\n     return false;\n    }\n}\n }","updatedContent":"package hibernate;\n//ID = 906241\n\nimport org.hibernate.dialect.function.VarArgsSQLFunction;\nimport org.hibernate.dialect.function.StandardSQLFunction;\nimport org.hibernate.Hibernate;\nimport org.hibernate.dialect.function.SQLFunctionTemplate;\nimport org.hibernate.dialect.Dialect;\nimport java.sql.Types;\n\npublic class hibernate_class_3 {\n\n\tpublic class SQLiteDialect extends Dialect {\n\t\tpublic SQLiteDialect() {\n\t\t\tsuper();\n\t\t\tregisterColumnType(Types.BIT, \"integer\");\n\t\t\tregisterColumnType(Types.TINYINT, \"tinyint\");\n\t\t\tregisterColumnType(Types.SMALLINT, \"smallint\");\n\t\t\tregisterColumnType(Types.INTEGER, \"integer\");\n\t\t\tregisterColumnType(Types.BIGINT, \"bigint\");\n\t\t\tregisterColumnType(Types.FLOAT, \"float\");\n\t\t\tregisterColumnType(Types.REAL, \"real\");\n\t\t\tregisterColumnType(Types.DOUBLE, \"double\");\n\t\t\tregisterColumnType(Types.NUMERIC, \"numeric\");\n\t\t\tregisterColumnType(Types.DECIMAL, \"decimal\");\n\t\t\tregisterColumnType(Types.CHAR, \"char\");\n\t\t\tregisterColumnType(Types.VARCHAR, \"varchar\");\n\t\t\tregisterColumnType(Types.LONGVARCHAR, \"longvarchar\");\n\t\t\tregisterColumnType(Types.DATE, \"date\");\n\t\t\tregisterColumnType(Types.TIME, \"time\");\n\t\t\tregisterColumnType(Types.TIMESTAMP, \"timestamp\");\n\t\t\tregisterColumnType(Types.BINARY, \"blob\");\n\t\t\tregisterColumnType(Types.VARBINARY, \"blob\");\n\t\t\tregisterColumnType(Types.LONGVARBINARY, \"blob\");\n\t\t\t// registerColumnType(Types.NULL, \"null\");\n\t\t\tregisterColumnType(Types.BLOB, \"blob\");\n\t\t\tregisterColumnType(Types.CLOB, \"clob\");\n\t\t\tregisterColumnType(Types.BOOLEAN, \"integer\");\n\n\t\t\tregisterFunction(\"concat\", new VarArgsSQLFunction(Hibernate.STRING, \"\", \"||\", \"\"));\n\t\t\tregisterFunction(\"mod\", new SQLFunctionTemplate(Hibernate.INTEGER, \"?1 % ?2\"));\n\t\t\tregisterFunction(\"substr\", new StandardSQLFunction(\"substr\", Hibernate.STRING));\n\t\t\tregisterFunction(\"substring\", new StandardSQLFunction(\"substr\", Hibernate.STRING));\n\t\t}\n\n\t\tpublic boolean supportsIdentityColumns() {\n\t\t\treturn true;\n\t\t}\n\n\t\t/*\n\t\t public boolean supportsInsertSelectIdentity() {\n\t\t return true; // As specify in NHibernate dialect\n\t\t }\n\t\t */\n\n\t\tpublic boolean hasDataTypeInIdentityColumn() {\n\t\t\treturn false; // As specify in NHibernate dialect\n\t\t}\n\n\t\t/*\n\t\t public String appendIdentitySelectToInsert(String insertString) {\n\t\t return new StringBuffer(insertString.length()+30). // As specify in NHibernate dialect\n\t\t append(insertString).\n\t\t append(\"; \").append(getIdentitySelectString()).\n\t\t toString();\n\t\t }\n\t\t */\n\n\t\tpublic String getIdentityColumnString() {\n\t\t\t// return \"integer primary key autoincrement\";\n\t\t\treturn \"integer\";\n\t\t}\n\n\t\tpublic String getIdentitySelectString() {\n\t\t\treturn \"select last_insert_rowid()\";\n\t\t}\n\n\t\tpublic boolean supportsLimit() {\n\t\t\treturn true;\n\t\t}\n\n\t\tpublic String getLimitString(String query, boolean hasOffset) {\n\t\t\treturn new StringBuffer(query.length() + 20).append(query)\n\t\t\t\t\t.append(hasOffset ? \" limit ? offset ?\" : \" limit ?\").toString();\n\t\t}\n\n\t\tpublic boolean supportsTemporaryTables() {\n\t\t\treturn true;\n\t\t}\n\n\t\tpublic String getCreateTemporaryTableString() {\n\t\t\treturn \"create temporary table if not exists\";\n\t\t}\n\n\t\tpublic boolean dropTemporaryTableAfterUse() {\n\t\t\treturn false;\n\t\t}\n\n\t\tpublic boolean supportsCurrentTimestampSelection() {\n\t\t\treturn true;\n\t\t}\n\n\t\tpublic boolean isCurrentTimestampSelectStringCallable() {\n\t\t\treturn false;\n\t\t}\n\n\t\tpublic String getCurrentTimestampSelectString() {\n\t\t\treturn \"select current_timestamp\";\n\t\t}\n\n\t\tpublic boolean supportsUnionAll() {\n\t\t\treturn true;\n\t\t}\n\n\t\tpublic boolean hasAlterTable() {\n\t\t\treturn false; // As specify in NHibernate dialect\n\t\t}\n\n\t\tpublic boolean dropConstraints() {\n\t\t\treturn false;\n\t\t}\n\n\t\tpublic String getAddColumnString() {\n\t\t\treturn \"add column\";\n\t\t}\n\n\t\tpublic String getForUpdateString() {\n\t\t\treturn \"\";\n\t\t}\n\n\t\tpublic boolean supportsOuterJoinForUpdate() {\n\t\t\treturn false;\n\t\t}\n\n\t\tpublic String getDropForeignKeyString() {\n\t\t\tthrow new UnsupportedOperationException(\"No drop foreign key syntax supported by SQLiteDialect\");\n\t\t}\n\n\t\tpublic String getAddForeignKeyConstraintString(String constraintName, String[] foreignKey,\n\t\t\t\tString referencedTable, String[] primaryKey, boolean referencesPrimaryKey) {\n\t\t\tthrow new UnsupportedOperationException(\"No add foreign key syntax supported by SQLiteDialect\");\n\t\t}\n\n\t\tpublic String getAddPrimaryKeyConstraintString(String constraintName) {\n\t\t\tthrow new UnsupportedOperationException(\"No add primary key syntax supported by SQLiteDialect\");\n\t\t}\n\n\t\tpublic boolean supportsIfExistsBeforeTableName() {\n\t\t\treturn true;\n\t\t}\n\n\t\tpublic boolean supportsCascadeDelete() {\n\t\t\treturn false;\n\t\t}\n\t}\n}","usedLibraries":["jar:hibernate-3.5.3.jar:1","jar:android-13.jar:1"]}