{"status":2,"problems":[{"fileName":"hibernate_class_22.java","startLocation":1344,"endLocation":1346,"lineNumber":43,"column":40,"message":"The method put(String, JSONValue) in the type JSONObject is not applicable for the arguments (String, String)","problemId":67108979,"problemSeverity":"ERROR"},{"fileName":"hibernate_class_22.java","startLocation":1396,"endLocation":1398,"lineNumber":45,"column":8,"message":"The method put(String, JSONValue) in the type JSONObject is not applicable for the arguments (String, String)","problemId":67108979,"problemSeverity":"ERROR"},{"fileName":"hibernate_class_22.java","startLocation":1498,"endLocation":1500,"lineNumber":49,"column":29,"message":"The method put(String, JSONValue) in the type JSONObject is not applicable for the arguments (String, boolean)","problemId":67108979,"problemSeverity":"ERROR"},{"fileName":"hibernate_class_22.java","startLocation":1947,"endLocation":1949,"lineNumber":63,"column":36,"message":"The method put(String, JSONValue) in the type JSONObject is not applicable for the arguments (String, boolean)","problemId":67108979,"problemSeverity":"ERROR"},{"fileName":"hibernate_class_22.java","startLocation":1997,"endLocation":1999,"lineNumber":65,"column":9,"message":"The method put(String, JSONValue) in the type JSONObject is not applicable for the arguments (String, boolean)","problemId":67108979,"problemSeverity":"ERROR"},{"fileName":"hibernate_class_22.java","startLocation":2039,"endLocation":2041,"lineNumber":68,"column":51,"message":"The method put(String, JSONValue) in the type JSONObject is not applicable for the arguments (String, boolean)","problemId":67108979,"problemSeverity":"ERROR"}],"originalContent":"package hibernate;\n//ID = 2531687\n\n//import com.google.gwt.json.client.JSONObject;\n\npublic class hibernate_class_22 {\n\tpublic JSONObject check()\n\t{\n\t    //creates a new session needed to add elements to a database\n\t    Session session = null;\n\n\t    //holds the result of the check in the database\n\t    JSONObject check = new JSONObject();\n\t    try{\n\t        //creates a new session needed to add elements to a database\n\t        SessionFactory sessionFactory = new Configuration().configure().buildSessionFactory(); \n\t        session = sessionFactory.openSession();\n\n\n\t        String username = null;\n\t\t\tboolean justusername=false;\n\t\t\tif (justusername){\n\n\t            //query created to select a username from user table\n\t            String hquery = \"Select username from User user Where username = ? \";\n\n\t            //query created\n\t            Query query = session.createQuery(hquery);\n\n\t            //sets the username of the query the values JSONObject contents\n\t            query.setString(0, username);\n\n\t            // executes query and adds username string variable \n\t            String user = (String) query.uniqueResult();\n\n\t            //checks to see if result is found (null if not found)\n\t            if (user == null)\n\t            {\n\t                //adds false to Jobject if not found\n\t                check.put(\"indatabase\", \"false\");\n\t            }\n\t            else\n\t            {\n\t                check.put(\"indatabase\", \"true\");\n\t            }\n\n\t            //adds check to Jobject to say just to check username\n\t            check.put(\"justusername\", true);\n\n\t        }\n\t        else\n\t        {\n\t            //query created to select a username and password from user table\n\t            String hquery = \"Select username from User user Where username = :user and password = :pass \";\n\t            Query query = session.createQuery(hquery);\n\n\t            query.setString(\"user\", username);\n\t            String password = null;\n\t\t\t\tquery.setString(\"pass\", password);\n\n\t            String user = (String) query.uniqueResult();\n\n\t            if(user ==null)\n\t            {\n\t                check.put(\"indatabase\", false);\n\t            }\n\t            else\n\t            {\n\t                check.put(\"indatabase\", true);\n\t            }\n\n\t            check.put(\"justusername\", false);\n\n\t        }\n\n\n\t        }catch(Exception e){\n\n\t        System.out.println(e.getMessage());\n\t            //logg.log(Level.WARNING, \" Exception\", e.getMessage());\n\n\t    }finally{\n\t    // Actual contact insertion will happen at this step\n\n\t        session.flush();\n\t        session.close();\n\n\t    }\n\t    //returns Jobject\n\t    return check;\n\t}\n}","updatedContent":"package hibernate;\n//ID = 2531687\n\nimport org.hibernate.Session;\nimport com.google.gwt.json.client.JSONObject;\nimport org.hibernate.cfg.Configuration;\nimport org.hibernate.Query;\nimport org.hibernate.SessionFactory;\n\n//import com.google.gwt.json.client.JSONObject;\n\npublic class hibernate_class_22 {\n\tpublic JSONObject check() {\n\t\t//creates a new session needed to add elements to a database\n\t\tSession session = null;\n\n\t\t//holds the result of the check in the database\n\t\tJSONObject check = new JSONObject();\n\t\ttry {\n\t\t\t//creates a new session needed to add elements to a database\n\t\t\tSessionFactory sessionFactory = new Configuration().configure().buildSessionFactory();\n\t\t\tsession = sessionFactory.openSession();\n\n\t\t\tString username = null;\n\t\t\tboolean justusername = false;\n\t\t\tif (justusername) {\n\n\t\t\t\t//query created to select a username from user table\n\t\t\t\tString hquery = \"Select username from User user Where username = ? \";\n\n\t\t\t\t//query created\n\t\t\t\tQuery query = session.createQuery(hquery);\n\n\t\t\t\t//sets the username of the query the values JSONObject contents\n\t\t\t\tquery.setString(0, username);\n\n\t\t\t\t// executes query and adds username string variable \n\t\t\t\tString user = (String) query.uniqueResult();\n\n\t\t\t\t//checks to see if result is found (null if not found)\n\t\t\t\tif (user == null) {\n\t\t\t\t\t//adds false to Jobject if not found\n\t\t\t\t\tcheck.put(\"indatabase\", \"false\");\n\t\t\t\t} else {\n\t\t\t\t\tcheck.put(\"indatabase\", \"true\");\n\t\t\t\t}\n\n\t\t\t\t//adds check to Jobject to say just to check username\n\t\t\t\tcheck.put(\"justusername\", true);\n\n\t\t\t} else {\n\t\t\t\t//query created to select a username and password from user table\n\t\t\t\tString hquery = \"Select username from User user Where username = :user and password = :pass \";\n\t\t\t\tQuery query = session.createQuery(hquery);\n\n\t\t\t\tquery.setString(\"user\", username);\n\t\t\t\tString password = null;\n\t\t\t\tquery.setString(\"pass\", password);\n\n\t\t\t\tString user = (String) query.uniqueResult();\n\n\t\t\t\tif (user == null) {\n\t\t\t\t\tcheck.put(\"indatabase\", false);\n\t\t\t\t} else {\n\t\t\t\t\tcheck.put(\"indatabase\", true);\n\t\t\t\t}\n\n\t\t\t\tcheck.put(\"justusername\", false);\n\n\t\t\t}\n\n\t\t} catch (Exception e) {\n\n\t\t\tSystem.out.println(e.getMessage());\n\t\t\t//logg.log(Level.WARNING, \" Exception\", e.getMessage());\n\n\t\t} finally {\n\t\t\t// Actual contact insertion will happen at this step\n\n\t\t\tsession.flush();\n\t\t\tsession.close();\n\n\t\t}\n\t\t//returns Jobject\n\t\treturn check;\n\t}\n}","usedLibraries":["jar:gwt-user.jar:1","jar:hibernate-3.5.3.jar:1"]}