{
  "java_file": "/home/theguy/Documents/research/snr-server/src/test/resources/snippets/so/hibernate_class_1.java",
  "output_file": "StatType-Completion-output-json/hibernate_class_1.java.json",
  "exit_code": 0,
  "stdout": "/home/theguy/Documents/research/snr-server/benchmark/snippet_log/hibernate_class_1.java.stdout.cb4d47f6baa54627a3d60854f2bd64e2.txt",
  "stderr": "/home/theguy/Documents/research/snr-server/benchmark/snippet_log/hibernate_class_1.java.stderr.cb4d47f6baa54627a3d60854f2bd64e2.txt",
  "run_time": 7299006938,
  "total_imports": [
    "org.hibernate.Session",
    "org.hibernate.SessionFactory",
    "org.hibernate.Transaction",
    "org.hibernate.cfg.AnnotationConfiguration",
    "library.dao.UserDAO",
    "library.model.User"
  ],
  "correct_imports": [
    "library.dao.UserDAO",
    "org.hibernate.Session",
    "org.hibernate.SessionFactory",
    "org.hibernate.cfg.AnnotationConfiguration",
    "library.model.User",
    "org.hibernate.Transaction"
  ]
}