{
  "java_file": "/home/theguy/Documents/research/snr-server/src/test/resources/snippets/so/JodaTime06.java",
  "output_file": "StatType-Completion-output-json/JodaTime06.java.json",
  "exit_code": 0,
  "stdout": "/home/theguy/Documents/research/snr-server/benchmark/snippet_log/JodaTime06.java.stdout.50a8a860527d4a3fba7f08b8698d97bd.txt",
  "stderr": "/home/theguy/Documents/research/snr-server/benchmark/snippet_log/JodaTime06.java.stderr.50a8a860527d4a3fba7f08b8698d97bd.txt",
  "run_time": 9468458325,
  "total_imports": [
    "org.joda.time.Duration",
    "org.joda.time.PeriodType",
    "org.joda.time.format.PeriodFormatterBuilder"
  ],
  "correct_imports": [
    "org.joda.time.format.PeriodFormatterBuilder",
    "org.joda.time.Duration"
  ]
}