{"status":2,"problems":[{"fileName":"JodaTime09.java","startLocation":253,"endLocation":260,"lineNumber":11,"column":9,"message":"TimeZone cannot be resolved","problemId":570425394,"problemSeverity":"ERROR"},{"fileName":"JodaTime09.java","startLocation":438,"endLocation":449,"lineNumber":13,"column":121,"message":"DateTimeZone cannot be resolved","problemId":570425394,"problemSeverity":"ERROR"}],"originalContent":"package jodatime;\n\n\n\n//ID = 4057816\npublic class JodaTime09 {\n\n\tpublic static void main(String[] args) {\n\t\t// TODO Auto-generated method stub\n\t\t\n\t\t\t\tfinal String string_from_3rd_party = \"GMT+08:00\";\n\t\t\t\t    // Works for standard Java TimeZone!\n\t\t\t\t    System.out.println(TimeZone.getTimeZone(string_from_3rd_party));\n\t\t\t\t    // Exception in thread \"main\" java.lang.IllegalArgumentException: The datetime zone id is not recognised: GMT+08:00\n\t\t\t\t    System.out.println(DateTimeZone.forID(string_from_3rd_party));\n\t}\n\n}","updatedContent":"package jodatime;\n\n//ID = 4057816\npublic class JodaTime09 {\n\n\tpublic static void main(String[] args) {\n\t\t// TODO Auto-generated method stub\n\n\t\tfinal String string_from_3rd_party = \"GMT+08:00\";\n\t\t// Works for standard Java TimeZone!\n\t\tSystem.out.println(TimeZone.getTimeZone(string_from_3rd_party));\n\t\t// Exception in thread \"main\" java.lang.IllegalArgumentException: The datetime zone id is not recognised: GMT+08:00\n\t\tSystem.out.println(DateTimeZone.forID(string_from_3rd_party));\n\t}\n\n}","usedLibraries":[]}