{"status":2,"problems":[{"fileName":"JodaTime16.java","startLocation":716,"endLocation":721,"lineNumber":21,"column":63,"message":"The method printf(String, Object[]) in the type PrintStream is not applicable for the arguments (String, String)","problemId":67108979,"problemSeverity":"ERROR"},{"fileName":"JodaTime16.java","startLocation":788,"endLocation":793,"lineNumber":22,"column":-1,"message":"The method printf(String, Object[]) in the type PrintStream is not applicable for the arguments (String, String)","problemId":67108979,"problemSeverity":"ERROR"}],"originalContent":"package jodatime;\n\n//ID = 6387723\npublic class JodaTime16 {\n\tpublic static void main(String[] args) \n\t{\n\tDateTime d1 = new DateTime(2011, 6, 17, 13, 13, 5, 0) ;\n\tDateTime d2 = new DateTime(2011, 6, 17, 10, 17, 3, 0) ;\n\n\tPeriod negativePeriod = new Period(d1, d2);\n\tPeriod positivePeriod = new Period(d2, d1);\n\n\tPeriodFormatter pf = new PeriodFormatterBuilder()\n\t    .minimumPrintedDigits(2)\n\t    .appendHours()\n\t    .appendSuffix(\":\")\n\t    .rejectSignedValues(true) // Does this do anything?\n\t    .appendMinutes()\n\t    .appendSuffix(\":\")\n\t    .appendSeconds()\n\t    .toFormatter();\n\n\tSystem.out.printf(\"Negative Period: %s\\n\", pf.print(negativePeriod));\n\tSystem.out.printf(\"Positive Period: %s\\n\", pf.print(positivePeriod));\n\t}\n}","updatedContent":"package jodatime;\n\nimport org.joda.time.format.PeriodFormatterBuilder;\nimport org.joda.time.DateTime;\nimport org.joda.time.format.PeriodFormatter;\nimport org.joda.time.Period;\n\n//ID = 6387723\npublic class JodaTime16 {\n\tpublic static void main(String[] args) {\n\t\tDateTime d1 = new DateTime(2011, 6, 17, 13, 13, 5, 0);\n\t\tDateTime d2 = new DateTime(2011, 6, 17, 10, 17, 3, 0);\n\n\t\tPeriod negativePeriod = new Period(d1, d2);\n\t\tPeriod positivePeriod = new Period(d2, d1);\n\n\t\tPeriodFormatter pf = new PeriodFormatterBuilder().minimumPrintedDigits(2).appendHours().appendSuffix(\":\")\n\t\t\t\t.rejectSignedValues(true) // Does this do anything?\n\t\t\t\t.appendMinutes().appendSuffix(\":\").appendSeconds().toFormatter();\n\n\t\tSystem.out.printf(\"Negative Period: %s\\n\", pf.print(negativePeriod));\n\t\tSystem.out.printf(\"Positive Period: %s\\n\", pf.print(positivePeriod));\n\t}\n}","usedLibraries":["jar:joda-time-2.0.jar:1"]}