{
  "java_file": "/home/theguy/Documents/research/snr-server/src/test/resources/snippets/so/JodaTime11.java",
  "output_file": "StatType-Completion-output-json/JodaTime11.java.json",
  "exit_code": 0,
  "stdout": "/home/theguy/Documents/research/snr-server/benchmark/snippet_log/JodaTime11.java.stdout.2a5bc7f93e684eec8d5a14f3758dc2c3.txt",
  "stderr": "/home/theguy/Documents/research/snr-server/benchmark/snippet_log/JodaTime11.java.stderr.2a5bc7f93e684eec8d5a14f3758dc2c3.txt",
  "run_time": 11415036217,
  "total_imports": [
    "java.text.ParseException",
    "java.text.SimpleDateFormat",
    "org.joda.time.format.DateTimeFormat",
    "org.joda.time.format.DateTimeFormatter"
  ],
  "correct_imports": [
    "java.text.SimpleDateFormat"
  ]
}