{
  "java_file": "/home/theguy/Documents/research/snr-server/src/test/resources/snippets/so/JodaTime20.java",
  "output_file": "StatType-Completion-output-json/JodaTime20.java.json",
  "exit_code": 0,
  "stdout": "/home/theguy/Documents/research/snr-server/benchmark/snippet_log/JodaTime20.java.stdout.2ba7aabdd54c4fe0a01cf0e65d63c05c.txt",
  "stderr": "/home/theguy/Documents/research/snr-server/benchmark/snippet_log/JodaTime20.java.stderr.2ba7aabdd54c4fe0a01cf0e65d63c05c.txt",
  "run_time": 8241260214,
  "total_imports": [
    "org.joda.time.DateTime",
    "org.joda.time.DateTimeZone",
    "org.joda.time.format.DateTimeFormat",
    "org.joda.time.format.DateTimeFormatter"
  ],
  "correct_imports": []
}