{
  "java_file": "/home/theguy/Documents/research/snr-server/src/test/resources/snippets/so/JodaTime28.java",
  "output_file": "StatType-Completion-output-json/JodaTime28.java.json",
  "exit_code": 0,
  "stdout": "/home/theguy/Documents/research/snr-server/benchmark/snippet_log/JodaTime28.java.stdout.e51b1bc560564f5cb89555958b2138e2.txt",
  "stderr": "/home/theguy/Documents/research/snr-server/benchmark/snippet_log/JodaTime28.java.stderr.e51b1bc560564f5cb89555958b2138e2.txt",
  "run_time": 12664897661,
  "total_imports": [
    "java.util.ArrayList",
    "java.util.List",
    "org.joda.time.DateTime",
    "org.joda.time.Days",
    "org.joda.time.LocalDate",
    "org.joda.time.format.DateTimeFormat",
    "org.joda.time.format.DateTimeFormatter"
  ],
  "correct_imports": [
    "java.util.List",
    "org.joda.time.format.DateTimeFormat",
    "org.joda.time.format.DateTimeFormatter",
    "org.joda.time.DateTime",
    "org.joda.time.Days",
    "java.util.ArrayList"
  ]
}