{"status":0,"problems":[],"originalContent":"package jodatime;\n//id = 1327229\n\npublic class JodaTime47 {\n\n\tpublic static void main(String[] args) {\n\t\tfinal DateTimeFormatter df = DateTimeFormat\n\t        .forPattern(\"EEE MMM dd HH:mm:ss 'GMT'Z yyyy\");\n\tfinal DateTime dateTime = df.withOffsetParsed()\n\t        .parseDateTime(\"Mon Aug 24 12:36:46 GMT+1000 2009\");\n\tSystem.out.println(\"dateTime = \" + dateTime);\n\t}\n\n}","updatedContent":"package jodatime;\n//id = 1327229\n\nimport org.joda.time.format.DateTimeFormat;\nimport org.joda.time.format.DateTimeFormatter;\nimport org.joda.time.DateTime;\n\npublic class JodaTime47 {\n\n\tpublic static void main(String[] args) {\n\t\tfinal DateTimeFormatter df = DateTimeFormat.forPattern(\"EEE MMM dd HH:mm:ss 'GMT'Z yyyy\");\n\t\tfinal DateTime dateTime = df.withOffsetParsed().parseDateTime(\"Mon Aug 24 12:36:46 GMT+1000 2009\");\n\t\tSystem.out.println(\"dateTime = \" + dateTime);\n\t}\n\n}","usedLibraries":["jar:joda-time-2.0.jar:1"]}