{
  "java_file": "/home/theguy/Documents/research/snr-server/src/test/resources/snippets/so/JodaTime18.java",
  "output_file": "StatType-Completion-output-json/JodaTime18.java.json",
  "exit_code": 0,
  "stdout": "/home/theguy/Documents/research/snr-server/benchmark/snippet_log/JodaTime18.java.stdout.2d995f9d467c456099bc2e4d762bb974.txt",
  "stderr": "/home/theguy/Documents/research/snr-server/benchmark/snippet_log/JodaTime18.java.stderr.2d995f9d467c456099bc2e4d762bb974.txt",
  "run_time": 6932123651,
  "total_imports": [
    "org.joda.time.DateTimeZone",
    "org.joda.time.format.DateTimeFormatter",
    "org.joda.time.format.DateTimeFormatterBuilder"
  ],
  "correct_imports": [
    "org.joda.time.format.DateTimeFormatterBuilder"
  ]
}