{
  "java_file": "/home/theguy/Documents/research/snr-server/src/test/resources/snippets/so/JodaTime21.java",
  "output_file": "StatType-Completion-output-json/JodaTime21.java.json",
  "exit_code": 0,
  "stdout": "/home/theguy/Documents/research/snr-server/benchmark/snippet_log/JodaTime21.java.stdout.f0d0365d883247429d24afca35eec1c9.txt",
  "stderr": "/home/theguy/Documents/research/snr-server/benchmark/snippet_log/JodaTime21.java.stderr.f0d0365d883247429d24afca35eec1c9.txt",
  "run_time": 19463328503,
  "total_imports": [
    "java.text.DateFormat",
    "java.text.ParseException",
    "java.text.SimpleDateFormat",
    "java.util.Date",
    "org.joda.time.DateTime",
    "org.joda.time.DateTimeZone",
    "org.joda.time.LocalDateTime"
  ],
  "correct_imports": [
    "org.joda.time.DateTimeZone",
    "org.joda.time.LocalDateTime",
    "org.joda.time.DateTime"
  ]
}