{
  "java_file": "/home/theguy/Documents/research/snr-server/src/test/resources/snippets/so/JodaTime46.java",
  "output_file": "StatType-Completion-output-json/JodaTime46.java.json",
  "exit_code": 0,
  "stdout": "/home/theguy/Documents/research/snr-server/benchmark/snippet_log/JodaTime46.java.stdout.2f29de47597a4348a88518df6cfe8d8d.txt",
  "stderr": "/home/theguy/Documents/research/snr-server/benchmark/snippet_log/JodaTime46.java.stderr.2f29de47597a4348a88518df6cfe8d8d.txt",
  "run_time": 2664743944,
  "total_imports": [
    "org.joda.time.DateTime",
    "org.joda.time.DateTimeZone"
  ],
  "correct_imports": [
    "org.joda.time.DateTimeZone",
    "org.joda.time.DateTime"
  ]
}