{"status":2,"problems":[{"fileName":"JodaTime07.java","startLocation":513,"endLocation":541,"lineNumber":23,"column":65,"message":"Unhandled exception type ParseException","problemId":16777384,"problemSeverity":"ERROR"}],"originalContent":"package jodatime;\n\n//ID = 3329469\npublic class JodaTime07 {\n\n\tpublic static void main(String[] args) {\n\t\t// TODO Auto-generated method stub\n\t\t\n\t\t\t\tDateFormat formatter = new SimpleDateFormat(\"mm/dd/yyyy\");\n\n\t\t\t\tDate someDate=new Date();\n\t\t\t\tDate today = Calendar.getInstance().getTime();\n\n\t\t\t\ttry     {\n\t\t\t\t    someDate = formatter.parse(\"06/22/2010\");\n\t\t\t\t}\n\t\t\t\tcatch(ParseException pe)    {\n\t\t\t\t    System.out.println(\"Parser Exception\");\n\t\t\t\t}\n\n\t\t\t\tint days = Days.daysBetween(new DateTime(someDate), new DateTime(today)).getDays();\n\n\t\t\t\tSystem.out.println(\" Days Between \" + someDate + \" : \" + today + \" - \" + days);\n\n\t}\n\n}","updatedContent":"package jodatime;\n\nimport java.util.Calendar;\nimport android.net.ParseException;\nimport java.util.Date;\nimport org.joda.time.Days;\nimport org.joda.time.DateTime;\nimport java.text.DateFormat;\nimport java.text.SimpleDateFormat;\n\n//ID = 3329469\npublic class JodaTime07 {\n\n\tpublic static void main(String[] args) {\n\t\t// TODO Auto-generated method stub\n\n\t\tDateFormat formatter = new SimpleDateFormat(\"mm/dd/yyyy\");\n\n\t\tDate someDate = new Date();\n\t\tDate today = Calendar.getInstance().getTime();\n\n\t\ttry {\n\t\t\tsomeDate = formatter.parse(\"06/22/2010\");\n\t\t} catch (ParseException pe) {\n\t\t\tSystem.out.println(\"Parser Exception\");\n\t\t}\n\n\t\tint days = Days.daysBetween(new DateTime(someDate), new DateTime(today)).getDays();\n\n\t\tSystem.out.println(\" Days Between \" + someDate + \" : \" + today + \" - \" + days);\n\n\t}\n\n}","usedLibraries":["jar:android-13.jar:1","jar:joda-time-2.0.jar:1"]}