{
  "java_file": "/home/theguy/Documents/research/snr-server/src/test/resources/snippets/so/JodaTime23.java",
  "output_file": "StatType-Completion-output-json/JodaTime23.java.json",
  "exit_code": 0,
  "stdout": "/home/theguy/Documents/research/snr-server/benchmark/snippet_log/JodaTime23.java.stdout.f66ed6e0b6f64622a92574271de9e4e6.txt",
  "stderr": "/home/theguy/Documents/research/snr-server/benchmark/snippet_log/JodaTime23.java.stderr.f66ed6e0b6f64622a92574271de9e4e6.txt",
  "run_time": 4787083643,
  "total_imports": [
    "org.joda.time.DateTimeConstants",
    "org.joda.time.LocalDate"
  ],
  "correct_imports": [
    "org.joda.time.LocalDate",
    "org.joda.time.DateTimeConstants"
  ]
}