{"status":2,"problems":[{"fileName":"JodaTime05.java","startLocation":213,"endLocation":224,"lineNumber":12,"column":47,"message":"DateTimeZone cannot be resolved to a type","problemId":16777218,"problemSeverity":"ERROR"},{"fileName":"JodaTime05.java","startLocation":233,"endLocation":244,"lineNumber":12,"column":10,"message":"DateTimeZone cannot be resolved","problemId":570425394,"problemSeverity":"ERROR"}],"originalContent":"package jodatime;\n\n\n//ID = 2182921\npublic class JodaTime05 {\n\n\tpublic static void main(String[] args) {\n\n\t\t\t\tDateTimeZone zone = DateTimeZone.forID(\"Europe/London\");\n\t\t\t\tChronology coptic = GJChronology.getInstance(zone);\n\n\t\t\t\tDateTime dt = new DateTime(coptic);\n\t\t\t\tDateTime minusOneDay = dt.minusDays(1);\n\n\t\t\t\tSystem.out.println(minusOneDay );\n\n\t}\n\n}","updatedContent":"package jodatime;\n\nimport org.joda.time.chrono.GJChronology;\nimport org.joda.time.Chronology;\nimport org.joda.time.DateTime;\n\n//ID = 2182921\npublic class JodaTime05 {\n\n\tpublic static void main(String[] args) {\n\n\t\tDateTimeZone zone = DateTimeZone.forID(\"Europe/London\");\n\t\tChronology coptic = GJChronology.getInstance(zone);\n\n\t\tDateTime dt = new DateTime(coptic);\n\t\tDateTime minusOneDay = dt.minusDays(1);\n\n\t\tSystem.out.println(minusOneDay);\n\n\t}\n\n}","usedLibraries":["jar:joda-time-2.0.jar:1"]}