{
  "java_file": "/home/theguy/Documents/research/snr-server/src/test/resources/snippets/so/JodaTime10.java",
  "output_file": "StatType-Completion-output-json/JodaTime10.java.json",
  "exit_code": 0,
  "stdout": "/home/theguy/Documents/research/snr-server/benchmark/snippet_log/JodaTime10.java.stdout.e32b8cbd01674c8bb3b4844293af76be.txt",
  "stderr": "/home/theguy/Documents/research/snr-server/benchmark/snippet_log/JodaTime10.java.stderr.e32b8cbd01674c8bb3b4844293af76be.txt",
  "run_time": 8437079596,
  "total_imports": [
    "java.io.IOException",
    "java.io.ObjectInputStream",
    "java.io.ObjectOutputStream",
    "java.io.Serializable",
    "org.joda.time.DateTimeZone",
    "org.joda.time.chrono.ISOChronology"
  ],
  "correct_imports": [
    "org.joda.time.DateTimeZone",
    "org.joda.time.chrono.ISOChronology",
    "java.io.ObjectInputStream",
    "java.io.IOException",
    "java.io.ObjectOutputStream",
    "java.io.Serializable"
  ]
}