{"status":0,"problems":[],"originalContent":"package jodatime;\n\n\n//ID = 8654398\npublic class JodaTime25 \n{\n\t\t\tpublic static int getDaysBetweenTwoDates(final LocalDateTime oldDate,\n\t\t\t        final LocalDateTime newDate) {\n\t\t\t    System.out.println(\"--Calculate days between: \" + oldDate.toString()\n\t\t\t            + \"->\" + newDate);\n\t\t\t    Days days = Days.daysBetween(new DateMidnight(oldDate.toDateTime()),\n\t\t\t            new DateMidnight(newDate.toDateTime()));\n\t\t\t    System.out.println(\"----DIFF: \" + days.size());\n\t\t\t    return days.size();\n\t\t\t}\n}","updatedContent":"package jodatime;\n\nimport org.joda.time.LocalDateTime;\nimport org.joda.time.DateMidnight;\nimport org.joda.time.Days;\n\n//ID = 8654398\npublic class JodaTime25 {\n\tpublic static int getDaysBetweenTwoDates(final LocalDateTime oldDate, final LocalDateTime newDate) {\n\t\tSystem.out.println(\"--Calculate days between: \" + oldDate.toString() + \"->\" + newDate);\n\t\tDays days = Days.daysBetween(new DateMidnight(oldDate.toDateTime()), new DateMidnight(newDate.toDateTime()));\n\t\tSystem.out.println(\"----DIFF: \" + days.size());\n\t\treturn days.size();\n\t}\n}","usedLibraries":["jar:joda-time-2.0.jar:1"]}