{"status":2,"problems":[{"fileName":"JodaTime04.java","startLocation":404,"endLocation":409,"lineNumber":16,"column":93,"message":"The method format(String, Object[]) in the type String is not applicable for the arguments (String, int)","problemId":67108979,"problemSeverity":"ERROR"},{"fileName":"JodaTime04.java","startLocation":532,"endLocation":537,"lineNumber":18,"column":-1,"message":"The method format(String, Object[]) in the type String is not applicable for the arguments (String, long)","problemId":67108979,"problemSeverity":"ERROR"}],"originalContent":"package jodatime;\n//ID = 2112214\n\npublic class JodaTime04 {\n\tprivate ReadableInstant[] startTime;\n\tprivate ReadableInstant[] endTime;\n\n\tpublic String foobar(int dayIndex) {\n\t\tPeriod p = new Period(this.startTime[dayIndex], this.endTime[dayIndex]);\n\t\tlong hours = p.getHours();\n\t\tlong minutes = p.getMinutes();\n\n\t\tString format = String.format(\"%%0%dd\", 2);//Ensures that the minutes will always display as two digits.\n\n\t\treturn Long.toString(hours)+\":\"+String.format(format, minutes);\n\t}\n\n}","updatedContent":"package jodatime;\n//ID = 2112214\n\nimport org.joda.time.ReadableInstant;\nimport org.joda.time.Period;\n\npublic class JodaTime04 {\n\tprivate ReadableInstant[] startTime;\n\tprivate ReadableInstant[] endTime;\n\n\tpublic String foobar(int dayIndex) {\n\t\tPeriod p = new Period(this.startTime[dayIndex], this.endTime[dayIndex]);\n\t\tlong hours = p.getHours();\n\t\tlong minutes = p.getMinutes();\n\n\t\tString format = String.format(\"%%0%dd\", 2);//Ensures that the minutes will always display as two digits.\n\n\t\treturn Long.toString(hours) + \":\" + String.format(format, minutes);\n\t}\n\n}","usedLibraries":["jar:joda-time-2.0.jar:1"]}