{
  "java_file": "/home/theguy/Documents/research/snr-server/src/test/resources/snippets/so/JodaTime27.java",
  "output_file": "StatType-Completion-output-json/JodaTime27.java.json",
  "exit_code": 0,
  "stdout": "/home/theguy/Documents/research/snr-server/benchmark/snippet_log/JodaTime27.java.stdout.11ec797960354616b77933cc1072dd7a.txt",
  "stderr": "/home/theguy/Documents/research/snr-server/benchmark/snippet_log/JodaTime27.java.stderr.11ec797960354616b77933cc1072dd7a.txt",
  "run_time": 8728905652,
  "total_imports": [
    "java.util.ArrayList",
    "org.joda.time.DateTime"
  ],
  "correct_imports": [
    "org.joda.time.DateTime",
    "java.util.ArrayList"
  ]
}