{
  "java_file": "/home/theguy/Documents/research/snr-server/src/test/resources/snippets/so/JodaTime07.java",
  "output_file": "StatType-Completion-output-json/JodaTime07.java.json",
  "exit_code": 0,
  "stdout": "/home/theguy/Documents/research/snr-server/benchmark/snippet_log/JodaTime07.java.stdout.390bfeeed9444d269432b84e9882bcd0.txt",
  "stderr": "/home/theguy/Documents/research/snr-server/benchmark/snippet_log/JodaTime07.java.stderr.390bfeeed9444d269432b84e9882bcd0.txt",
  "run_time": 17220532410,
  "total_imports": [
    "java.text.DateFormat",
    "java.text.ParseException",
    "java.text.SimpleDateFormat",
    "java.util.Calendar",
    "java.util.Date",
    "org.joda.time.DateTime",
    "org.joda.time.Days"
  ],
  "correct_imports": [
    "java.util.Calendar",
    "java.util.Date",
    "org.joda.time.Days",
    "org.joda.time.DateTime",
    "java.text.DateFormat",
    "java.text.SimpleDateFormat"
  ]
}