{
  "java_file": "/home/theguy/Documents/research/snr-server/src/test/resources/snippets/so/JodaTime05.java",
  "output_file": "StatType-Completion-output-json/JodaTime05.java.json",
  "exit_code": 0,
  "stdout": "/home/theguy/Documents/research/snr-server/benchmark/snippet_log/JodaTime05.java.stdout.78bef8cef0b1417c892305e800329c8b.txt",
  "stderr": "/home/theguy/Documents/research/snr-server/benchmark/snippet_log/JodaTime05.java.stderr.78bef8cef0b1417c892305e800329c8b.txt",
  "run_time": 5464539748,
  "total_imports": [
    "org.joda.time.Chronology",
    "org.joda.time.DateTime",
    "org.joda.time.DateTimeZone",
    "org.joda.time.chrono.GJChronology"
  ],
  "correct_imports": [
    "org.joda.time.chrono.GJChronology",
    "org.joda.time.Chronology",
    "org.joda.time.DateTime"
  ]
}