{"status":2,"problems":[{"fileName":"JodaTime17.java","startLocation":403,"endLocation":404,"lineNumber":17,"column":-1,"message":"The value of the local variable dt is not used","problemId":536870973,"problemSeverity":"WARNING"}],"originalContent":"package jodatime;\n//ID = 6922964\n\npublic class JodaTime17 {\n\n\tpublic static void main(String[] args) {\n\t\tDateTimeFormatter dtf = DateTimeFormat.forPattern(\"dd-MM-yyyy HH:mm:ss.SSS z\");\n\n\t    String dts = dtf.print(System.currentTimeMillis());\n\n\t    System.out.println(dts);\n\n\t    DateTime dt = dtf.parseDateTime(dts);\n\n\t}\n\n}","updatedContent":"package jodatime;\n//ID = 6922964\n\nimport org.joda.time.format.DateTimeFormat;\nimport org.joda.time.format.DateTimeFormatter;\nimport org.joda.time.DateTime;\n\npublic class JodaTime17 {\n\n\tpublic static void main(String[] args) {\n\t\tDateTimeFormatter dtf = DateTimeFormat.forPattern(\"dd-MM-yyyy HH:mm:ss.SSS z\");\n\n\t\tString dts = dtf.print(System.currentTimeMillis());\n\n\t\tSystem.out.println(dts);\n\n\t\tDateTime dt = dtf.parseDateTime(dts);\n\n\t}\n\n}","usedLibraries":["jar:joda-time-2.0.jar:1"]}