{
  "java_file": "/home/theguy/Documents/research/snr-server/src/test/resources/snippets/so/JodaTime45.java",
  "output_file": "StatType-Completion-output-json/JodaTime45.java.json",
  "exit_code": 0,
  "stdout": "/home/theguy/Documents/research/snr-server/benchmark/snippet_log/JodaTime45.java.stdout.88d8693780e8468fb403062b57dcc16c.txt",
  "stderr": "/home/theguy/Documents/research/snr-server/benchmark/snippet_log/JodaTime45.java.stderr.88d8693780e8468fb403062b57dcc16c.txt",
  "run_time": 15709771115,
  "total_imports": [
    "java.util.Date",
    "java.util.HashSet",
    "java.util.Set",
    "java.util.TimeZone",
    "org.joda.time.DateTimeZone",
    "org.joda.time.tz.Provider"
  ],
  "correct_imports": [
    "java.util.Date",
    "java.util.TimeZone",
    "java.util.Set"
  ]
}