{
  "java_file": "/home/theguy/Documents/research/snr-server/src/test/resources/snippets/so/JodaTime47.java",
  "output_file": "StatType-Completion-output-json/JodaTime47.java.json",
  "exit_code": 0,
  "stdout": "/home/theguy/Documents/research/snr-server/benchmark/snippet_log/JodaTime47.java.stdout.4630c385e2064a66bc9f720a1fc53001.txt",
  "stderr": "/home/theguy/Documents/research/snr-server/benchmark/snippet_log/JodaTime47.java.stderr.4630c385e2064a66bc9f720a1fc53001.txt",
  "run_time": 5233873861,
  "total_imports": [
    "org.joda.time.DateTime",
    "org.joda.time.format.DateTimeFormat",
    "org.joda.time.format.DateTimeFormatter"
  ],
  "correct_imports": [
    "org.joda.time.format.DateTimeFormat",
    "org.joda.time.format.DateTimeFormatter",
    "org.joda.time.DateTime"
  ]
}