{
  "java_file": "/home/theguy/Documents/research/snr-server/src/test/resources/snippets/so/JodaTime30.java",
  "output_file": "StatType-Completion-output-json/JodaTime30.java.json",
  "exit_code": 0,
  "stdout": "/home/theguy/Documents/research/snr-server/benchmark/snippet_log/JodaTime30.java.stdout.de332928643a495a84641aad496d22d5.txt",
  "stderr": "/home/theguy/Documents/research/snr-server/benchmark/snippet_log/JodaTime30.java.stderr.de332928643a495a84641aad496d22d5.txt",
  "run_time": 3925214020,
  "total_imports": [
    "org.joda.time.DateTime",
    "org.joda.time.DateTimeZone"
  ],
  "correct_imports": [
    "org.joda.time.DateTime"
  ]
}