{"status":0,"problems":[],"originalContent":"package jodatime;\nimport static org.junit.Assert.*;\npublic class JodaTime13 {\n//\tID = 4585883\n\tpublic static void main(String[] args) {\n\t\t// TODO Auto-generated method stub\n\n\t}\n\n\t\t\t@Test\n\t\t\tpublic void second() {\n\t\t\t    assertEquals(\"00:00:01\", OurDateTimeFormatter.format(1000));\n\t\t\t}\n\n\t\t\t@Test\n\t\t\tpublic void minute() {\n\t\t\t    assertEquals(\"00:01:00\", OurDateTimeFormatter.format(1000 * 60));\n\t\t\t}\n\n\t\t\t@Test\n\t\t\tpublic void hour() {\n\t\t\t    assertEquals(\"01:00:00\", OurDateTimeFormatter.format(1000 * 60 * 60));\n\t\t\t}\n\n\t\t\t@Test\n\t\t\tpublic void almostMidnight() {\n\t\t\t    final int secondsInDay = 60 * 60 * 24;\n\t\t\t    assertEquals(\"23:59:59\", OurDateTimeFormatter.format(1000 * (secondsInDay - 1)));\n\t\t\t}\n\n\t\t\t@Test\n\t\t\tpublic void twoDaysAndAHalf() {\n\t\t\t    final int secondsInDay = 60 * 60 * 24;\n\t\t\t    assertEquals(\"12:00:00 and 2 days\", OurDateTimeFormatter.format(1000 * secondsInDay * 5 / 2));\n\t\t\t}\n\n\t\t\tpublic static class OurDateTimeFormatter {\n\t\t\t    public OurDateTimeFormatter() {\n\t\t\t    }\n\n\t\t\t    private final static PeriodFormatter dateFormat = new PeriodFormatterBuilder()\n\t\t\t            .appendDays()\n\t\t\t            .appendSuffix(\" day\", \" days\")\n\t\t\t            .appendSeparator(\" \")\n\t\t\t            .appendHours()\n\t\t\t            .appendSeparator(\":\")\n\t\t\t            .appendMinutes().minimumPrintedDigits(2)\n\t\t\t            .appendSeparator(\":\")\n\t\t\t            .appendSeconds().minimumPrintedDigits(2)\n\t\t\t            .toFormatter();\n\n\n\t\t\t    public static String format(long millis) {\n\t\t\t        return dateFormat.print(new Period(millis).normalizedStandard());\n\t\t\t    }\n\t\t\t}\n}","updatedContent":"package jodatime;\n\nimport static org.junit.Assert.*;\nimport org.joda.time.format.PeriodFormatterBuilder;\nimport org.junit.Test;\nimport org.joda.time.format.PeriodFormatter;\nimport org.joda.time.Period;\n\npublic class JodaTime13 {\n\t//\tID = 4585883\n\tpublic static void main(String[] args) {\n\t\t// TODO Auto-generated method stub\n\n\t}\n\n\t@Test\n\tpublic void second() {\n\t\tassertEquals(\"00:00:01\", OurDateTimeFormatter.format(1000));\n\t}\n\n\t@Test\n\tpublic void minute() {\n\t\tassertEquals(\"00:01:00\", OurDateTimeFormatter.format(1000 * 60));\n\t}\n\n\t@Test\n\tpublic void hour() {\n\t\tassertEquals(\"01:00:00\", OurDateTimeFormatter.format(1000 * 60 * 60));\n\t}\n\n\t@Test\n\tpublic void almostMidnight() {\n\t\tfinal int secondsInDay = 60 * 60 * 24;\n\t\tassertEquals(\"23:59:59\", OurDateTimeFormatter.format(1000 * (secondsInDay - 1)));\n\t}\n\n\t@Test\n\tpublic void twoDaysAndAHalf() {\n\t\tfinal int secondsInDay = 60 * 60 * 24;\n\t\tassertEquals(\"12:00:00 and 2 days\", OurDateTimeFormatter.format(1000 * secondsInDay * 5 / 2));\n\t}\n\n\tpublic static class OurDateTimeFormatter {\n\t\tpublic OurDateTimeFormatter() {\n\t\t}\n\n\t\tprivate final static PeriodFormatter dateFormat = new PeriodFormatterBuilder().appendDays()\n\t\t\t\t.appendSuffix(\" day\", \" days\").appendSeparator(\" \").appendHours().appendSeparator(\":\").appendMinutes()\n\t\t\t\t.minimumPrintedDigits(2).appendSeparator(\":\").appendSeconds().minimumPrintedDigits(2).toFormatter();\n\n\t\tpublic static String format(long millis) {\n\t\t\treturn dateFormat.print(new Period(millis).normalizedStandard());\n\t\t}\n\t}\n}","usedLibraries":["jar:junit-4.11.jar:1","jar:joda-time-2.0.jar:1"]}