{
  "java_file": "/home/theguy/Documents/research/snr-server/src/test/resources/snippets/so/JodaTime12.java",
  "output_file": "StatType-Completion-output-json/JodaTime12.java.json",
  "exit_code": 0,
  "stdout": "/home/theguy/Documents/research/snr-server/benchmark/snippet_log/JodaTime12.java.stdout.7b10c45631f64dfda57ca629903afda7.txt",
  "stderr": "/home/theguy/Documents/research/snr-server/benchmark/snippet_log/JodaTime12.java.stderr.7b10c45631f64dfda57ca629903afda7.txt",
  "run_time": 12938370523,
  "total_imports": [
    "java.text.ParseException",
    "java.text.SimpleDateFormat",
    "java.util.Date",
    "org.joda.time.DateTime"
  ],
  "correct_imports": [
    "org.joda.time.DateTime",
    "java.text.SimpleDateFormat"
  ]
}