{"status":2,"problems":[{"fileName":"JodaTime36.java","startLocation":426,"endLocation":431,"lineNumber":16,"column":-1,"message":"The value of the local variable period is not used","problemId":536870973,"problemSeverity":"WARNING"}],"originalContent":"package jodatime;\n//ID = 10154428\n\npublic class JodaTime36 {\n\n\tpublic static void main(String[] args) {\n\t\t// TODO Auto-generated method stub\n\n\t\tPeriodFormatter pf = new PeriodFormatterBuilder().append(ISOPeriodFormat.standard()).toFormatter();\n\n\t\tPeriod period = pf.parsePeriod(\"PT01H00M\");\n\t}\n\n}","updatedContent":"package jodatime;\n//ID = 10154428\n\nimport org.joda.time.format.PeriodFormatterBuilder;\nimport org.joda.time.format.ISOPeriodFormat;\nimport org.joda.time.format.PeriodFormatter;\nimport org.joda.time.Period;\n\npublic class JodaTime36 {\n\n\tpublic static void main(String[] args) {\n\t\t// TODO Auto-generated method stub\n\n\t\tPeriodFormatter pf = new PeriodFormatterBuilder().append(ISOPeriodFormat.standard()).toFormatter();\n\n\t\tPeriod period = pf.parsePeriod(\"PT01H00M\");\n\t}\n\n}","usedLibraries":["jar:joda-time-2.0.jar:1"]}