{"status":0,"problems":[],"originalContent":"package jodatime;\n//ID = 9485667\n\npublic class JodaTime29 {\n\n\tprivate static final int FIELD_COUNT = 10;\n\tpublic static void main(String[] args) {\n\n\t}\n\tpublic DateTime parseDateTime(final String text)\n\t   {\n\t\tDateTimeFormatter formatters[] = new DateTimeFormatter[20];\n\t      if (text.isEmpty()) return null;\n\t      int field = 0;\n\t      DateTime dateTime = null;\n\t      IllegalArgumentException exception = null;\n\t      for (; field < FIELD_COUNT; ++field)\n\t      {\n\t         if (null != formatters[field])\n\t         {\n\t            try\n\t            {\n\t               dateTime = formatters[field].parseDateTime(text);\n\t               break;\n\t            }\n\t            catch (final IllegalArgumentException e)\n\t            {\n\t               exception = null != exception ? exception : e;\n\t            }\n\t         }\n\t      }\n\t      if (dateTime == null)\n\t      {\n\t         throw exception;\n\t      }\n\t      return dateTime;\n\t   }\n}","updatedContent":"package jodatime;\n//ID = 9485667\n\nimport org.joda.time.format.DateTimeFormatter;\nimport org.joda.time.DateTime;\n\npublic class JodaTime29 {\n\n\tprivate static final int FIELD_COUNT = 10;\n\n\tpublic static void main(String[] args) {\n\n\t}\n\n\tpublic DateTime parseDateTime(final String text) {\n\t\tDateTimeFormatter formatters[] = new DateTimeFormatter[20];\n\t\tif (text.isEmpty())\n\t\t\treturn null;\n\t\tint field = 0;\n\t\tDateTime dateTime = null;\n\t\tIllegalArgumentException exception = null;\n\t\tfor (; field < FIELD_COUNT; ++field) {\n\t\t\tif (null != formatters[field]) {\n\t\t\t\ttry {\n\t\t\t\t\tdateTime = formatters[field].parseDateTime(text);\n\t\t\t\t\tbreak;\n\t\t\t\t} catch (final IllegalArgumentException e) {\n\t\t\t\t\texception = null != exception ? exception : e;\n\t\t\t\t}\n\t\t\t}\n\t\t}\n\t\tif (dateTime == null) {\n\t\t\tthrow exception;\n\t\t}\n\t\treturn dateTime;\n\t}\n}","usedLibraries":["jar:joda-time-2.0.jar:1"]}