{
  "java_file": "/home/theguy/Documents/research/snr-server/src/test/resources/snippets/so/JodaTime01.java",
  "output_file": "StatType-Completion-output-json/JodaTime01.java.json",
  "exit_code": 0,
  "stdout": "/home/theguy/Documents/research/snr-server/benchmark/snippet_log/JodaTime01.java.stdout.857d99f241e24312ab868195cfd63e97.txt",
  "stderr": "/home/theguy/Documents/research/snr-server/benchmark/snippet_log/JodaTime01.java.stderr.857d99f241e24312ab868195cfd63e97.txt",
  "run_time": 6207399288,
  "total_imports": [
    "java.util.TimeZone",
    "org.joda.time.DateTime",
    "org.joda.time.DateTimeZone",
    "org.joda.time.format.DateTimeFormatter",
    "org.joda.time.format.ISODateTimeFormat"
  ],
  "correct_imports": [
    "org.joda.time.format.ISODateTimeFormat",
    "org.joda.time.DateTimeZone",
    "org.joda.time.format.DateTimeFormatter",
    "org.joda.time.DateTime"
  ]
}