{"status":2,"problems":[{"fileName":"JodaTime01.java","startLocation":331,"endLocation":338,"lineNumber":13,"column":43,"message":"TimeZone cannot be resolved to a type","problemId":16777218,"problemSeverity":"ERROR"},{"fileName":"JodaTime01.java","startLocation":351,"endLocation":358,"lineNumber":13,"column":63,"message":"TimeZone cannot be resolved","problemId":570425394,"problemSeverity":"ERROR"}],"originalContent":"package jodatime;\n//ID = 1714300\n\npublic class JodaTime01 {\n\n    public static void main(String[] args) {    \n     DateTimeFormatter timeParser = ISODateTimeFormat.timeParser();\n     TimeZone timeZone = TimeZone.getDefault();\n     System.out.println(timeZone.getID()); // \"Europe/London\"\n     System.out.println(timeZone.getDisplayName()); // \"Greenwich Mean Time\"\n\n        DateTimeZone defaultTimeZone = DateTimeZone.getDefault();\n        System.out.println(defaultTimeZone.getID()); //\"Europe/London\"\n        System.out.println(defaultTimeZone.getName(0L)); //\"British Summer Time\"\n\n        DateTime currentTime = new DateTime();\n        DateTimeZone currentZone = currentTime.getZone();\n        System.out.println(currentZone.getID()); //\"Europe/London\"\n        System.out.println(currentZone.getName(0L)); //\"British Summer Time\"            \n    }\n}","updatedContent":"package jodatime;\n//ID = 1714300\n\nimport org.joda.time.format.ISODateTimeFormat;\nimport org.joda.time.DateTimeZone;\nimport org.joda.time.format.DateTimeFormatter;\nimport org.joda.time.DateTime;\n\npublic class JodaTime01 {\n\n\tpublic static void main(String[] args) {\n\t\tDateTimeFormatter timeParser = ISODateTimeFormat.timeParser();\n\t\tTimeZone timeZone = TimeZone.getDefault();\n\t\tSystem.out.println(timeZone.getID()); // \"Europe/London\"\n\t\tSystem.out.println(timeZone.getDisplayName()); // \"Greenwich Mean Time\"\n\n\t\tDateTimeZone defaultTimeZone = DateTimeZone.getDefault();\n\t\tSystem.out.println(defaultTimeZone.getID()); //\"Europe/London\"\n\t\tSystem.out.println(defaultTimeZone.getName(0L)); //\"British Summer Time\"\n\n\t\tDateTime currentTime = new DateTime();\n\t\tDateTimeZone currentZone = currentTime.getZone();\n\t\tSystem.out.println(currentZone.getID()); //\"Europe/London\"\n\t\tSystem.out.println(currentZone.getName(0L)); //\"British Summer Time\"            \n\t}\n}","usedLibraries":["jar:joda-time-2.0.jar:1"]}