{
  "java_file": "/home/theguy/Documents/research/snr-server/src/test/resources/snippets/so/JodaTime22.java",
  "output_file": "StatType-Completion-output-json/JodaTime22.java.json",
  "exit_code": 0,
  "stdout": "/home/theguy/Documents/research/snr-server/benchmark/snippet_log/JodaTime22.java.stdout.84e516f0869d4f80bdb8922c8143785f.txt",
  "stderr": "/home/theguy/Documents/research/snr-server/benchmark/snippet_log/JodaTime22.java.stderr.84e516f0869d4f80bdb8922c8143785f.txt",
  "run_time": 12301839996,
  "total_imports": [
    "org.joda.time.DateTime",
    "org.joda.time.format.DateTimeFormat",
    "org.joda.time.format.DateTimeFormatter",
    "java.util.Date",
    "java.text.ParseException"
  ],
  "correct_imports": [
    "org.joda.time.format.DateTimeFormat",
    "org.joda.time.format.DateTimeFormatter",
    "org.joda.time.DateTime"
  ]
}