{"status":2,"problems":[{"fileName":"JodaTime37.java","startLocation":235,"endLocation":246,"lineNumber":11,"column":3,"message":"DateTimeZone cannot be resolved to a type","problemId":16777218,"problemSeverity":"ERROR"},{"fileName":"JodaTime37.java","startLocation":257,"endLocation":268,"lineNumber":11,"column":25,"message":"DateTimeZone cannot be resolved","problemId":570425394,"problemSeverity":"ERROR"}],"originalContent":"package jodatime;\n//ID=3802893\n\n\n\npublic class JodaTime37 {\n\n\tpublic static void main(String[] args) \n\t{\n\t\t// 5am on the 20th to 1pm on the 21st, October 2013, Brazil\n\t\tDateTimeZone BRAZIL = DateTimeZone.forID(\"America/Sao_Paulo\");\n\t\tDateTime start = new DateTime(2013, 10, 20, 5, 0, 0, BRAZIL);\n\t\tDateTime end = new DateTime(2013, 10, 21, 13, 0, 0, BRAZIL);\n\t\tSystem.out.println(getDaysBetween(start, end));\n\t\t// prints 1\n}\n\tpublic static int getDaysBetween(DateTime earlier, DateTime later)\n\t  {\n\t    return (int) TimeUnit.MILLISECONDS.toDays(later.getMillis()- earlier.getMillis());\n\t  }\n}","updatedContent":"package jodatime;\n//ID=3802893\n\nimport org.joda.time.DateTime;\nimport java.util.concurrent.TimeUnit;\n\npublic class JodaTime37 {\n\n\tpublic static void main(String[] args) {\n\t\t// 5am on the 20th to 1pm on the 21st, October 2013, Brazil\n\t\tDateTimeZone BRAZIL = DateTimeZone.forID(\"America/Sao_Paulo\");\n\t\tDateTime start = new DateTime(2013, 10, 20, 5, 0, 0, BRAZIL);\n\t\tDateTime end = new DateTime(2013, 10, 21, 13, 0, 0, BRAZIL);\n\t\tSystem.out.println(getDaysBetween(start, end));\n\t\t// prints 1\n\t}\n\n\tpublic static int getDaysBetween(DateTime earlier, DateTime later) {\n\t\treturn (int) TimeUnit.MILLISECONDS.toDays(later.getMillis() - earlier.getMillis());\n\t}\n}","usedLibraries":["jar:android-13.jar:1","jar:joda-time-2.0.jar:1"]}