{
  "java_file": "/home/theguy/Documents/research/snr-server/src/test/resources/snippets/so/JodaTime35.java",
  "output_file": "StatType-Completion-output-json/JodaTime35.java.json",
  "exit_code": 0,
  "stdout": "/home/theguy/Documents/research/snr-server/benchmark/snippet_log/JodaTime35.java.stdout.0bdbd52aeb404086bc7e79deb8614e26.txt",
  "stderr": "/home/theguy/Documents/research/snr-server/benchmark/snippet_log/JodaTime35.java.stderr.0bdbd52aeb404086bc7e79deb8614e26.txt",
  "run_time": 13237309386,
  "total_imports": [
    "java.util.Date",
    "org.joda.time.DateTime",
    "org.joda.time.Period",
    "org.joda.time.ReadablePeriod",
    "org.joda.time.format.PeriodFormatter",
    "org.joda.time.format.PeriodFormatterBuilder"
  ],
  "correct_imports": [
    "org.joda.time.format.PeriodFormatterBuilder",
    "org.joda.time.format.PeriodFormatter"
  ]
}