{
  "java_file": "/home/theguy/Documents/research/snr-server/src/test/resources/snippets/so/JodaTime31.java",
  "output_file": "StatType-Completion-output-json/JodaTime31.java.json",
  "exit_code": 0,
  "stdout": "/home/theguy/Documents/research/snr-server/benchmark/snippet_log/JodaTime31.java.stdout.bd7ebcca58b141448e4a6e7677931880.txt",
  "stderr": "/home/theguy/Documents/research/snr-server/benchmark/snippet_log/JodaTime31.java.stderr.bd7ebcca58b141448e4a6e7677931880.txt",
  "run_time": 5865241726,
  "total_imports": [
    "org.joda.time.DateTime",
    "org.joda.time.Weeks"
  ],
  "correct_imports": [
    "org.joda.time.DateTime"
  ]
}