{
  "java_file": "/home/theguy/Documents/research/snr-server/src/test/resources/snippets/so/JodaTime40.java",
  "output_file": "StatType-Completion-output-json/JodaTime40.java.json",
  "exit_code": 0,
  "stdout": "/home/theguy/Documents/research/snr-server/benchmark/snippet_log/JodaTime40.java.stdout.5cc76a7f5eb44974b292bfcdf563e6bb.txt",
  "stderr": "/home/theguy/Documents/research/snr-server/benchmark/snippet_log/JodaTime40.java.stderr.5cc76a7f5eb44974b292bfcdf563e6bb.txt",
  "run_time": 5911972486,
  "total_imports": [
    "java.util.Date",
    "org.joda.time.DateTime",
    "org.joda.time.Days"
  ],
  "correct_imports": [
    "org.joda.time.Days",
    "org.joda.time.DateTime"
  ]
}