{
  "java_file": "/home/theguy/Documents/research/snr-server/src/test/resources/snippets/so/JodaTime04.java",
  "output_file": "StatType-Completion-output-json/JodaTime04.java.json",
  "exit_code": 0,
  "stdout": "/home/theguy/Documents/research/snr-server/benchmark/snippet_log/JodaTime04.java.stdout.b5f9fa17e1d64212ba0c05fa3fdd50db.txt",
  "stderr": "/home/theguy/Documents/research/snr-server/benchmark/snippet_log/JodaTime04.java.stderr.b5f9fa17e1d64212ba0c05fa3fdd50db.txt",
  "run_time": 5285539903,
  "total_imports": [
    "org.joda.time.Period",
    "org.joda.time.ReadableInstant"
  ],
  "correct_imports": [
    "org.joda.time.ReadableInstant",
    "org.joda.time.Period"
  ]
}