{"status":0,"problems":[],"originalContent":"package jodatime;\n//id = 3772945\n\npublic class JodaTime50 {\n\n\tpublic static void main(String[] args) {\n\t\t// TODO Auto-generated method stub\n\n\t}\n\t//days of a month\n\tpublic static int daysOfMonth(int year, int month) {\n\t\t  DateTime dateTime = new DateTime(year, month, 14, 12, 0, 0, 000);\n\t\t  return dateTime.dayOfMonth().getMaximumValue();\n\t\t}\n}","updatedContent":"package jodatime;\n//id = 3772945\n\nimport org.joda.time.DateTime;\n\npublic class JodaTime50 {\n\n\tpublic static void main(String[] args) {\n\t\t// TODO Auto-generated method stub\n\n\t}\n\n\t//days of a month\n\tpublic static int daysOfMonth(int year, int month) {\n\t\tDateTime dateTime = new DateTime(year, month, 14, 12, 0, 0, 000);\n\t\treturn dateTime.dayOfMonth().getMaximumValue();\n\t}\n}","usedLibraries":["jar:joda-time-2.0.jar:1"]}