{"status":2,"problems":[{"fileName":"JodaTime40.java","startLocation":325,"endLocation":340,"lineNumber":14,"column":48,"message":"The constructor Date(int, int, int) is deprecated","problemId":134217861,"problemSeverity":"WARNING"},{"fileName":"JodaTime40.java","startLocation":363,"endLocation":366,"lineNumber":15,"column":86,"message":"The value of the local variable days is not used","problemId":536870973,"problemSeverity":"WARNING"}],"originalContent":"package jodatime;\n//3299972\n\n\npublic class JodaTime40 {\n\n\tpublic static void main(String[] args) {\n\t\t// TODO Auto-generated method stub\n\t\t@SuppressWarnings(\"deprecation\")\n\t\tDate past = new Date(110, 5, 20); // June 20th, 2010\n\t\tDate today = new Date(110, 6, 24); // July 24th \n\t\tint days = Days.daysBetween(new DateTime(past), new DateTime(today)).getDays(); // => 34\n\t}\n\n}","updatedContent":"package jodatime;\n//3299972\n\nimport org.joda.time.Days;\nimport org.joda.time.DateTime;\nimport java.sql.Date;\n\npublic class JodaTime40 {\n\n\tpublic static void main(String[] args) {\n\t\t// TODO Auto-generated method stub\n\t\t@SuppressWarnings(\"deprecation\")\n\t\tDate past = new Date(110, 5, 20); // June 20th, 2010\n\t\tDate today = new Date(110, 6, 24); // July 24th \n\t\tint days = Days.daysBetween(new DateTime(past), new DateTime(today)).getDays(); // => 34\n\t}\n\n}","usedLibraries":["jar:android-13.jar:1","jar:joda-time-2.0.jar:1"]}