{
  "java_file": "/home/theguy/Documents/research/snr-server/src/test/resources/snippets/so/JodaTime03.java",
  "output_file": "StatType-Completion-output-json/JodaTime03.java.json",
  "exit_code": 0,
  "stdout": "/home/theguy/Documents/research/snr-server/benchmark/snippet_log/JodaTime03.java.stdout.fa75e0f4003e406f8c610e669c185152.txt",
  "stderr": "/home/theguy/Documents/research/snr-server/benchmark/snippet_log/JodaTime03.java.stderr.fa75e0f4003e406f8c610e669c185152.txt",
  "run_time": 8431232895,
  "total_imports": [
    "org.joda.time.Interval",
    "org.joda.time.format.PeriodFormatter",
    "org.joda.time.format.PeriodFormatterBuilder"
  ],
  "correct_imports": [
    "org.joda.time.Interval",
    "org.joda.time.format.PeriodFormatterBuilder"
  ]
}