{"status":2,"problems":[{"fileName":"JodaTime45.java","startLocation":279,"endLocation":286,"lineNumber":12,"column":5,"message":"The type Provider cannot be a superinterface of FastDateTimeZoneProvider; a superinterface must be an interface","problemId":16777531,"problemSeverity":"ERROR"},{"fileName":"JodaTime45.java","startLocation":366,"endLocation":377,"lineNumber":15,"column":42,"message":"DateTimeZone cannot be resolved to a type","problemId":16777218,"problemSeverity":"ERROR"},{"fileName":"JodaTime45.java","startLocation":432,"endLocation":443,"lineNumber":17,"column":32,"message":"DateTimeZone cannot be resolved to a variable","problemId":33554515,"problemSeverity":"ERROR"},{"fileName":"JodaTime45.java","startLocation":531,"endLocation":542,"lineNumber":22,"column":36,"message":"DateTimeZone cannot be resolved to a variable","problemId":33554515,"problemSeverity":"ERROR"},{"fileName":"JodaTime45.java","startLocation":767,"endLocation":778,"lineNumber":32,"column":13,"message":"DateTimeZone cannot be resolved","problemId":570425394,"problemSeverity":"ERROR"},{"fileName":"JodaTime45.java","startLocation":822,"endLocation":824,"lineNumber":35,"column":1,"message":"Set is a raw type. References to generic type Set<E> should be parameterized","problemId":16777788,"problemSeverity":"WARNING"}],"originalContent":"package jodatime;\n//id = 5059663\n\n\npublic class JodaTime45 {\n\n\tpublic class FastDateTimeZoneProvider implements Provider {\n\t    public final Set<String> AVAILABLE_IDS = new HashSet<String>();\n\n\n\t    \n\n\t    public DateTimeZone getZone(String id) {\n\t        if (id == null) {\n\t            return DateTimeZone.UTC;\n\t        }\n\n\t        TimeZone tz = TimeZone.getTimeZone(id);\n\t        if (tz == null) {\n\t            return DateTimeZone.UTC;\n\t        }\n\n\t        int rawOffset = tz.getRawOffset();\n\n\t            //sub-optimal. could be improved to only create a new Date every few minutes\n\t        if (tz.inDaylightTime(new Date())) {\n\t            rawOffset += tz.getDSTSavings();\n\t        }\n\n\t        return DateTimeZone.forOffsetMillis(rawOffset);\n\t    }\n\n\t    public Set getAvailableIDs() {\n\t        return AVAILABLE_IDS;\n\t    }\n\t}\n}","updatedContent":"package jodatime;\n//id = 5059663\n\nimport com.extjs.gxt.ui.client.state.Provider;\nimport java.util.Date;\nimport java.util.TimeZone;\nimport java.util.Set;\nimport com.google.gwt.dev.util.collect.HashSet;\n\npublic class JodaTime45 {\n\n\tpublic class FastDateTimeZoneProvider implements Provider {\n\t\tpublic final Set<String> AVAILABLE_IDS = new HashSet<String>();\n\n\t\tpublic DateTimeZone getZone(String id) {\n\t\t\tif (id == null) {\n\t\t\t\treturn DateTimeZone.UTC;\n\t\t\t}\n\n\t\t\tTimeZone tz = TimeZone.getTimeZone(id);\n\t\t\tif (tz == null) {\n\t\t\t\treturn DateTimeZone.UTC;\n\t\t\t}\n\n\t\t\tint rawOffset = tz.getRawOffset();\n\n\t\t\t//sub-optimal. could be improved to only create a new Date every few minutes\n\t\t\tif (tz.inDaylightTime(new Date())) {\n\t\t\t\trawOffset += tz.getDSTSavings();\n\t\t\t}\n\n\t\t\treturn DateTimeZone.forOffsetMillis(rawOffset);\n\t\t}\n\n\t\tpublic Set getAvailableIDs() {\n\t\t\treturn AVAILABLE_IDS;\n\t\t}\n\t}\n}","usedLibraries":["jar:gwt-dev-2.9.0.jar:1","jar:android-13.jar:1","jar:gxt-2.2.1.jar:1"]}