{"status":2,"problems":[{"fileName":"JodaTime33.java","startLocation":225,"endLocation":239,"lineNumber":12,"column":14,"message":"PeriodFormatter cannot be resolved to a type","problemId":16777218,"problemSeverity":"ERROR"}],"originalContent":"package jodatime;\n\n\n//ID = 9961480\npublic class JodaTime33 {\n\n\tpublic static void main(String[] args) {\n\t\t// TODO Auto-generated method stub\n\n\t\tPeriodFormatter hoursMinutesSeconds = new PeriodFormatterBuilder()\n\t\t\t\t.appendHours().appendSuffix(\" hour\", \" hours\")\n\t\t\t\t.appendSeparator(\", \", \" and \")\n\t\t\t\t.appendMinutes()\n\t\t\t\t.appendSuffix(\" minute\", \" minutes\")\n\t\t\t\t.appendSeparator(\" and \")\n\t\t\t\t.printZeroRarelyFirst()\n\t\t\t\t.appendSeconds()\n\t\t\t\t.appendSuffix(\" second\", \" seconds\")\n\t\t\t\t.toFormatter();\n\n\t\tSystem.out.println(hoursMinutesSeconds.print(new Period(0, 0, 0, 500)));\n\t}\n\n}","updatedContent":"package jodatime;\n\nimport org.joda.time.format.PeriodFormatterBuilder;\nimport org.joda.time.Period;\n\n//ID = 9961480\npublic class JodaTime33 {\n\n\tpublic static void main(String[] args) {\n\t\t// TODO Auto-generated method stub\n\n\t\tPeriodFormatter hoursMinutesSeconds = new PeriodFormatterBuilder().appendHours().appendSuffix(\" hour\", \" hours\")\n\t\t\t\t.appendSeparator(\", \", \" and \").appendMinutes().appendSuffix(\" minute\", \" minutes\")\n\t\t\t\t.appendSeparator(\" and \").printZeroRarelyFirst().appendSeconds().appendSuffix(\" second\", \" seconds\")\n\t\t\t\t.toFormatter();\n\n\t\tSystem.out.println(hoursMinutesSeconds.print(new Period(0, 0, 0, 500)));\n\t}\n\n}","usedLibraries":["jar:joda-time-2.0.jar:1"]}