{"status":2,"problems":[{"fileName":"JodaTime11.java","startLocation":175,"endLocation":191,"lineNumber":9,"column":72,"message":"DateTimeFormatter cannot be resolved to a type","problemId":16777218,"problemSeverity":"ERROR"},{"fileName":"JodaTime11.java","startLocation":199,"endLocation":212,"lineNumber":9,"column":13,"message":"DateTimeFormat cannot be resolved","problemId":570425394,"problemSeverity":"ERROR"}],"originalContent":"package jodatime;\n//ID = 4498274\n\n\npublic class JodaTime11 {\n\tpublic static void main(String[] args) {\n\t\tDateTimeFormatter dtf = DateTimeFormat.forPattern(\"EEE MMM dd HH:mm:ss z yyyy\");\n\t\tSystem.out.println(dtf.parseDateTime(\"Fri Nov 11 12:13:14 JST 2010\"));\n\t\ttry {\n\t\t\tSystem.out.println(new SimpleDateFormat(\"EEE MMM dd HH:mm:ss z yyyy\").parse(\"Fri Nov 11 12:13:14 JST 2010\"));\n\t\t} catch (ParseException e) {\n\t\t\t// TODO Auto-generated catch block\n\t\t\te.printStackTrace();\n\t\t}\n\t}\n\t\n}","updatedContent":"package jodatime;\n//ID = 4498274\n\nimport android.net.ParseException;\nimport java.text.SimpleDateFormat;\n\npublic class JodaTime11 {\n\tpublic static void main(String[] args) {\n\t\tDateTimeFormatter dtf = DateTimeFormat.forPattern(\"EEE MMM dd HH:mm:ss z yyyy\");\n\t\tSystem.out.println(dtf.parseDateTime(\"Fri Nov 11 12:13:14 JST 2010\"));\n\t\ttry {\n\t\t\tSystem.out\n\t\t\t\t\t.println(new SimpleDateFormat(\"EEE MMM dd HH:mm:ss z yyyy\").parse(\"Fri Nov 11 12:13:14 JST 2010\"));\n\t\t} catch (ParseException e) {\n\t\t\t// TODO Auto-generated catch block\n\t\t\te.printStackTrace();\n\t\t}\n\t}\n\n}","usedLibraries":["jar:android-13.jar:1"]}