{
  "java_file": "/home/theguy/Documents/research/snr-server/src/test/resources/snippets/so/JodaTime34.java",
  "output_file": "StatType-Completion-output-json/JodaTime34.java.json",
  "exit_code": 0,
  "stdout": "/home/theguy/Documents/research/snr-server/benchmark/snippet_log/JodaTime34.java.stdout.94fd95749df946f29a7b07eb8d433e96.txt",
  "stderr": "/home/theguy/Documents/research/snr-server/benchmark/snippet_log/JodaTime34.java.stderr.94fd95749df946f29a7b07eb8d433e96.txt",
  "run_time": 6110734974,
  "total_imports": [
    "org.joda.time.Period",
    "org.joda.time.format.PeriodFormat",
    "org.joda.time.format.PeriodFormatter",
    "java.util.Locale"
  ],
  "correct_imports": [
    "java.util.Locale",
    "org.joda.time.format.PeriodFormat",
    "org.joda.time.format.PeriodFormatter",
    "org.joda.time.Period"
  ]
}