{"status":0,"problems":[],"originalContent":"package jodatime;\n//20331163\n\npublic class JodaTime38 {\n\n\tpublic static void main(String[] args) {\n\t\t// TODO Auto-generated method stub\n\t\tString dateTime = \"11/15/2013 08:00:00\";\n\t\t// Format for input\n\t\tDateTimeFormatter dtf = DateTimeFormat.forPattern(\"MM/dd/yyyy HH:mm:ss\");\n\t\t// Parsing the date\n\t\tDateTime jodatime = dtf.parseDateTime(dateTime);\n\t\t// Format for output\n\t\tDateTimeFormatter dtfOut = DateTimeFormat.forPattern(\"MM/dd/yyyy\");\n\t\t// Printing the date\n\t\tSystem.out.println(dtfOut.print(jodatime));\n\t}\n\n}","updatedContent":"package jodatime;\n//20331163\n\nimport org.joda.time.format.DateTimeFormat;\nimport org.joda.time.format.DateTimeFormatter;\nimport org.joda.time.DateTime;\n\npublic class JodaTime38 {\n\n\tpublic static void main(String[] args) {\n\t\t// TODO Auto-generated method stub\n\t\tString dateTime = \"11/15/2013 08:00:00\";\n\t\t// Format for input\n\t\tDateTimeFormatter dtf = DateTimeFormat.forPattern(\"MM/dd/yyyy HH:mm:ss\");\n\t\t// Parsing the date\n\t\tDateTime jodatime = dtf.parseDateTime(dateTime);\n\t\t// Format for output\n\t\tDateTimeFormatter dtfOut = DateTimeFormat.forPattern(\"MM/dd/yyyy\");\n\t\t// Printing the date\n\t\tSystem.out.println(dtfOut.print(jodatime));\n\t}\n\n}","usedLibraries":["jar:joda-time-2.0.jar:1"]}