{"status":2,"problems":[{"fileName":"JodaTime19.java","startLocation":404,"endLocation":414,"lineNumber":14,"column":-1,"message":"The value of the local variable overlapping is not used","problemId":536870973,"problemSeverity":"WARNING"}],"originalContent":"package jodatime;\n\n\n\n//ID = 7471775\npublic class JodaTime19 \n{\n\tpublic static void main(String[] args) {\n\t\t\tInstant now = new Instant(new Date().getTime());\n\t\t\tInterval i2 = new Interval(now, (ReadableInstant) null);\n\t\t\tInterval i1 = new Interval(now, (ReadableInstant) null);\n\t\t\tboolean overlapping = i2.overlaps(i1);\n\t}\n}","updatedContent":"package jodatime;\n\nimport org.joda.time.Instant;\nimport java.util.Date;\nimport org.joda.time.Interval;\nimport org.joda.time.ReadableInstant;\n\n//ID = 7471775\npublic class JodaTime19 {\n\tpublic static void main(String[] args) {\n\t\tInstant now = new Instant(new Date().getTime());\n\t\tInterval i2 = new Interval(now, (ReadableInstant) null);\n\t\tInterval i1 = new Interval(now, (ReadableInstant) null);\n\t\tboolean overlapping = i2.overlaps(i1);\n\t}\n}","usedLibraries":["jar:android-13.jar:1","jar:joda-time-2.0.jar:1"]}