{"status":2,"problems":[{"fileName":"JodaTime08.java","startLocation":341,"endLocation":350,"lineNumber":10,"column":41,"message":"PeriodType cannot be resolved","problemId":570425394,"problemSeverity":"ERROR"}],"originalContent":"package jodatime;\n//ID = 4034388\n\n\npublic class JodaTime08 {\n\t public boolean testIfJodaTimePeriodsHandlesPeriodTypesOtherThanMinutesAndHours() {\n\t\t  long twentyDaysInMillis = TimeUnit.MILLISECONDS.convert(20, TimeUnit.DAYS);\n\t\t  Period twoWeeks = new Period(twentyDaysInMillis, PeriodType.weeks());\n\t\t  return (2 == twoWeeks.getWeeks()) ? true : false; \n\t\t }\n}","updatedContent":"package jodatime;\n//ID = 4034388\n\nimport org.joda.time.Period;\nimport java.util.concurrent.TimeUnit;\n\npublic class JodaTime08 {\n\tpublic boolean testIfJodaTimePeriodsHandlesPeriodTypesOtherThanMinutesAndHours() {\n\t\tlong twentyDaysInMillis = TimeUnit.MILLISECONDS.convert(20, TimeUnit.DAYS);\n\t\tPeriod twoWeeks = new Period(twentyDaysInMillis, PeriodType.weeks());\n\t\treturn (2 == twoWeeks.getWeeks()) ? true : false;\n\t}\n}","usedLibraries":["jar:android-13.jar:1","jar:joda-time-2.0.jar:1"]}