{
  "java_file": "/home/theguy/Documents/research/snr-server/src/test/resources/snippets/so/JodaTime37.java",
  "output_file": "StatType-Completion-output-json/JodaTime37.java.json",
  "exit_code": 0,
  "stdout": "/home/theguy/Documents/research/snr-server/benchmark/snippet_log/JodaTime37.java.stdout.81d08d2ec1cb415083ec2642827771f5.txt",
  "stderr": "/home/theguy/Documents/research/snr-server/benchmark/snippet_log/JodaTime37.java.stderr.81d08d2ec1cb415083ec2642827771f5.txt",
  "run_time": 5585052769,
  "total_imports": [
    "java.util.concurrent.TimeUnit",
    "org.joda.time.DateTime",
    "org.joda.time.DateTimeZone"
  ],
  "correct_imports": [
    "org.joda.time.DateTime",
    "java.util.concurrent.TimeUnit"
  ]
}