{"status":2,"problems":[{"fileName":"JodaTime44.java","startLocation":187,"endLocation":201,"lineNumber":10,"column":16,"message":"PeriodFormatter cannot be resolved to a type","problemId":16777218,"problemSeverity":"ERROR"}],"originalContent":"package jodatime;\n//id = 1440557\n\npublic class JodaTime44 {\n\n\tpublic static void main(String[] args) {\n\t\t  PeriodFormatter daysHoursMinutes = new PeriodFormatterBuilder()\n\t\t    .appendDays()\n\t\t    .appendSuffix(\" day\", \" days\")\n\t\t    .appendSeparator(\" and \")\n\t\t    .appendMinutes()\n\t\t    .appendSuffix(\" minute\", \" minutes\")\n\t\t    .appendSeparator(\" and \")\n\t\t    .appendSeconds()\n\t\t    .appendSuffix(\" second\", \" seconds\")\n\t\t    .toFormatter();\n\n\t\t  Period period = new Period(72, 24, 12, 0);\n\n\t\t  System.out.println(daysHoursMinutes.print(period));\n\t\t  System.out.println(daysHoursMinutes.print(period.normalizedStandard()));\n\t\t}\n\n}","updatedContent":"package jodatime;\n//id = 1440557\n\nimport org.joda.time.format.PeriodFormatterBuilder;\nimport org.joda.time.Period;\n\npublic class JodaTime44 {\n\n\tpublic static void main(String[] args) {\n\t\tPeriodFormatter daysHoursMinutes = new PeriodFormatterBuilder().appendDays().appendSuffix(\" day\", \" days\")\n\t\t\t\t.appendSeparator(\" and \").appendMinutes().appendSuffix(\" minute\", \" minutes\").appendSeparator(\" and \")\n\t\t\t\t.appendSeconds().appendSuffix(\" second\", \" seconds\").toFormatter();\n\n\t\tPeriod period = new Period(72, 24, 12, 0);\n\n\t\tSystem.out.println(daysHoursMinutes.print(period));\n\t\tSystem.out.println(daysHoursMinutes.print(period.normalizedStandard()));\n\t}\n\n}","usedLibraries":["jar:joda-time-2.0.jar:1"]}