{
  "java_file": "/home/theguy/Documents/research/snr-server/src/test/resources/snippets/so/JodaTime42.java",
  "output_file": "StatType-Completion-output-json/JodaTime42.java.json",
  "exit_code": 0,
  "stdout": "/home/theguy/Documents/research/snr-server/benchmark/snippet_log/JodaTime42.java.stdout.42aa73a8f71b4ac8ae53e26b0086ead5.txt",
  "stderr": "/home/theguy/Documents/research/snr-server/benchmark/snippet_log/JodaTime42.java.stderr.42aa73a8f71b4ac8ae53e26b0086ead5.txt",
  "run_time": 3130434363,
  "total_imports": [
    "org.joda.time.LocalDate"
  ],
  "correct_imports": [
    "org.joda.time.LocalDate"
  ]
}