{"status":2,"problems":[{"fileName":"JodaTime35.java","startLocation":828,"endLocation":834,"lineNumber":20,"column":4,"message":"The method printTo(java.lang.StringBuffer, org.joda.time.ReadablePeriod) in the type PeriodFormatter is not applicable for the arguments (java.lang.StringBuffer, ReadablePeriod)","problemId":67108979,"problemSeverity":"ERROR"},{"fileName":"JodaTime35.java","startLocation":845,"endLocation":858,"lineNumber":20,"column":21,"message":"ReadablePeriod cannot be resolved to a type","problemId":16777218,"problemSeverity":"ERROR"},{"fileName":"JodaTime35.java","startLocation":865,"endLocation":870,"lineNumber":20,"column":41,"message":"Period cannot be resolved to a type","problemId":16777218,"problemSeverity":"ERROR"},{"fileName":"JodaTime35.java","startLocation":876,"endLocation":883,"lineNumber":20,"column":52,"message":"DateTime cannot be resolved to a type","problemId":16777218,"problemSeverity":"ERROR"},{"fileName":"JodaTime35.java","startLocation":897,"endLocation":904,"lineNumber":20,"column":20,"message":"DateTime cannot be resolved to a type","problemId":16777218,"problemSeverity":"ERROR"},{"fileName":"JodaTime35.java","startLocation":1061,"endLocation":1067,"lineNumber":26,"column":15,"message":"The method printTo(StringBuffer, ReadablePeriod) in the type PeriodFormatter is not applicable for the arguments (StringBuffer, Period)","problemId":67108979,"problemSeverity":"ERROR"},{"fileName":"JodaTime35.java","startLocation":1085,"endLocation":1090,"lineNumber":27,"column":-1,"message":"Period cannot be resolved to a type","problemId":16777218,"problemSeverity":"ERROR"},{"fileName":"JodaTime35.java","startLocation":1096,"endLocation":1103,"lineNumber":27,"column":-1,"message":"DateTime cannot be resolved to a type","problemId":16777218,"problemSeverity":"ERROR"},{"fileName":"JodaTime35.java","startLocation":1131,"endLocation":1138,"lineNumber":27,"column":-1,"message":"DateTime cannot be resolved to a type","problemId":16777218,"problemSeverity":"ERROR"},{"fileName":"JodaTime35.java","startLocation":1148,"endLocation":1155,"lineNumber":27,"column":-1,"message":"DateTime cannot be resolved to a type","problemId":16777218,"problemSeverity":"ERROR"}],"originalContent":"package jodatime;\n//ID = 10135278\n\n\npublic class JodaTime35 {\n\n\t// TODO Auto-generated method stub\n\n\tprivate final static PeriodFormatter DURATION_FORMATTER = new PeriodFormatterBuilder().appendYears()\n\t\t\t.appendSuffix(\"year\", \"years\").appendSeparator(\" \").appendMonths().appendSuffix(\"month\", \"months\")\n\t\t\t.appendSeparator(\" \").appendDays().appendSuffix(\"day\", \"days\").appendSeparator(\" \").appendHours()\n\t\t\t.appendSuffix(\"hour\", \"hours\").appendSeparator(\" \").appendMinutes().appendSuffix(\"minute\", \"minutes\")\n\t\t\t.appendSeparator(\" \").appendSeconds().appendSuffix(\"second\", \"seconds\").toFormatter();\n\n\tpublic static String format(Date start) {\n\t\tStringBuffer result = new StringBuffer();\n\t\tDURATION_FORMATTER.printTo(result, (ReadablePeriod) new Period(new DateTime(start), new DateTime()));\n\t\treturn result.toString();\n\t}\n\n\tpublic static String format(Date start, Date end) {\n\t\tStringBuffer result = new StringBuffer();\n\t\tDURATION_FORMATTER.printTo(result,\n\t\t\t\tnew Period(new DateTime(start), end == null ? new DateTime() : new DateTime(end)));\n\t\treturn result.toString();\n\t}\n\n}","updatedContent":"package jodatime;\n//ID = 10135278\n\nimport org.joda.time.format.PeriodFormatterBuilder;\nimport java.sql.Date;\nimport org.joda.time.format.PeriodFormatter;\n\npublic class JodaTime35 {\n\n\t// TODO Auto-generated method stub\n\n\tprivate final static PeriodFormatter DURATION_FORMATTER = new PeriodFormatterBuilder().appendYears()\n\t\t\t.appendSuffix(\"year\", \"years\").appendSeparator(\" \").appendMonths().appendSuffix(\"month\", \"months\")\n\t\t\t.appendSeparator(\" \").appendDays().appendSuffix(\"day\", \"days\").appendSeparator(\" \").appendHours()\n\t\t\t.appendSuffix(\"hour\", \"hours\").appendSeparator(\" \").appendMinutes().appendSuffix(\"minute\", \"minutes\")\n\t\t\t.appendSeparator(\" \").appendSeconds().appendSuffix(\"second\", \"seconds\").toFormatter();\n\n\tpublic static String format(Date start) {\n\t\tStringBuffer result = new StringBuffer();\n\t\tDURATION_FORMATTER.printTo(result, (ReadablePeriod) new Period(new DateTime(start), new DateTime()));\n\t\treturn result.toString();\n\t}\n\n\tpublic static String format(Date start, Date end) {\n\t\tStringBuffer result = new StringBuffer();\n\t\tDURATION_FORMATTER.printTo(result,\n\t\t\t\tnew Period(new DateTime(start), end == null ? new DateTime() : new DateTime(end)));\n\t\treturn result.toString();\n\t}\n\n}","usedLibraries":["jar:android-13.jar:1","jar:joda-time-2.0.jar:1"]}