{"status":2,"problems":[{"fileName":"JodaTime03.java","startLocation":347,"endLocation":364,"lineNumber":16,"column":19,"message":"The method getPeriodFormatter() from the type JodaTime03 refers to the missing type PeriodFormatter","problemId":67108984,"problemSeverity":"ERROR"},{"fileName":"JodaTime03.java","startLocation":423,"endLocation":437,"lineNumber":19,"column":40,"message":"PeriodFormatter cannot be resolved to a type","problemId":16777218,"problemSeverity":"ERROR"},{"fileName":"JodaTime03.java","startLocation":464,"endLocation":478,"lineNumber":20,"column":3,"message":"PeriodFormatter cannot be resolved to a type","problemId":16777218,"problemSeverity":"ERROR"}],"originalContent":"package jodatime;\n//ID = 2092883\n\npublic class JodaTime03 {\n\n\tpublic static void main(String[] args) {\n\t\t// TODO Auto-generated method stub\n\n\t}\n\tpublic static String formatDuration(long start, long end) {\n\t    Interval interval = new Interval(start, end);\n\t    return getPeriodFormatter().print(interval.toPeriod()).trim();\n\t}\n\n\tprivate static PeriodFormatter getPeriodFormatter() {\n\t    PeriodFormatter pf = new PeriodFormatterBuilder().printZeroRarelyFirst()\n\t        .appendYears().appendSuffix(\"y \", \"y \")\n\t        .appendMonths().appendSuffix(\"m\" , \"m \")\n\t        .appendDays().appendSuffix(\"d \", \"d \")\n\t        .appendHours().appendSuffix(\"h \", \"h \")\n\t        .appendMinutes().appendSuffix(\"m \", \"m \")\n\t        .appendSeconds().appendSuffix(\"s \", \"s \")\n\t        .toFormatter();\n\n\t    return pf;\n\t}\n}","updatedContent":"package jodatime;\n//ID = 2092883\n\nimport org.joda.time.Interval;\nimport org.joda.time.format.PeriodFormatterBuilder;\n\npublic class JodaTime03 {\n\n\tpublic static void main(String[] args) {\n\t\t// TODO Auto-generated method stub\n\n\t}\n\n\tpublic static String formatDuration(long start, long end) {\n\t\tInterval interval = new Interval(start, end);\n\t\treturn getPeriodFormatter().print(interval.toPeriod()).trim();\n\t}\n\n\tprivate static PeriodFormatter getPeriodFormatter() {\n\t\tPeriodFormatter pf = new PeriodFormatterBuilder().printZeroRarelyFirst().appendYears().appendSuffix(\"y \", \"y \")\n\t\t\t\t.appendMonths().appendSuffix(\"m\", \"m \").appendDays().appendSuffix(\"d \", \"d \").appendHours()\n\t\t\t\t.appendSuffix(\"h \", \"h \").appendMinutes().appendSuffix(\"m \", \"m \").appendSeconds()\n\t\t\t\t.appendSuffix(\"s \", \"s \").toFormatter();\n\n\t\treturn pf;\n\t}\n}","usedLibraries":["jar:joda-time-2.0.jar:1"]}