{"status":2,"problems":[{"fileName":"JodaTime18.java","startLocation":233,"endLocation":244,"lineNumber":10,"column":44,"message":"DateTimeZone cannot be resolved to a type","problemId":16777218,"problemSeverity":"ERROR"},{"fileName":"JodaTime18.java","startLocation":257,"endLocation":268,"lineNumber":10,"column":6,"message":"DateTimeZone cannot be resolved","problemId":570425394,"problemSeverity":"ERROR"},{"fileName":"JodaTime18.java","startLocation":760,"endLocation":767,"lineNumber":16,"column":-1,"message":"DateTimeZone cannot be resolved to a type","problemId":16777218,"problemSeverity":"ERROR"}],"originalContent":"package jodatime;\n\n\n//ID = 7423886\npublic class JodaTime18 \n{\n\n\t// default our time zone to the machine local one.\n\tprivate static final DateTimeZone LOCAL_TZ = DateTimeZone.getDefault();\n\n\t// format of date (i.e., timestamp) is yyyy-MM-dd HH:mm:ss.S\n\tprivate static final DateTimeFormatter YEAR_MONTH_DAY_HOUR_MINUTE_SECOND_MILLIS_FORMATTER =\n\t\t\tnew DateTimeFormatterBuilder()\n\t\t\t.appendYear(4,4)\n\t\t\t.appendLiteral('-')\n\t\t\t.appendMonthOfYear(1)\n\t\t\t.appendLiteral('-')\n\t\t\t.appendDayOfMonth(1)\n\t\t\t.appendLiteral(' ')\n\t\t\t.appendHourOfDay(2)\n\t\t\t.appendLiteral(':')\n\t\t\t.appendMinuteOfDay(1)\n\t\t\t.appendLiteral(':')\n\t\t\t.appendSecondOfDay(1)\n\t\t\t.appendLiteral('.')\n\t\t\t.appendMillisOfDay(1)\n\t\t\t.toFormatter().withZone(LOCAL_TZ);\n}","updatedContent":"package jodatime;\n\nimport org.joda.time.format.DateTimeFormatterBuilder;\nimport java.time.format.DateTimeFormatter;\n\n//ID = 7423886\npublic class JodaTime18 {\n\n\t// default our time zone to the machine local one.\n\tprivate static final DateTimeZone LOCAL_TZ = DateTimeZone.getDefault();\n\n\t// format of date (i.e., timestamp) is yyyy-MM-dd HH:mm:ss.S\n\tprivate static final DateTimeFormatter YEAR_MONTH_DAY_HOUR_MINUTE_SECOND_MILLIS_FORMATTER = new DateTimeFormatterBuilder()\n\t\t\t.appendYear(4, 4).appendLiteral('-').appendMonthOfYear(1).appendLiteral('-').appendDayOfMonth(1)\n\t\t\t.appendLiteral(' ').appendHourOfDay(2).appendLiteral(':').appendMinuteOfDay(1).appendLiteral(':')\n\t\t\t.appendSecondOfDay(1).appendLiteral('.').appendMillisOfDay(1).toFormatter().withZone(LOCAL_TZ);\n}","usedLibraries":["openjdk:jdk:1.8.0","jar:joda-time-2.0.jar:1"]}