{
  "java_file": "/home/theguy/Documents/research/snr-server/src/test/resources/snippets/so/JodaTime13.java",
  "output_file": "StatType-Completion-output-json/JodaTime13.java.json",
  "exit_code": 0,
  "stdout": "/home/theguy/Documents/research/snr-server/benchmark/snippet_log/JodaTime13.java.stdout.49984e487dc3430d9169c555f42ffbfa.txt",
  "stderr": "/home/theguy/Documents/research/snr-server/benchmark/snippet_log/JodaTime13.java.stderr.49984e487dc3430d9169c555f42ffbfa.txt",
  "run_time": 8448970169,
  "total_imports": [
    "org.joda.time.Period",
    "org.joda.time.format.PeriodFormatter",
    "org.joda.time.format.PeriodFormatterBuilder",
    "org.junit.Test"
  ],
  "correct_imports": [
    "org.joda.time.format.PeriodFormatterBuilder",
    "org.junit.Test",
    "org.joda.time.format.PeriodFormatter",
    "org.joda.time.Period"
  ]
}