{"status":2,"problems":[{"fileName":"JodaTime28.java","startLocation":558,"endLocation":562,"lineNumber":19,"column":-1,"message":"The value of the local variable dates is not used","problemId":536870973,"problemSeverity":"WARNING"},{"fileName":"JodaTime28.java","startLocation":601,"endLocation":604,"lineNumber":21,"column":-1,"message":"The value of the local variable days is not used","problemId":536870973,"problemSeverity":"WARNING"}],"originalContent":"package jodatime;\n\n\n\n//ID = 9313151\npublic class JodaTime28 {\n\tpublic static void main(String[] args) {\n\t\t\tDateTimeFormatter dateFromatter= DateTimeFormat.forPattern(\"MM/dd/yyyy\");\n\n\t\t\tDateTime startDate= dateFromatter.parseDateTime(\"01/02/2012\");\n\t\t\tDateTime endDate= dateFromatter.parseDateTime(\"01/31/2012\");\n\n\t\t\t List<LocalDate> dates = new ArrayList<LocalDate>();\n\n\n\t\t\t  int days = Days.daysBetween(startDate, endDate).getDays();\n\t}\n}","updatedContent":"package jodatime;\n\nimport java.time.LocalDate;\nimport java.util.List;\nimport org.joda.time.format.DateTimeFormat;\nimport org.joda.time.format.DateTimeFormatter;\nimport org.joda.time.DateTime;\nimport org.joda.time.Days;\nimport java.util.ArrayList;\n\n//ID = 9313151\npublic class JodaTime28 {\n\tpublic static void main(String[] args) {\n\t\tDateTimeFormatter dateFromatter = DateTimeFormat.forPattern(\"MM/dd/yyyy\");\n\n\t\tDateTime startDate = dateFromatter.parseDateTime(\"01/02/2012\");\n\t\tDateTime endDate = dateFromatter.parseDateTime(\"01/31/2012\");\n\n\t\tList<LocalDate> dates = new ArrayList<LocalDate>();\n\n\t\tint days = Days.daysBetween(startDate, endDate).getDays();\n\t}\n}","usedLibraries":["openjdk:jdk:1.8.0","jar:android-13.jar:1","jar:joda-time-2.0.jar:1"]}