{"status":2,"problems":[{"fileName":"JodaTime43.java","startLocation":619,"endLocation":623,"lineNumber":18,"column":-1,"message":"The value of the local variable date1 is not used","problemId":536870973,"problemSeverity":"WARNING"},{"fileName":"JodaTime43.java","startLocation":677,"endLocation":681,"lineNumber":19,"column":-1,"message":"The value of the local variable date2 is not used","problemId":536870973,"problemSeverity":"WARNING"}],"originalContent":"package jodatime;\n//id = 3307330\n\npublic class JodaTime43 {\n\n\tpublic static void main(String[] args) {\n\t\t// TODO Auto-generated method stub\n\t\tDateTimeParser[] parsers = { \n\t\t        DateTimeFormat.forPattern( \"yyyy-MM-dd HH\" ).getParser(),\n\t\t        DateTimeFormat.forPattern( \"yyyy-MM-dd\" ).getParser() };\n\t\tDateTimeFormatter formatter = new DateTimeFormatterBuilder().append( null, parsers ).toFormatter();\n\n\t\tDateTime date1 = formatter.parseDateTime( \"2010-01-01\" );\n\t\tDateTime date2 = formatter.parseDateTime( \"2010-01-01 01\" );\n\t}\n\n}","updatedContent":"package jodatime;\n//id = 3307330\n\nimport org.joda.time.format.DateTimeFormat;\nimport org.joda.time.format.DateTimeFormatterBuilder;\nimport org.joda.time.format.DateTimeFormatter;\nimport org.joda.time.format.DateTimeParser;\nimport org.joda.time.DateTime;\n\npublic class JodaTime43 {\n\n\tpublic static void main(String[] args) {\n\t\t// TODO Auto-generated method stub\n\t\tDateTimeParser[] parsers = { DateTimeFormat.forPattern(\"yyyy-MM-dd HH\").getParser(),\n\t\t\t\tDateTimeFormat.forPattern(\"yyyy-MM-dd\").getParser() };\n\t\tDateTimeFormatter formatter = new DateTimeFormatterBuilder().append(null, parsers).toFormatter();\n\n\t\tDateTime date1 = formatter.parseDateTime(\"2010-01-01\");\n\t\tDateTime date2 = formatter.parseDateTime(\"2010-01-01 01\");\n\t}\n\n}","usedLibraries":["jar:joda-time-2.0.jar:1"]}