{
  "java_file": "/home/theguy/Documents/research/snr-server/src/test/resources/snippets/so/JodaTime25.java",
  "output_file": "StatType-Completion-output-json/JodaTime25.java.json",
  "exit_code": 0,
  "stdout": "/home/theguy/Documents/research/snr-server/benchmark/snippet_log/JodaTime25.java.stdout.e11f24fd68a6468bbe1be4136cc1b5bf.txt",
  "stderr": "/home/theguy/Documents/research/snr-server/benchmark/snippet_log/JodaTime25.java.stderr.e11f24fd68a6468bbe1be4136cc1b5bf.txt",
  "run_time": 6816147663,
  "total_imports": [
    "org.joda.time.DateMidnight",
    "org.joda.time.Days",
    "org.joda.time.LocalDateTime"
  ],
  "correct_imports": [
    "org.joda.time.LocalDateTime",
    "org.joda.time.DateMidnight",
    "org.joda.time.Days"
  ]
}