{
  "java_file": "/home/theguy/Documents/research/snr-server/src/test/resources/snippets/so/JodaTime41.java",
  "output_file": "StatType-Completion-output-json/JodaTime41.java.json",
  "exit_code": 0,
  "stdout": "/home/theguy/Documents/research/snr-server/benchmark/snippet_log/JodaTime41.java.stdout.ec8b21ea1ac8439abf041376dcb171c2.txt",
  "stderr": "/home/theguy/Documents/research/snr-server/benchmark/snippet_log/JodaTime41.java.stderr.ec8b21ea1ac8439abf041376dcb171c2.txt",
  "run_time": 5782570883,
  "total_imports": [
    "org.joda.time.DateTime",
    "org.joda.time.format.DateTimeFormat",
    "org.joda.time.format.DateTimeFormatter"
  ],
  "correct_imports": [
    "org.joda.time.format.DateTimeFormat",
    "org.joda.time.format.DateTimeFormatter",
    "org.joda.time.DateTime"
  ]
}