{
  "java_file": "/home/theguy/Documents/research/snr-server/src/test/resources/snippets/so/JodaTime09.java",
  "output_file": "StatType-Completion-output-json/JodaTime09.java.json",
  "exit_code": 0,
  "stdout": "/home/theguy/Documents/research/snr-server/benchmark/snippet_log/JodaTime09.java.stdout.3c16901d72c74828a85db2d17d95b085.txt",
  "stderr": "/home/theguy/Documents/research/snr-server/benchmark/snippet_log/JodaTime09.java.stderr.3c16901d72c74828a85db2d17d95b085.txt",
  "run_time": 5350954786,
  "total_imports": [
    "java.util.TimeZone",
    "org.joda.time.DateTimeZone"
  ],
  "correct_imports": []
}