{"status":2,"problems":[{"fileName":"JodaTime30.java","startLocation":137,"endLocation":148,"lineNumber":9,"column":34,"message":"DateTimeZone cannot be resolved to a type","problemId":16777218,"problemSeverity":"ERROR"},{"fileName":"JodaTime30.java","startLocation":156,"endLocation":167,"lineNumber":9,"column":0,"message":"DateTimeZone cannot be resolved","problemId":570425394,"problemSeverity":"ERROR"}],"originalContent":"package jodatime;\n//ID = 9503771\n\npublic class JodaTime30 {\n\n\tpublic static void main(String[] args) {\n\t\tDateTimeZone dtz = DateTimeZone.forOffsetHours(0);\n\n\t\tDateTime dt = new DateTime(dtz);\n\n\t\tSystem.out.println(dt);\n\t\tSystem.out.println(dt.toDate());\n\n\t}\n\n}","updatedContent":"package jodatime;\n//ID = 9503771\n\nimport org.joda.time.DateTime;\n\npublic class JodaTime30 {\n\n\tpublic static void main(String[] args) {\n\t\tDateTimeZone dtz = DateTimeZone.forOffsetHours(0);\n\n\t\tDateTime dt = new DateTime(dtz);\n\n\t\tSystem.out.println(dt);\n\t\tSystem.out.println(dt.toDate());\n\n\t}\n\n}","usedLibraries":["jar:joda-time-2.0.jar:1"]}