{"status":0,"problems":[],"originalContent":"package jodatime;\n//id = 5622194\n\npublic class JodaTime48 {\n\n\tpublic static void main(String[] args) {\n\t\t// TODO Auto-generated method stub\n\n\t}\n\n    private final MillisProvider millisProvider;\n    private final DateTime someDate;\n\n    public JodaTime48(MillisProvider millisProvider, DateTime someDate) {\n        this.millisProvider = millisProvider;\n        this.someDate = someDate;\n    }\n\n    public boolean isAvailable() {\n        long now = millisProvider.getMillis();\n        return (someDate.isBefore(now));\n    }\n}","updatedContent":"package jodatime;\n//id = 5622194\n\nimport org.joda.time.DateTimeUtils.MillisProvider;\nimport org.joda.time.DateTime;\n\npublic class JodaTime48 {\n\n\tpublic static void main(String[] args) {\n\t\t// TODO Auto-generated method stub\n\n\t}\n\n\tprivate final MillisProvider millisProvider;\n\tprivate final DateTime someDate;\n\n\tpublic JodaTime48(MillisProvider millisProvider, DateTime someDate) {\n\t\tthis.millisProvider = millisProvider;\n\t\tthis.someDate = someDate;\n\t}\n\n\tpublic boolean isAvailable() {\n\t\tlong now = millisProvider.getMillis();\n\t\treturn (someDate.isBefore(now));\n\t}\n}","usedLibraries":["jar:joda-time-2.0.jar:1"]}