{"status":0,"problems":[],"originalContent":"package jodatime;\n//ID = 9202872\n\npublic class JodaTime27 {\n\n\tpublic static void main(String[] args) {\n\t\t// TODO Auto-generated method stub\n\t\tArrayList<DateTime> monthStarts = new ArrayList<DateTime>();\n\t\tint firstYear = 0;\n\t\tint lastYear = 0;\n\t\tfor (int y = firstYear; y <= lastYear; y++) {\n\t\t    for (int m = 1; m <= 12; m++) {\n\t\t      monthStarts.add(new DateTime(y+\"-\"+m+\"-01\"));\n\t\t    }\n\t\t  }\n\t}\n\n}","updatedContent":"package jodatime;\n//ID = 9202872\n\nimport org.joda.time.DateTime;\nimport java.util.ArrayList;\n\npublic class JodaTime27 {\n\n\tpublic static void main(String[] args) {\n\t\t// TODO Auto-generated method stub\n\t\tArrayList<DateTime> monthStarts = new ArrayList<DateTime>();\n\t\tint firstYear = 0;\n\t\tint lastYear = 0;\n\t\tfor (int y = firstYear; y <= lastYear; y++) {\n\t\t\tfor (int m = 1; m <= 12; m++) {\n\t\t\t\tmonthStarts.add(new DateTime(y + \"-\" + m + \"-01\"));\n\t\t\t}\n\t\t}\n\t}\n\n}","usedLibraries":["jar:android-13.jar:1","jar:joda-time-2.0.jar:1"]}