{"status":2,"problems":[{"fileName":"JodaTime39.java","startLocation":252,"endLocation":263,"lineNumber":13,"column":39,"message":"The value of the local variable diffInMillis is not used","problemId":536870973,"problemSeverity":"WARNING"}],"originalContent":"package jodatime;\n//12851934\n\npublic class JodaTime39 {\n\n\tpublic static void main(String[] args) {\n\t\t//Difference between two date times in minutes\n\t\tDateTime d1 = new DateTime();\n\t\tDateTime d2 = new DateTime();\n\n\t\tlong diffInMillis = d2.getMillis() - d1.getMillis();\n\t}\n\n}","updatedContent":"package jodatime;\n//12851934\n\nimport org.joda.time.DateTime;\n\npublic class JodaTime39 {\n\n\tpublic static void main(String[] args) {\n\t\t//Difference between two date times in minutes\n\t\tDateTime d1 = new DateTime();\n\t\tDateTime d2 = new DateTime();\n\n\t\tlong diffInMillis = d2.getMillis() - d1.getMillis();\n\t}\n\n}","usedLibraries":["jar:joda-time-2.0.jar:1"]}