{"status":2,"problems":[{"fileName":"JodaTime21.java","startLocation":264,"endLocation":273,"lineNumber":12,"column":21,"message":"DateFormat cannot be resolved to a type","problemId":16777218,"problemSeverity":"ERROR"},{"fileName":"JodaTime21.java","startLocation":291,"endLocation":306,"lineNumber":12,"column":18,"message":"SimpleDateFormat cannot be resolved to a type","problemId":16777218,"problemSeverity":"ERROR"}],"originalContent":"package jodatime;\n//ID = 7868105\n\n\npublic class JodaTime21 {\n\tpublic static void main(String[] args) {\n\tDateFormat formatter = new SimpleDateFormat(\"yyyy-MM-dd HH:mm:ss\");\n\tDate dt = null;\n\ttry {\n\t\tdt = formatter.parse(\"2011-10-23 12:00:00\");\n\t} catch (ParseException e) {\n\t\t// TODO Auto-generated catch block\n\t\te.printStackTrace();\n\t}\n\tLocalDateTime ldt = new DateTime(dt).withZone(DateTimeZone.UTC).toLocalDateTime();\n\tSystem.out.println(\"Original date: \" + ldt.toDateTime().toDate().toString());\n\tDateTime cvtldt = ldt.toDateTime(DateTimeZone.forID(\"-05:00\"));\n\tSystem.out.println(\"Converted date: \" + cvtldt.toLocalDateTime().toDateTime().toDate().toString());\n}\n}","updatedContent":"package jodatime;\n//ID = 7868105\n\nimport android.net.ParseException;\nimport org.joda.time.DateTimeZone;\nimport org.joda.time.LocalDateTime;\nimport org.joda.time.DateTime;\nimport java.sql.Date;\n\npublic class JodaTime21 {\n\tpublic static void main(String[] args) {\n\t\tDateFormat formatter = new SimpleDateFormat(\"yyyy-MM-dd HH:mm:ss\");\n\t\tDate dt = null;\n\t\ttry {\n\t\t\tdt = formatter.parse(\"2011-10-23 12:00:00\");\n\t\t} catch (ParseException e) {\n\t\t\t// TODO Auto-generated catch block\n\t\t\te.printStackTrace();\n\t\t}\n\t\tLocalDateTime ldt = new DateTime(dt).withZone(DateTimeZone.UTC).toLocalDateTime();\n\t\tSystem.out.println(\"Original date: \" + ldt.toDateTime().toDate().toString());\n\t\tDateTime cvtldt = ldt.toDateTime(DateTimeZone.forID(\"-05:00\"));\n\t\tSystem.out.println(\"Converted date: \" + cvtldt.toLocalDateTime().toDateTime().toDate().toString());\n\t}\n}","usedLibraries":["jar:android-13.jar:1","jar:joda-time-2.0.jar:1"]}