{
  "java_file": "/home/theguy/Documents/research/snr-server/src/test/resources/snippets/so/JodaTime17.java",
  "output_file": "StatType-Completion-output-json/JodaTime17.java.json",
  "exit_code": 0,
  "stdout": "/home/theguy/Documents/research/snr-server/benchmark/snippet_log/JodaTime17.java.stdout.e37c75d425644e5bb7f9e02523547459.txt",
  "stderr": "/home/theguy/Documents/research/snr-server/benchmark/snippet_log/JodaTime17.java.stderr.e37c75d425644e5bb7f9e02523547459.txt",
  "run_time": 5715087859,
  "total_imports": [
    "org.joda.time.DateTime",
    "org.joda.time.format.DateTimeFormat",
    "org.joda.time.format.DateTimeFormatter"
  ],
  "correct_imports": [
    "org.joda.time.format.DateTimeFormat",
    "org.joda.time.format.DateTimeFormatter",
    "org.joda.time.DateTime"
  ]
}