{"status":0,"problems":[],"originalContent":"package jodatime;\n//ID = 4268472\n\npublic class JodaTime10 {\n\n\n\t// ...\n\t    private Object writeReplace() {\n\t        return new Stub(null);\n\t    }\n\n\t    private static final class Stub implements Serializable {\n\t        private static final long serialVersionUID = -6212696554273812441L;\n\n\t        private transient DateTimeZone iZone;\n\n\t        Stub(DateTimeZone zone) {\n\t            iZone = zone;\n\t        }\n\n\t        private Object readResolve() {\n\t            return ISOChronology.getInstance(iZone);\n\t        }\n\n\t        private void writeObject(ObjectOutputStream out) throws IOException {\n\t            out.writeObject(iZone);\n\t        }\n\n\t        private void readObject(ObjectInputStream in) throws IOException, ClassNotFoundException {\n\t            iZone = (DateTimeZone)in.readObject();\n\t        }\n\t    }\n}","updatedContent":"package jodatime;\n//ID = 4268472\n\nimport org.joda.time.DateTimeZone;\nimport org.joda.time.chrono.ISOChronology;\nimport java.io.ObjectInputStream;\nimport java.io.IOException;\nimport java.io.ObjectOutputStream;\nimport java.io.Serializable;\n\npublic class JodaTime10 {\n\n\t// ...\n\tprivate Object writeReplace() {\n\t\treturn new Stub(null);\n\t}\n\n\tprivate static final class Stub implements Serializable {\n\t\tprivate static final long serialVersionUID = -6212696554273812441L;\n\n\t\tprivate transient DateTimeZone iZone;\n\n\t\tStub(DateTimeZone zone) {\n\t\t\tiZone = zone;\n\t\t}\n\n\t\tprivate Object readResolve() {\n\t\t\treturn ISOChronology.getInstance(iZone);\n\t\t}\n\n\t\tprivate void writeObject(ObjectOutputStream out) throws IOException {\n\t\t\tout.writeObject(iZone);\n\t\t}\n\n\t\tprivate void readObject(ObjectInputStream in) throws IOException, ClassNotFoundException {\n\t\t\tiZone = (DateTimeZone) in.readObject();\n\t\t}\n\t}\n}","usedLibraries":["jar:android-13.jar:1","jar:joda-time-2.0.jar:1"]}