{
  "java_file": "/home/theguy/Documents/research/snr-server/src/test/resources/snippets/so/JodaTime39.java",
  "output_file": "StatType-Completion-output-json/JodaTime39.java.json",
  "exit_code": 0,
  "stdout": "/home/theguy/Documents/research/snr-server/benchmark/snippet_log/JodaTime39.java.stdout.66895b14ad1f4bddac4ca63920e8a489.txt",
  "stderr": "/home/theguy/Documents/research/snr-server/benchmark/snippet_log/JodaTime39.java.stderr.66895b14ad1f4bddac4ca63920e8a489.txt",
  "run_time": 2412980086,
  "total_imports": [
    "org.joda.time.DateTime"
  ],
  "correct_imports": [
    "org.joda.time.DateTime"
  ]
}