{"status":2,"problems":[{"fileName":"JodaTime31.java","startLocation":331,"endLocation":335,"lineNumber":14,"column":33,"message":"Weeks cannot be resolved to a type","problemId":16777218,"problemSeverity":"ERROR"},{"fileName":"JodaTime31.java","startLocation":345,"endLocation":349,"lineNumber":14,"column":47,"message":"Weeks cannot be resolved","problemId":570425394,"problemSeverity":"ERROR"}],"originalContent":"package jodatime;\n\n\n//ID = 9543331\npublic class JodaTime31 {\n\n\tpublic static void main(String[] args) {\n\t\t// TODO Auto-generated method stub\n\n\t\tDateTime s = new DateTime(Long.parseLong(\"1330573027000\")); // 2012-02-29\n\t\tDateTime e = new DateTime(Long.parseLong(\"1331005027000\")); // 2012-03-05   \n\n\t\tWeeks weeks = Weeks.weeksBetween(s, e).plus(1);\n\t\tDateTime start = new DateTime(Long.parseLong(\"1330659427000\"));\n\t\tDateTime end = new DateTime(Long.parseLong(\"1530659427000\"));\n\t\tDateTime finalStart = start.dayOfWeek().withMinimumValue();\n\n\t\tDateTime finalEnd   = end.dayOfWeek().withMaximumValue();\n\t}\n\n}","updatedContent":"package jodatime;\n\nimport org.joda.time.DateTime;\n\n//ID = 9543331\npublic class JodaTime31 {\n\n\tpublic static void main(String[] args) {\n\t\t// TODO Auto-generated method stub\n\n\t\tDateTime s = new DateTime(Long.parseLong(\"1330573027000\")); // 2012-02-29\n\t\tDateTime e = new DateTime(Long.parseLong(\"1331005027000\")); // 2012-03-05   \n\n\t\tWeeks weeks = Weeks.weeksBetween(s, e).plus(1);\n\t\tDateTime start = new DateTime(Long.parseLong(\"1330659427000\"));\n\t\tDateTime end = new DateTime(Long.parseLong(\"1530659427000\"));\n\t\tDateTime finalStart = start.dayOfWeek().withMinimumValue();\n\n\t\tDateTime finalEnd = end.dayOfWeek().withMaximumValue();\n\t}\n\n}","usedLibraries":["jar:joda-time-2.0.jar:1"]}