{
  "java_file": "/home/theguy/Documents/research/snr-server/src/test/resources/snippets/so/JodaTime26.java",
  "output_file": "StatType-Completion-output-json/JodaTime26.java.json",
  "exit_code": 0,
  "stdout": "/home/theguy/Documents/research/snr-server/benchmark/snippet_log/JodaTime26.java.stdout.4927ae849cae44db928b34c99981c4a3.txt",
  "stderr": "/home/theguy/Documents/research/snr-server/benchmark/snippet_log/JodaTime26.java.stderr.4927ae849cae44db928b34c99981c4a3.txt",
  "run_time": 4499415132,
  "total_imports": [
    "org.joda.time.Duration",
    "org.joda.time.Period"
  ],
  "correct_imports": [
    "org.joda.time.Duration",
    "org.joda.time.Period"
  ]
}