{
  "java_file": "/home/theguy/Documents/research/snr-server/src/test/resources/snippets/so/JodaTime24.java",
  "output_file": "StatType-Completion-output-json/JodaTime24.java.json",
  "exit_code": 0,
  "stdout": "/home/theguy/Documents/research/snr-server/benchmark/snippet_log/JodaTime24.java.stdout.ebb383c58f584a3e9f5d838df2535baa.txt",
  "stderr": "/home/theguy/Documents/research/snr-server/benchmark/snippet_log/JodaTime24.java.stderr.ebb383c58f584a3e9f5d838df2535baa.txt",
  "run_time": 6913116241,
  "total_imports": [
    "org.joda.time.Period",
    "org.joda.time.PeriodType",
    "org.joda.time.format.PeriodFormat",
    "org.joda.time.DateTime"
  ],
  "correct_imports": [
    "org.joda.time.DateTime",
    "org.joda.time.Period"
  ]
}