{"status":0,"problems":[],"originalContent":"package jodatime;\n\n//ID = 10106143\n\npublic class JodaTime34 {\n\n\tpublic static void main(String[] args) {\n\t\t// TODO Auto-generated method stub\n\t\tLocale.setDefault(Locale.GERMAN);\n\t\tfinal PeriodFormatter periodFormatter = PeriodFormat.wordBased(Locale.ENGLISH);\n\t\tfinal Period period = new Period(6, 5, 4, 3);\n\t\tfinal String s = period.toString(periodFormatter);\n\t\t// i'm expecting english to be outputted\n\t\tSystem.out.println(\"s = \" + s); // outputs german: 6 Stunden, 5 Minuten,\n\t\t\t\t\t\t\t\t\t\t// 4 Sekunden und 3 Millisekunden\n\t}\n\n}","updatedContent":"package jodatime;\n\nimport java.util.Locale;\nimport org.joda.time.format.PeriodFormat;\nimport org.joda.time.format.PeriodFormatter;\nimport org.joda.time.Period;\n\n//ID = 10106143\n\npublic class JodaTime34 {\n\n\tpublic static void main(String[] args) {\n\t\t// TODO Auto-generated method stub\n\t\tLocale.setDefault(Locale.GERMAN);\n\t\tfinal PeriodFormatter periodFormatter = PeriodFormat.wordBased(Locale.ENGLISH);\n\t\tfinal Period period = new Period(6, 5, 4, 3);\n\t\tfinal String s = period.toString(periodFormatter);\n\t\t// i'm expecting english to be outputted\n\t\tSystem.out.println(\"s = \" + s); // outputs german: 6 Stunden, 5 Minuten,\n\t\t\t\t\t\t\t\t\t\t// 4 Sekunden und 3 Millisekunden\n\t}\n\n}","usedLibraries":["jar:android-13.jar:1","jar:joda-time-2.0.jar:1"]}