{
  "java_file": "/home/theguy/Documents/research/snr-server/src/test/resources/snippets/so/JodaTime32.java",
  "output_file": "StatType-Completion-output-json/JodaTime32.java.json",
  "exit_code": 0,
  "stdout": "/home/theguy/Documents/research/snr-server/benchmark/snippet_log/JodaTime32.java.stdout.1b4bb0f1382c468683a0cc4e7814b60b.txt",
  "stderr": "/home/theguy/Documents/research/snr-server/benchmark/snippet_log/JodaTime32.java.stderr.1b4bb0f1382c468683a0cc4e7814b60b.txt",
  "run_time": 3658483641,
  "total_imports": [
    "org.joda.time.DateTime",
    "org.joda.time.format.DateTimeFormatter"
  ],
  "correct_imports": [
    "org.joda.time.format.DateTimeFormatter",
    "org.joda.time.DateTime"
  ]
}