{"status":2,"problems":[{"fileName":"JodaTime14.java","startLocation":423,"endLocation":431,"lineNumber":16,"column":-1,"message":"The value of the local variable startTime is not used","problemId":536870973,"problemSeverity":"WARNING"}],"originalContent":"package jodatime;\n//ID = 4675241\n\npublic class JodaTime14 {\n\n\tpublic static void main(String[] args) {\n\t\t// TODO Auto-generated method stub\n\t\tString start = \"Sunday, January 09, 2011 6:15:00 PM\";\n\n\t\tDateTimeFormatter parser1 = \n\t\tDateTimeFormat.forPattern(\"EEEE, MMMM dd, yyyy H:mm:ss aa\");\n\n\t\tDateTime startTime = parser1.parseDateTime(start);\n\t}\n\n}","updatedContent":"package jodatime;\n//ID = 4675241\n\nimport org.joda.time.format.DateTimeFormat;\nimport org.joda.time.format.DateTimeFormatter;\nimport org.joda.time.DateTime;\n\npublic class JodaTime14 {\n\n\tpublic static void main(String[] args) {\n\t\t// TODO Auto-generated method stub\n\t\tString start = \"Sunday, January 09, 2011 6:15:00 PM\";\n\n\t\tDateTimeFormatter parser1 = DateTimeFormat.forPattern(\"EEEE, MMMM dd, yyyy H:mm:ss aa\");\n\n\t\tDateTime startTime = parser1.parseDateTime(start);\n\t}\n\n}","usedLibraries":["jar:joda-time-2.0.jar:1"]}