{"status":2,"problems":[{"fileName":"JodaTime49.java","startLocation":443,"endLocation":451,"lineNumber":15,"column":-1,"message":"The value of the local variable localDate is not used","problemId":536870973,"problemSeverity":"WARNING"}],"originalContent":"package jodatime;\n//ID = 8746084\n\npublic class JodaTime49 {\n\n\tpublic static void main(String[] args) {\n\t\t// TODO Auto-generated method stub\n\t\tDateTimeFormatter FORMATTER = DateTimeFormat.forPattern(\"yyyy-MMM-dd\");\n\t\tDateTime dateTime = FORMATTER.parseDateTime(\"2005-nov-12\");\n\t\tLocalDate localDate = dateTime.toLocalDate();\n\t}\n\n}","updatedContent":"package jodatime;\n//ID = 8746084\n\nimport org.joda.time.format.DateTimeFormat;\nimport org.joda.time.LocalDate;\nimport org.joda.time.format.DateTimeFormatter;\nimport org.joda.time.DateTime;\n\npublic class JodaTime49 {\n\n\tpublic static void main(String[] args) {\n\t\t// TODO Auto-generated method stub\n\t\tDateTimeFormatter FORMATTER = DateTimeFormat.forPattern(\"yyyy-MMM-dd\");\n\t\tDateTime dateTime = FORMATTER.parseDateTime(\"2005-nov-12\");\n\t\tLocalDate localDate = dateTime.toLocalDate();\n\t}\n\n}","usedLibraries":["jar:joda-time-2.0.jar:1"]}