{"status":0,"problems":[],"originalContent":"package jodatime;\n//id=9711454\n\npublic class JodaTime42 {\n\tpublic static final int JANUARY = 1;\n\n\tpublic static final int DECEMBER = 12;\n\n\tpublic static final int FIRST_OF_THE_MONTH = 1;\n\n\tpublic final int getLastDayOfMonth(final int month, final int year) {\n\t    int lastDay = 0;\n\n\t    if ((month >= JANUARY) && (month <= DECEMBER)) {\n\t        LocalDate aDate = new LocalDate(year, month, FIRST_OF_THE_MONTH);\n\n\t        lastDay = aDate.dayOfMonth().getMaximumValue();\n\t    }\n\t    return lastDay;\n\t    \n\t}\n\tpublic static void main(String[] args) {\n\t\t// TODO Auto-generated method stub\n\t\t\n\n\t}\n\n}","updatedContent":"package jodatime;\n//id=9711454\n\nimport org.joda.time.LocalDate;\n\npublic class JodaTime42 {\n\tpublic static final int JANUARY = 1;\n\n\tpublic static final int DECEMBER = 12;\n\n\tpublic static final int FIRST_OF_THE_MONTH = 1;\n\n\tpublic final int getLastDayOfMonth(final int month, final int year) {\n\t\tint lastDay = 0;\n\n\t\tif ((month >= JANUARY) && (month <= DECEMBER)) {\n\t\t\tLocalDate aDate = new LocalDate(year, month, FIRST_OF_THE_MONTH);\n\n\t\t\tlastDay = aDate.dayOfMonth().getMaximumValue();\n\t\t}\n\t\treturn lastDay;\n\n\t}\n\n\tpublic static void main(String[] args) {\n\t\t// TODO Auto-generated method stub\n\n\t}\n\n}","usedLibraries":["jar:joda-time-2.0.jar:1"]}