{
  "java_file": "/home/theguy/Documents/research/snr-server/src/test/resources/snippets/so/JodaTime36.java",
  "output_file": "StatType-Completion-output-json/JodaTime36.java.json",
  "exit_code": 0,
  "stdout": "/home/theguy/Documents/research/snr-server/benchmark/snippet_log/JodaTime36.java.stdout.dc6f19f7b1d54930a4606705e42ca30c.txt",
  "stderr": "/home/theguy/Documents/research/snr-server/benchmark/snippet_log/JodaTime36.java.stderr.dc6f19f7b1d54930a4606705e42ca30c.txt",
  "run_time": 4362596967,
  "total_imports": [
    "org.joda.time.Period",
    "org.joda.time.format.ISOPeriodFormat",
    "org.joda.time.format.PeriodFormatter",
    "org.joda.time.format.PeriodFormatterBuilder"
  ],
  "correct_imports": [
    "org.joda.time.format.PeriodFormatterBuilder",
    "org.joda.time.format.ISOPeriodFormat",
    "org.joda.time.format.PeriodFormatter",
    "org.joda.time.Period"
  ]
}