{
  "java_file": "/home/theguy/Documents/research/snr-server/src/test/resources/snippets/so/JodaTime02.java",
  "output_file": "StatType-Completion-output-json/JodaTime02.java.json",
  "exit_code": 0,
  "stdout": "/home/theguy/Documents/research/snr-server/benchmark/snippet_log/JodaTime02.java.stdout.34eeefd0a255495cbbe84b9d7aad571c.txt",
  "stderr": "/home/theguy/Documents/research/snr-server/benchmark/snippet_log/JodaTime02.java.stderr.34eeefd0a255495cbbe84b9d7aad571c.txt",
  "run_time": 4679889797,
  "total_imports": [
    "org.joda.time.DateMidnight",
    "org.joda.time.DateTime",
    "org.joda.time.DateTimeZone"
  ],
  "correct_imports": [
    "org.joda.time.DateTimeZone",
    "org.joda.time.DateMidnight",
    "org.joda.time.DateTime"
  ]
}