{
  "java_file": "/home/theguy/Documents/research/snr-server/src/test/resources/snippets/so/JodaTime19.java",
  "output_file": "StatType-Completion-output-json/JodaTime19.java.json",
  "exit_code": 0,
  "stdout": "/home/theguy/Documents/research/snr-server/benchmark/snippet_log/JodaTime19.java.stdout.c387eba0ecf84b5d88eb824948b4de5b.txt",
  "stderr": "/home/theguy/Documents/research/snr-server/benchmark/snippet_log/JodaTime19.java.stderr.c387eba0ecf84b5d88eb824948b4de5b.txt",
  "run_time": 5692610024,
  "total_imports": [
    "java.util.Date",
    "org.joda.time.Instant",
    "org.joda.time.Interval",
    "org.joda.time.ReadableInstant"
  ],
  "correct_imports": [
    "org.joda.time.Instant",
    "java.util.Date",
    "org.joda.time.Interval",
    "org.joda.time.ReadableInstant"
  ]
}