{"status":0,"problems":[],"originalContent":"package jodatime;\n//ID = 9122641\n\npublic class JodaTime26 {\n\n\tpublic static void main(String[] args) {\n\t\tDuration duration = new Duration(1328223198241L - 1326308781131L);\n\t\tPeriod p2 = new Period(duration.getMillis());\n\t\tSystem.out.println(p2.getDays()); // prints 0, should print 22 days\n\t\tSystem.out.println(p2.getHours()); // prints  531 which is expected.}\n\t}\n\t\n\n}","updatedContent":"package jodatime;\n//ID = 9122641\n\nimport org.joda.time.Duration;\nimport org.joda.time.Period;\n\npublic class JodaTime26 {\n\n\tpublic static void main(String[] args) {\n\t\tDuration duration = new Duration(1328223198241L - 1326308781131L);\n\t\tPeriod p2 = new Period(duration.getMillis());\n\t\tSystem.out.println(p2.getDays()); // prints 0, should print 22 days\n\t\tSystem.out.println(p2.getHours()); // prints  531 which is expected.}\n\t}\n\n}","usedLibraries":["jar:joda-time-2.0.jar:1"]}