{
  "java_file": "/home/theguy/Documents/research/snr-server/src/test/resources/snippets/so/JodaTime49.java",
  "output_file": "StatType-Completion-output-json/JodaTime49.java.json",
  "exit_code": 0,
  "stdout": "/home/theguy/Documents/research/snr-server/benchmark/snippet_log/JodaTime49.java.stdout.b32e529adad64ea59d5fb7b5b79cae30.txt",
  "stderr": "/home/theguy/Documents/research/snr-server/benchmark/snippet_log/JodaTime49.java.stderr.b32e529adad64ea59d5fb7b5b79cae30.txt",
  "run_time": 5215009690,
  "total_imports": [
    "org.joda.time.DateTime",
    "org.joda.time.LocalDate",
    "org.joda.time.format.DateTimeFormat",
    "org.joda.time.format.DateTimeFormatter"
  ],
  "correct_imports": [
    "org.joda.time.format.DateTimeFormat",
    "org.joda.time.LocalDate",
    "org.joda.time.format.DateTimeFormatter",
    "org.joda.time.DateTime"
  ]
}