{
  "java_file": "/home/theguy/Documents/research/snr-server/src/test/resources/snippets/so/JodaTime43.java",
  "output_file": "StatType-Completion-output-json/JodaTime43.java.json",
  "exit_code": 0,
  "stdout": "/home/theguy/Documents/research/snr-server/benchmark/snippet_log/JodaTime43.java.stdout.0d479b0ec5154b418dd2ca5a831d6a06.txt",
  "stderr": "/home/theguy/Documents/research/snr-server/benchmark/snippet_log/JodaTime43.java.stderr.0d479b0ec5154b418dd2ca5a831d6a06.txt",
  "run_time": 5906149661,
  "total_imports": [
    "org.joda.time.DateTime",
    "org.joda.time.format.DateTimeFormat",
    "org.joda.time.format.DateTimeFormatter",
    "org.joda.time.format.DateTimeFormatterBuilder",
    "org.joda.time.format.DateTimeParser"
  ],
  "correct_imports": [
    "org.joda.time.format.DateTimeFormat",
    "org.joda.time.format.DateTimeFormatterBuilder",
    "org.joda.time.format.DateTimeFormatter",
    "org.joda.time.format.DateTimeParser",
    "org.joda.time.DateTime"
  ]
}