{
  "java_file": "/home/theguy/Documents/research/snr-server/src/test/resources/snippets/so/JodaTime08.java",
  "output_file": "StatType-Completion-output-json/JodaTime08.java.json",
  "exit_code": 0,
  "stdout": "/home/theguy/Documents/research/snr-server/benchmark/snippet_log/JodaTime08.java.stdout.0cebbe05bad94fd1a60aed364079258e.txt",
  "stderr": "/home/theguy/Documents/research/snr-server/benchmark/snippet_log/JodaTime08.java.stderr.0cebbe05bad94fd1a60aed364079258e.txt",
  "run_time": 4785923419,
  "total_imports": [
    "java.util.concurrent.TimeUnit",
    "org.joda.time.Period",
    "org.joda.time.PeriodType"
  ],
  "correct_imports": [
    "org.joda.time.Period",
    "java.util.concurrent.TimeUnit"
  ]
}