{"status":2,"problems":[{"fileName":"JodaTime12.java","startLocation":415,"endLocation":441,"lineNumber":21,"column":2,"message":"Type mismatch: cannot convert from java.util.Date to java.sql.Date","problemId":16777233,"problemSeverity":"ERROR"}],"originalContent":"package jodatime;\n\n\n\n//ID = 4540144\npublic class JodaTime12 {\n\n\tpublic static void main(String[] args) {\n\n\t\tString currentDate ;\n\t\tSimpleDateFormat myFormat = new SimpleDateFormat(\"dd/MM/yyyy HH:mm\");\n\t\tDate date1= null;\n\t\tDateTime dt;\n\n\t\tcurrentDate =\"27/12/2010 11:29\" ;\n\n\t\ttry {\n\t\t\tdate1= myFormat.parse(currentDate);\n\n\t\t} catch (ParseException ex) {\n\n\t\t\tex.printStackTrace();\n\n\t\t}\n\t\tdt = new DateTime(date1);\n\t\tdt.plusMinutes(30);\n\n\t}\n\n}","updatedContent":"package jodatime;\n\nimport android.net.ParseException;\nimport org.joda.time.DateTime;\nimport java.sql.Date;\nimport java.text.SimpleDateFormat;\n\n//ID = 4540144\npublic class JodaTime12 {\n\n\tpublic static void main(String[] args) {\n\n\t\tString currentDate;\n\t\tSimpleDateFormat myFormat = new SimpleDateFormat(\"dd/MM/yyyy HH:mm\");\n\t\tDate date1 = null;\n\t\tDateTime dt;\n\n\t\tcurrentDate = \"27/12/2010 11:29\";\n\n\t\ttry {\n\t\t\tdate1 = myFormat.parse(currentDate);\n\n\t\t} catch (ParseException ex) {\n\n\t\t\tex.printStackTrace();\n\n\t\t}\n\t\tdt = new DateTime(date1);\n\t\tdt.plusMinutes(30);\n\n\t}\n\n}","usedLibraries":["jar:android-13.jar:1","jar:joda-time-2.0.jar:1"]}