{
  "java_file": "/home/theguy/Documents/research/snr-server/src/test/resources/snippets/so/JodaTime44.java",
  "output_file": "StatType-Completion-output-json/JodaTime44.java.json",
  "exit_code": 0,
  "stdout": "/home/theguy/Documents/research/snr-server/benchmark/snippet_log/JodaTime44.java.stdout.222f93149f83419f87a28181aac1edcf.txt",
  "stderr": "/home/theguy/Documents/research/snr-server/benchmark/snippet_log/JodaTime44.java.stderr.222f93149f83419f87a28181aac1edcf.txt",
  "run_time": 7311644614,
  "total_imports": [
    "org.joda.time.Period",
    "org.joda.time.format.PeriodFormatter",
    "org.joda.time.format.PeriodFormatterBuilder"
  ],
  "correct_imports": [
    "org.joda.time.format.PeriodFormatterBuilder",
    "org.joda.time.Period"
  ]
}