{"status":0,"problems":[],"originalContent":"package jodatime;\n//ID = 8321537\n\npublic class JodaTime23 {\n\n\tLocalDate getNearestDayOfWeek(LocalDate ld, String day) {\n        LocalDate target = ld.dayOfWeek().setCopy(day);\n        if (ld.getDayOfWeek() > DateTimeConstants.SATURDAY) {\n            target = target.plusWeeks(1);\n        }\n        return target;\n    }\n}","updatedContent":"package jodatime;\n//ID = 8321537\n\nimport org.joda.time.LocalDate;\nimport org.joda.time.DateTimeConstants;\n\npublic class JodaTime23 {\n\n\tLocalDate getNearestDayOfWeek(LocalDate ld, String day) {\n\t\tLocalDate target = ld.dayOfWeek().setCopy(day);\n\t\tif (ld.getDayOfWeek() > DateTimeConstants.SATURDAY) {\n\t\t\ttarget = target.plusWeeks(1);\n\t\t}\n\t\treturn target;\n\t}\n}","usedLibraries":["jar:joda-time-2.0.jar:1"]}