{"status":0,"problems":[],"originalContent":"package jodatime;\n//ID = 8109450\n\n\npublic class JodaTime22 {\n\n\tpublic static void main(String[] args) {\n\t\t// TODO Auto-generated method stub\n\n\t}\n\tpublic String getDateFromDateTime (Date date, Boolean display) throws ParseException {\n\n\t    /*\n\t     * SimpleDateFormat working as designed, but pf_ordersController.selected.returnDateTime displaying incorrect date/time\n\t     * \n\t     * see below from /orders/pf_View.xhtml\n\t     * pf_ordersController.selected.returnDateTime (displayed on JSF page) = 11/13/2011 02:00 AM\n\t     * \n\t     * ORDER #  0739  Trip Date 11/11/2011 to 11/12/2011  Customer # 1004\n\t     * \n\t     * Trip Date/Time: 11/11/2011 05:00 PM  Report Date/Time: 11/11/2011 04:45 PM   Return Date/Time: 11/13/2011 02:00 AM\n\t     * \n\t     * orders.returnDateTime (stored in database) = 11/12/2011 21:00:00 (9:00 PM)\n\t     * SimpleDateFormat converts orders.returnDateTime to 11/12/2011 (working as designed)\n\t     * \n\t     * http://stackoverflow.com/questions/2356672/date-parsing-formating-with-timezone-and-simpledateformat-problem-around-dst-swi\n\t     * \n\t    DateFormat formatter;\n\t    String myDate;\n\n\t    if (display)\n\t        formatter = new SimpleDateFormat(\"MM/dd/yyyy\");\n\t    else\n\t        formatter = new SimpleDateFormat(\"yyyy-MM-dd\");\n\n\t    myDate = formatter.format(date);\n\t     * \n\t     */\n\n\t    DateTimeFormatter dtFormatter;\n\n\t    if (display)\n\t        dtFormatter = DateTimeFormat.forPattern(\"MM/dd/yyyy\");\n\t    else\n\t        dtFormatter = DateTimeFormat.forPattern(\"yyyy-MM-dd\");\n\n\t    DateTime dt = new DateTime(date);\n\t    String myDate = dt.toString(dtFormatter);\n\n\t    System.out.println(\"OrderDisplayUtil.java:getDateFromDateTime(\" + date + \", \" + display + \"): \" + \"myDate = \" + myDate);\n\n\t    return myDate;\n\n\t}\n}","updatedContent":"package jodatime;\n//ID = 8109450\n\nimport android.net.ParseException;\nimport org.joda.time.format.DateTimeFormat;\nimport org.joda.time.format.DateTimeFormatter;\nimport org.joda.time.DateTime;\nimport java.sql.Date;\n\npublic class JodaTime22 {\n\n\tpublic static void main(String[] args) {\n\t\t// TODO Auto-generated method stub\n\n\t}\n\n\tpublic String getDateFromDateTime(Date date, Boolean display) throws ParseException {\n\n\t\t/*\n\t\t * SimpleDateFormat working as designed, but pf_ordersController.selected.returnDateTime displaying incorrect date/time\n\t\t * \n\t\t * see below from /orders/pf_View.xhtml\n\t\t * pf_ordersController.selected.returnDateTime (displayed on JSF page) = 11/13/2011 02:00 AM\n\t\t * \n\t\t * ORDER #  0739  Trip Date 11/11/2011 to 11/12/2011  Customer # 1004\n\t\t * \n\t\t * Trip Date/Time: 11/11/2011 05:00 PM  Report Date/Time: 11/11/2011 04:45 PM   Return Date/Time: 11/13/2011 02:00 AM\n\t\t * \n\t\t * orders.returnDateTime (stored in database) = 11/12/2011 21:00:00 (9:00 PM)\n\t\t * SimpleDateFormat converts orders.returnDateTime to 11/12/2011 (working as designed)\n\t\t * \n\t\t * http://stackoverflow.com/questions/2356672/date-parsing-formating-with-timezone-and-simpledateformat-problem-around-dst-swi\n\t\t * \n\t\tDateFormat formatter;\n\t\tString myDate;\n\t\t\n\t\tif (display)\n\t\t    formatter = new SimpleDateFormat(\"MM/dd/yyyy\");\n\t\telse\n\t\t    formatter = new SimpleDateFormat(\"yyyy-MM-dd\");\n\t\t\n\t\tmyDate = formatter.format(date);\n\t\t * \n\t\t */\n\n\t\tDateTimeFormatter dtFormatter;\n\n\t\tif (display)\n\t\t\tdtFormatter = DateTimeFormat.forPattern(\"MM/dd/yyyy\");\n\t\telse\n\t\t\tdtFormatter = DateTimeFormat.forPattern(\"yyyy-MM-dd\");\n\n\t\tDateTime dt = new DateTime(date);\n\t\tString myDate = dt.toString(dtFormatter);\n\n\t\tSystem.out.println(\n\t\t\t\t\"OrderDisplayUtil.java:getDateFromDateTime(\" + date + \", \" + display + \"): \" + \"myDate = \" + myDate);\n\n\t\treturn myDate;\n\n\t}\n}","usedLibraries":["jar:android-13.jar:1","jar:joda-time-2.0.jar:1"]}