{"status":2,"problems":[{"fileName":"JodaTime15.java","startLocation":330,"endLocation":335,"lineNumber":14,"column":-1,"message":"The value of the local variable myDate is not used","problemId":536870973,"problemSeverity":"WARNING"}],"originalContent":"package jodatime;\n//5451152\n\npublic class JodaTime15 {\n\tpublic static void main(String[] args) \n\t{\n\t\tMutableDateTime now = new MutableDateTime();\n\t\tnow.setHourOfDay(2);\n\t\tnow.setMinuteOfHour(0);\n\t\tnow.setSecondOfMinute(0);\n\t\tnow.setMillisOfSecond(0);\n\t\tDateTime myDate = now.toDateTime();\n\t}\n}","updatedContent":"package jodatime;\n//5451152\n\nimport org.joda.time.DateTime;\nimport org.joda.time.MutableDateTime;\n\npublic class JodaTime15 {\n\tpublic static void main(String[] args) {\n\t\tMutableDateTime now = new MutableDateTime();\n\t\tnow.setHourOfDay(2);\n\t\tnow.setMinuteOfHour(0);\n\t\tnow.setSecondOfMinute(0);\n\t\tnow.setMillisOfSecond(0);\n\t\tDateTime myDate = now.toDateTime();\n\t}\n}","usedLibraries":["jar:joda-time-2.0.jar:1"]}