{
  "java_file": "/home/theguy/Documents/research/snr-server/src/test/resources/snippets/so/JodaTime29.java",
  "output_file": "StatType-Completion-output-json/JodaTime29.java.json",
  "exit_code": 0,
  "stdout": "/home/theguy/Documents/research/snr-server/benchmark/snippet_log/JodaTime29.java.stdout.42f8792f747f4b9e8a74d0c26e7fb1d6.txt",
  "stderr": "/home/theguy/Documents/research/snr-server/benchmark/snippet_log/JodaTime29.java.stderr.42f8792f747f4b9e8a74d0c26e7fb1d6.txt",
  "run_time": 4274019957,
  "total_imports": [
    "org.joda.time.DateTime",
    "org.joda.time.format.DateTimeFormatter"
  ],
  "correct_imports": [
    "org.joda.time.format.DateTimeFormatter",
    "org.joda.time.DateTime"
  ]
}