{"status":2,"problems":[{"fileName":"JodaTime20.java","startLocation":151,"endLocation":167,"lineNumber":8,"column":2,"message":"DateTimeFormatter cannot be resolved to a type","problemId":16777218,"problemSeverity":"ERROR"},{"fileName":"JodaTime20.java","startLocation":190,"endLocation":203,"lineNumber":8,"column":41,"message":"DateTimeFormat cannot be resolved","problemId":570425394,"problemSeverity":"ERROR"},{"fileName":"JodaTime20.java","startLocation":232,"endLocation":243,"lineNumber":9,"column":2,"message":"DateTimeZone cannot be resolved to a type","problemId":16777218,"problemSeverity":"ERROR"},{"fileName":"JodaTime20.java","startLocation":260,"endLocation":271,"lineNumber":9,"column":30,"message":"DateTimeZone cannot be resolved","problemId":570425394,"problemSeverity":"ERROR"},{"fileName":"JodaTime20.java","startLocation":331,"endLocation":338,"lineNumber":11,"column":2,"message":"DateTime cannot be resolved to a type","problemId":16777218,"problemSeverity":"ERROR"},{"fileName":"JodaTime20.java","startLocation":513,"endLocation":520,"lineNumber":14,"column":2,"message":"DateTime cannot be resolved to a type","problemId":16777218,"problemSeverity":"ERROR"},{"fileName":"JodaTime20.java","startLocation":554,"endLocation":565,"lineNumber":14,"column":43,"message":"DateTimeZone cannot be resolved to a variable","problemId":33554515,"problemSeverity":"ERROR"}],"originalContent":"package jodatime;\n//ID = 7807271\n\npublic class JodaTime20 {\n\n\tpublic static void main(String[] args) {\n\t\tString DATE_FORMAT = \"yyyy-MM-dd HH:mm:ss\";\n\t\tDateTimeFormatter DATETIME_FORMATTER = DateTimeFormat.forPattern(DATE_FORMAT);\n\t\tDateTimeZone dateTimeZone = DateTimeZone.forID(\"-03:00\");\n\t\t//date is 2000-01-01 00:00:00 -03:00\n\t\tDateTime date = DATETIME_FORMATTER.withZone(dateTimeZone).parseDateTime(\"2000-01-01 00:00:00\");\n\t\tSystem.out.println(\"Current date is: \" + date.toString());\n\t\t//now convert to UTC\n\t\tDateTime convertedDate = date.toDateTime(DateTimeZone.UTC);\n\t\tSystem.out.println(\"Converted date: \" + date.toString());\n\t\t// TODO Auto-generated method stub\n\n\t}\n\n}","updatedContent":"package jodatime;\n//ID = 7807271\n\npublic class JodaTime20 {\n\n\tpublic static void main(String[] args) {\n\t\tString DATE_FORMAT = \"yyyy-MM-dd HH:mm:ss\";\n\t\tDateTimeFormatter DATETIME_FORMATTER = DateTimeFormat.forPattern(DATE_FORMAT);\n\t\tDateTimeZone dateTimeZone = DateTimeZone.forID(\"-03:00\");\n\t\t//date is 2000-01-01 00:00:00 -03:00\n\t\tDateTime date = DATETIME_FORMATTER.withZone(dateTimeZone).parseDateTime(\"2000-01-01 00:00:00\");\n\t\tSystem.out.println(\"Current date is: \" + date.toString());\n\t\t//now convert to UTC\n\t\tDateTime convertedDate = date.toDateTime(DateTimeZone.UTC);\n\t\tSystem.out.println(\"Converted date: \" + date.toString());\n\t\t// TODO Auto-generated method stub\n\n\t}\n\n}","usedLibraries":[]}