{"status":2,"problems":[{"fileName":"xstream_class_6.java","startLocation":262,"endLocation":292,"lineNumber":11,"column":29,"message":"SANITY CHECK: Invalid opcode -88 at pc 115 for stackmap table attribute for method toXML(Object, File)","problemId":0,"problemSeverity":"ERROR"},{"fileName":"xstream_class_6.java","startLocation":584,"endLocation":602,"lineNumber":24,"column":-1,"message":"Dead code","problemId":536871061,"problemSeverity":"WARNING"}],"originalContent":"package xstream;\n//ID = 3642820\n\n\npublic class xstream_class_6 {\n\tpublic static boolean toXML(Object object, File file) {\n\t    XStream xStream = new XStream(new DomDriver(\"UTF-8\"));\n\t    OutputStream outputStream = null;\n\n\t    try {\n\t        outputStream = new FileOutputStream(file);\n\t        xStream.toXML(object, outputStream);\n\t    }\n\t    catch (Exception exp) {\n\t        return false;\n\t    }\n\t    finally {\n\t        if (true) {\n\t            return false;\n\t        }\n\t        outputStream = null;\n\t    }\n\n\t    return true;\n\t}\n\t\n}","updatedContent":"package xstream;\n//ID = 3642820\n\nimport java.io.File;\nimport java.io.OutputStream;\nimport com.thoughtworks.xstream.XStream;\nimport java.io.FileOutputStream;\nimport com.thoughtworks.xstream.io.xml.DomDriver;\n\npublic class xstream_class_6 {\n\tpublic static boolean toXML(Object object, File file) {\n\t\tXStream xStream = new XStream(new DomDriver(\"UTF-8\"));\n\t\tOutputStream outputStream = null;\n\n\t\ttry {\n\t\t\toutputStream = new FileOutputStream(file);\n\t\t\txStream.toXML(object, outputStream);\n\t\t} catch (Exception exp) {\n\t\t\treturn false;\n\t\t} finally {\n\t\t\tif (true) {\n\t\t\t\treturn false;\n\t\t\t}\n\t\t\toutputStream = null;\n\t\t}\n\n\t\treturn true;\n\t}\n\n}","usedLibraries":["jar:android-13.jar:1","jar:com.thoughtworks.xstream.jar:1"]}