{
  "java_file": "/home/theguy/Documents/research/snr-server/src/test/resources/snippets/so/xstream_class_17.java",
  "output_file": "StatType-Completion-output-json/xstream_class_17.java.json",
  "exit_code": 0,
  "stdout": "/home/theguy/Documents/research/snr-server/benchmark/snippet_log/xstream_class_17.java.stdout.0b00bf7ec54348e493b035fb92e91325.txt",
  "stderr": "/home/theguy/Documents/research/snr-server/benchmark/snippet_log/xstream_class_17.java.stderr.0b00bf7ec54348e493b035fb92e91325.txt",
  "run_time": 10079766636,
  "total_imports": [
    "com.thoughtworks.xstream.XStream",
    "com.thoughtworks.xstream.annotations.XStreamAlias",
    "com.thoughtworks.xstream.converters.Converter",
    "com.thoughtworks.xstream.converters.MarshallingContext",
    "com.thoughtworks.xstream.converters.UnmarshallingContext",
    "com.thoughtworks.xstream.io.HierarchicalStreamReader",
    "com.thoughtworks.xstream.io.HierarchicalStreamWriter"
  ],
  "correct_imports": [
    "com.thoughtworks.xstream.XStream",
    "com.thoughtworks.xstream.io.HierarchicalStreamWriter",
    "com.thoughtworks.xstream.converters.MarshallingContext",
    "com.thoughtworks.xstream.annotations.XStreamAlias",
    "com.thoughtworks.xstream.io.HierarchicalStreamReader"
  ]
}