{
  "java_file": "/home/theguy/Documents/research/snr-server/src/test/resources/snippets/so/xstream_class_34.java",
  "output_file": "StatType-Completion-output-json/xstream_class_34.java.json",
  "exit_code": 0,
  "stdout": "/home/theguy/Documents/research/snr-server/benchmark/snippet_log/xstream_class_34.java.stdout.81c81a38612f4c40b324c2611569d6db.txt",
  "stderr": "/home/theguy/Documents/research/snr-server/benchmark/snippet_log/xstream_class_34.java.stderr.81c81a38612f4c40b324c2611569d6db.txt",
  "run_time": 50494281610,
  "total_imports": [
    "java.util.ArrayList",
    "java.util.Iterator",
    "java.util.List",
    "com.cloudbees.api.config.Environment",
    "com.cloudbees.api.config.ParameterHolder",
    "com.cloudbees.api.config.ResourceSettings",
    "com.thoughtworks.xstream.XStream",
    "com.thoughtworks.xstream.annotations.XStreamAlias",
    "com.thoughtworks.xstream.annotations.XStreamImplicit",
    "com.thoughtworks.xstream.mapper.MapperWrapper"
  ],
  "correct_imports": [
    "com.thoughtworks.xstream.annotations.XStreamImplicit",
    "java.util.List",
    "com.thoughtworks.xstream.XStream",
    "com.thoughtworks.xstream.mapper.MapperWrapper",
    "com.thoughtworks.xstream.annotations.XStreamAlias",
    "java.util.Iterator",
    "com.cloudbees.api.config.ResourceSettings",
    "com.cloudbees.api.config.Environment",
    "java.util.ArrayList"
  ]
}