{
  "java_file": "/home/theguy/Documents/research/snr-server/src/test/resources/snippets/so/xstream_class_13.java",
  "output_file": "StatType-Completion-output-json/xstream_class_13.java.json",
  "exit_code": 0,
  "stdout": "/home/theguy/Documents/research/snr-server/benchmark/snippet_log/xstream_class_13.java.stdout.437685b7aca0469ab4c04889a1232b0a.txt",
  "stderr": "/home/theguy/Documents/research/snr-server/benchmark/snippet_log/xstream_class_13.java.stderr.437685b7aca0469ab4c04889a1232b0a.txt",
  "run_time": 4395674945,
  "total_imports": [
    "com.thoughtworks.xstream.mapper.ClassAliasingMapper",
    "com.thoughtworks.xstream.mapper.Mapper"
  ],
  "correct_imports": [
    "com.thoughtworks.xstream.mapper.Mapper",
    "com.thoughtworks.xstream.mapper.ClassAliasingMapper"
  ]
}