{"status":2,"problems":[{"fileName":"xstream_class_36.java","startLocation":521,"endLocation":528,"lineNumber":25,"column":24,"message":"Null pointer access: The variable services can only be null at this location","problemId":536871363,"problemSeverity":"WARNING"}],"originalContent":"package xstream;\n//29466312\n\n\npublic class xstream_class_36\n{\n\tpublic class MapTest{\n\t\tprivate Map<String, String> mapList;\n\n\t\tpublic MapTest() {\n\n\t\t\tmapList= new HashMap<String, String>();\n\t\t}\n\n\t\tpublic void setServicesHealth(String id, String name) {\n\t\t\tmapList.put(id, name);\n\t\t}\n\t}\n\tpublic static void main(String arg[]){ \n\t\tMapTest services = null;\n\t\tservices.setServicesHealth(\"ID01\", \"Jack\");\n\t\tservices.setServicesHealth(\"ID02\", \"Neil\");\n\n\t\tXStream stream = new XStream(new StaxDriver());\n\t\tstream.alias(\"MapTest\", MapTest.class);\n\t\tstream.addImplicitMap(MapTest.class, \"map\", \"id\", String.class, \"name\");\n\t\tString xmlStr = stream.toXML(services);\n\t\tSystem.out.println(xmlStr);\n\t}\n}","updatedContent":"package xstream;\n//29466312\n\nimport java.util.Map;\nimport com.thoughtworks.xstream.XStream;\nimport com.google.gwt.dev.util.collect.HashMap;\nimport com.thoughtworks.xstream.io.xml.StaxDriver;\n\npublic class xstream_class_36 {\n\tpublic class MapTest {\n\t\tprivate Map<String, String> mapList;\n\n\t\tpublic MapTest() {\n\n\t\t\tmapList = new HashMap<String, String>();\n\t\t}\n\n\t\tpublic void setServicesHealth(String id, String name) {\n\t\t\tmapList.put(id, name);\n\t\t}\n\t}\n\n\tpublic static void main(String arg[]) {\n\t\tMapTest services = null;\n\t\tservices.setServicesHealth(\"ID01\", \"Jack\");\n\t\tservices.setServicesHealth(\"ID02\", \"Neil\");\n\n\t\tXStream stream = new XStream(new StaxDriver());\n\t\tstream.alias(\"MapTest\", MapTest.class);\n\t\tstream.addImplicitMap(MapTest.class, \"map\", \"id\", String.class, \"name\");\n\t\tString xmlStr = stream.toXML(services);\n\t\tSystem.out.println(xmlStr);\n\t}\n}","usedLibraries":["jar:gwt-dev-2.9.0.jar:1","jar:android-13.jar:1","jar:com.thoughtworks.xstream.jar:1"]}