{
  "java_file": "/home/theguy/Documents/research/snr-server/src/test/resources/snippets/so/xstream_class_5.java",
  "output_file": "StatType-Completion-output-json/xstream_class_5.java.json",
  "exit_code": 0,
  "stdout": "/home/theguy/Documents/research/snr-server/benchmark/snippet_log/xstream_class_5.java.stdout.de3dad86e09a4604a9c4d806b0547a76.txt",
  "stderr": "/home/theguy/Documents/research/snr-server/benchmark/snippet_log/xstream_class_5.java.stderr.de3dad86e09a4604a9c4d806b0547a76.txt",
  "run_time": 6971610461,
  "total_imports": [
    "java.io.FileNotFoundException",
    "java.io.PrintWriter",
    "com.thoughtworks.xstream.XStream",
    "com.thoughtworks.xstream.io.xml.DomDriver"
  ],
  "correct_imports": [
    "java.io.FileNotFoundException",
    "com.thoughtworks.xstream.XStream",
    "java.io.PrintWriter",
    "com.thoughtworks.xstream.io.xml.DomDriver"
  ]
}