{
  "java_file": "/home/theguy/Documents/research/snr-server/src/test/resources/snippets/so/xstream_class_21.java",
  "output_file": "StatType-Completion-output-json/xstream_class_21.java.json",
  "exit_code": 0,
  "stdout": "/home/theguy/Documents/research/snr-server/benchmark/snippet_log/xstream_class_21.java.stdout.eb2d866049c746798170d8a501257722.txt",
  "stderr": "/home/theguy/Documents/research/snr-server/benchmark/snippet_log/xstream_class_21.java.stderr.eb2d866049c746798170d8a501257722.txt",
  "run_time": 9659968935,
  "total_imports": [
    "java.util.Map",
    "com.thoughtworks.xstream.converters.Converter",
    "com.thoughtworks.xstream.converters.MarshallingContext",
    "com.thoughtworks.xstream.converters.UnmarshallingContext",
    "com.thoughtworks.xstream.converters.reflection.ReflectionConverter",
    "com.thoughtworks.xstream.converters.reflection.ReflectionProvider",
    "com.thoughtworks.xstream.io.HierarchicalStreamReader",
    "com.thoughtworks.xstream.io.HierarchicalStreamWriter",
    "com.thoughtworks.xstream.mapper.Mapper"
  ],
  "correct_imports": [
    "java.util.Map",
    "com.thoughtworks.xstream.converters.Converter",
    "com.thoughtworks.xstream.io.HierarchicalStreamWriter",
    "com.thoughtworks.xstream.converters.MarshallingContext",
    "com.thoughtworks.xstream.io.HierarchicalStreamReader",
    "com.thoughtworks.xstream.mapper.Mapper",
    "com.thoughtworks.xstream.converters.reflection.ReflectionProvider",
    "com.thoughtworks.xstream.converters.reflection.ReflectionConverter"
  ]
}