{"status":2,"problems":[{"fileName":"xstream_class_29.java","startLocation":228,"endLocation":243,"lineNumber":10,"column":25,"message":"The method createXmlEmail() from the type xstream_class_29 is never used locally","problemId":603979894,"problemSeverity":"WARNING"}],"originalContent":"package xstream;\n//Id=14440011\n\n\npublic class xstream_class_29 {\n\tprivate static void createXmlEmail() {\n\t    XStream xstream = new XStream(new DomDriver());\n\t    xstream.setMode(XStream.NO_REFERENCES);\n\t    xstream.alias(\"email\", EmailPojo.class);\n\t    xstream.alias(\"recipient\", Recipient.class);\n\n\t    EmailPojo ep = new EmailPojo();\n\n\t    List<Recipient> toRecipient = new ArrayList<Recipient>();\n\t    toRecipient.add(new Recipient(\"user1@somecompany.com\"));\n\t    toRecipient.add(new Recipient(\"user2@somecompany.com\"));\n\n\t    List<Recipient> ccRecipient = new ArrayList<Recipient>();\n\t    ccRecipient.add(new Recipient(\"user3@somecompany.com\"));\n\t    ccRecipient.add(new Recipient(\"user4@somecompany.com\"));\n\n\t    List<Recipient> bccRecipient = new ArrayList<Recipient>();\n\t    bccRecipient.add(new Recipient(\"user5@somecompany.com\"));\n\t    bccRecipient.add(new Recipient(\"user6@somecompany.com\"));\n\n\t    ep.setTo(toRecipient);\n\t    ep.setCc(ccRecipient);\n\t    ep.setBcc(bccRecipient);\n\t    ep.setSubject(\"subject test\");\n\t    ep.setBody(\"body test\");\n\n\t    String xml = xstream.toXML(ep);\n\t    System.out.println(xml);\n\t}\n\tpublic static class EmailPojo {\n        private List<Recipient> to;\n        private List<Recipient> cc;\n        private List<Recipient> bcc;\n        private String subject;\n        private String body;\n\n        public List<Recipient> getTo() {\n            return to;\n        }\n\n        public void setTo(List<Recipient> to) {\n            this.to = to;\n        }\n\n        public List<Recipient> getCc() {\n            return cc;\n        }\n\n        public void setCc(List<Recipient> cc) {\n            this.cc = cc;\n        }\n\n        public List<Recipient> getBcc() {\n            return bcc;\n        }\n\n        public void setBcc(List<Recipient> bcc) {\n            this.bcc = bcc;\n        }\n\n        public String getSubject() {\n            return subject;\n        }\n\n        public void setSubject(String subject) {\n            this.subject = subject;\n        }\n\n        public String getBody() {\n            return body;\n        }\n\n        public void setBody(String body) {\n            this.body = body;\n        }\n    }\n\n\npublic static class Recipient {\n    private String recipient;\n\n    public Recipient(String recipient) {\n        this.recipient = recipient;\n    }\n\n    public String getRecipient() {\n        return recipient;\n    }\n\n    public void setRecipient(String recipient) {\n        this.recipient = recipient;\n    }\n}\n}","updatedContent":"package xstream;\n//Id=14440011\n\nimport java.util.List;\nimport com.thoughtworks.xstream.XStream;\nimport com.thoughtworks.xstream.io.xml.DomDriver;\nimport java.util.ArrayList;\n\npublic class xstream_class_29 {\n\tprivate static void createXmlEmail() {\n\t\tXStream xstream = new XStream(new DomDriver());\n\t\txstream.setMode(XStream.NO_REFERENCES);\n\t\txstream.alias(\"email\", EmailPojo.class);\n\t\txstream.alias(\"recipient\", Recipient.class);\n\n\t\tEmailPojo ep = new EmailPojo();\n\n\t\tList<Recipient> toRecipient = new ArrayList<Recipient>();\n\t\ttoRecipient.add(new Recipient(\"user1@somecompany.com\"));\n\t\ttoRecipient.add(new Recipient(\"user2@somecompany.com\"));\n\n\t\tList<Recipient> ccRecipient = new ArrayList<Recipient>();\n\t\tccRecipient.add(new Recipient(\"user3@somecompany.com\"));\n\t\tccRecipient.add(new Recipient(\"user4@somecompany.com\"));\n\n\t\tList<Recipient> bccRecipient = new ArrayList<Recipient>();\n\t\tbccRecipient.add(new Recipient(\"user5@somecompany.com\"));\n\t\tbccRecipient.add(new Recipient(\"user6@somecompany.com\"));\n\n\t\tep.setTo(toRecipient);\n\t\tep.setCc(ccRecipient);\n\t\tep.setBcc(bccRecipient);\n\t\tep.setSubject(\"subject test\");\n\t\tep.setBody(\"body test\");\n\n\t\tString xml = xstream.toXML(ep);\n\t\tSystem.out.println(xml);\n\t}\n\n\tpublic static class EmailPojo {\n\t\tprivate List<Recipient> to;\n\t\tprivate List<Recipient> cc;\n\t\tprivate List<Recipient> bcc;\n\t\tprivate String subject;\n\t\tprivate String body;\n\n\t\tpublic List<Recipient> getTo() {\n\t\t\treturn to;\n\t\t}\n\n\t\tpublic void setTo(List<Recipient> to) {\n\t\t\tthis.to = to;\n\t\t}\n\n\t\tpublic List<Recipient> getCc() {\n\t\t\treturn cc;\n\t\t}\n\n\t\tpublic void setCc(List<Recipient> cc) {\n\t\t\tthis.cc = cc;\n\t\t}\n\n\t\tpublic List<Recipient> getBcc() {\n\t\t\treturn bcc;\n\t\t}\n\n\t\tpublic void setBcc(List<Recipient> bcc) {\n\t\t\tthis.bcc = bcc;\n\t\t}\n\n\t\tpublic String getSubject() {\n\t\t\treturn subject;\n\t\t}\n\n\t\tpublic void setSubject(String subject) {\n\t\t\tthis.subject = subject;\n\t\t}\n\n\t\tpublic String getBody() {\n\t\t\treturn body;\n\t\t}\n\n\t\tpublic void setBody(String body) {\n\t\t\tthis.body = body;\n\t\t}\n\t}\n\n\tpublic static class Recipient {\n\t\tprivate String recipient;\n\n\t\tpublic Recipient(String recipient) {\n\t\t\tthis.recipient = recipient;\n\t\t}\n\n\t\tpublic String getRecipient() {\n\t\t\treturn recipient;\n\t\t}\n\n\t\tpublic void setRecipient(String recipient) {\n\t\t\tthis.recipient = recipient;\n\t\t}\n\t}\n}","usedLibraries":["jar:android-13.jar:1","jar:com.thoughtworks.xstream.jar:1"]}