{
  "java_file": "/home/theguy/Documents/research/snr-server/src/test/resources/snippets/so/xstream_class_26.java",
  "output_file": "StatType-Completion-output-json/xstream_class_26.java.json",
  "exit_code": 0,
  "stdout": "/home/theguy/Documents/research/snr-server/benchmark/snippet_log/xstream_class_26.java.stdout.dbaa18ed5c2146a78907bb63f7c02585.txt",
  "stderr": "/home/theguy/Documents/research/snr-server/benchmark/snippet_log/xstream_class_26.java.stderr.dbaa18ed5c2146a78907bb63f7c02585.txt",
  "run_time": 15069031885,
  "total_imports": [
    "java.util.ArrayList",
    "java.util.Collection",
    "java.util.List",
    "com.thoughtworks.xstream.converters.SingleValueConverter"
  ],
  "correct_imports": [
    "com.thoughtworks.xstream.converters.SingleValueConverter",
    "java.util.Collection",
    "java.util.ArrayList"
  ]
}