{
  "java_file": "/home/theguy/Documents/research/snr-server/src/test/resources/snippets/so/xstream_class_23.java",
  "output_file": "StatType-Completion-output-json/xstream_class_23.java.json",
  "exit_code": 0,
  "stdout": "/home/theguy/Documents/research/snr-server/benchmark/snippet_log/xstream_class_23.java.stdout.1a978f63cedb4eefb6e408d688b82435.txt",
  "stderr": "/home/theguy/Documents/research/snr-server/benchmark/snippet_log/xstream_class_23.java.stderr.1a978f63cedb4eefb6e408d688b82435.txt",
  "run_time": 8533183945,
  "total_imports": [
    "com.thoughtworks.xstream.XStream",
    "com.thoughtworks.xstream.annotations.XStreamAlias",
    "com.thoughtworks.xstream.converters.javabean.JavaBeanConverter",
    "com.thoughtworks.xstream.io.xml.XppDriver"
  ],
  "correct_imports": [
    "com.thoughtworks.xstream.XStream",
    "com.thoughtworks.xstream.io.xml.XppDriver",
    "com.thoughtworks.xstream.converters.javabean.JavaBeanConverter",
    "com.thoughtworks.xstream.annotations.XStreamAlias"
  ]
}