{
  "java_file": "/home/theguy/Documents/research/snr-server/src/test/resources/snippets/so/xstream_class_25.java",
  "output_file": "StatType-Completion-output-json/xstream_class_25.java.json",
  "exit_code": 0,
  "stdout": "/home/theguy/Documents/research/snr-server/benchmark/snippet_log/xstream_class_25.java.stdout.1a9a4c2d3fae4c8b944238d0772c1333.txt",
  "stderr": "/home/theguy/Documents/research/snr-server/benchmark/snippet_log/xstream_class_25.java.stderr.1a9a4c2d3fae4c8b944238d0772c1333.txt",
  "run_time": 3263457545,
  "total_imports": [
    "com.thoughtworks.xstream.annotations.XStreamAlias",
    "com.thoughtworks.xstream.annotations.XStreamConverter",
    "com.thoughtworks.xstream.converters.extended.ToAttributedValueConverter"
  ],
  "correct_imports": [
    "com.thoughtworks.xstream.converters.extended.ToAttributedValueConverter",
    "com.thoughtworks.xstream.annotations.XStreamConverter",
    "com.thoughtworks.xstream.annotations.XStreamAlias"
  ]
}