{
  "java_file": "/home/theguy/Documents/research/snr-server/src/test/resources/snippets/so/xstream_class_24.java",
  "output_file": "StatType-Completion-output-json/xstream_class_24.java.json",
  "exit_code": 0,
  "stdout": "/home/theguy/Documents/research/snr-server/benchmark/snippet_log/xstream_class_24.java.stdout.be5ee11887fe4efbb4e83511f6f2273e.txt",
  "stderr": "/home/theguy/Documents/research/snr-server/benchmark/snippet_log/xstream_class_24.java.stderr.be5ee11887fe4efbb4e83511f6f2273e.txt",
  "run_time": 8991058725,
  "total_imports": [
    "com.thoughtworks.xstream.converters.MarshallingContext",
    "com.thoughtworks.xstream.converters.UnmarshallingContext",
    "com.thoughtworks.xstream.converters.reflection.ReflectionConverter",
    "com.thoughtworks.xstream.converters.reflection.ReflectionProvider",
    "com.thoughtworks.xstream.io.HierarchicalStreamReader",
    "com.thoughtworks.xstream.io.HierarchicalStreamWriter",
    "com.thoughtworks.xstream.mapper.Mapper"
  ],
  "correct_imports": [
    "com.thoughtworks.xstream.io.HierarchicalStreamWriter",
    "com.thoughtworks.xstream.converters.UnmarshallingContext",
    "com.thoughtworks.xstream.converters.MarshallingContext",
    "com.thoughtworks.xstream.io.HierarchicalStreamReader",
    "com.thoughtworks.xstream.mapper.Mapper",
    "com.thoughtworks.xstream.converters.reflection.ReflectionProvider",
    "com.thoughtworks.xstream.converters.reflection.ReflectionConverter"
  ]
}