{
  "java_file": "/home/theguy/Documents/research/snr-server/src/test/resources/snippets/so/xstream_class_6.java",
  "output_file": "StatType-Completion-output-json/xstream_class_6.java.json",
  "exit_code": 0,
  "stdout": "/home/theguy/Documents/research/snr-server/benchmark/snippet_log/xstream_class_6.java.stdout.32029b587f1847a8bdc848fe9b9d7938.txt",
  "stderr": "/home/theguy/Documents/research/snr-server/benchmark/snippet_log/xstream_class_6.java.stderr.32029b587f1847a8bdc848fe9b9d7938.txt",
  "run_time": 7429447429,
  "total_imports": [
    "java.io.File",
    "java.io.FileOutputStream",
    "java.io.OutputStream",
    "com.thoughtworks.xstream.XStream",
    "com.thoughtworks.xstream.io.xml.DomDriver"
  ],
  "correct_imports": [
    "java.io.File",
    "java.io.OutputStream",
    "com.thoughtworks.xstream.XStream",
    "java.io.FileOutputStream",
    "com.thoughtworks.xstream.io.xml.DomDriver"
  ]
}