{
  "java_file": "/home/theguy/Documents/research/snr-server/src/test/resources/snippets/so/xstream_class_35.java",
  "output_file": "StatType-Completion-output-json/xstream_class_35.java.json",
  "exit_code": 0,
  "stdout": "/home/theguy/Documents/research/snr-server/benchmark/snippet_log/xstream_class_35.java.stdout.626469da2b9b48d1bc2912ec5cdc9e63.txt",
  "stderr": "/home/theguy/Documents/research/snr-server/benchmark/snippet_log/xstream_class_35.java.stderr.626469da2b9b48d1bc2912ec5cdc9e63.txt",
  "run_time": 9926109051,
  "total_imports": [
    "org.junit.Test",
    "com.thoughtworks.xstream.XStream",
    "com.thoughtworks.xstream.converters.Converter",
    "com.thoughtworks.xstream.converters.ConverterLookup",
    "com.thoughtworks.xstream.converters.SingleValueConverter",
    "com.thoughtworks.xstream.converters.reflection.ReflectionProvider",
    "com.thoughtworks.xstream.mapper.Mapper",
    "com.thoughtworks.xstream.mapper.MapperWrapper"
  ],
  "correct_imports": [
    "com.thoughtworks.xstream.converters.SingleValueConverter",
    "com.thoughtworks.xstream.XStream",
    "com.thoughtworks.xstream.mapper.MapperWrapper",
    "com.thoughtworks.xstream.converters.Converter",
    "com.thoughtworks.xstream.converters.ConverterLookup",
    "com.thoughtworks.xstream.mapper.Mapper",
    "com.thoughtworks.xstream.converters.reflection.ReflectionProvider",
    "org.junit.Test"
  ]
}