{"status":0,"problems":[],"originalContent":"package xstream;\n//http://www.programcreek.com/java-api-examples/index.php?api=com.thoughtworks.xstream.XStream\n\npublic class xstream_class_32{\n\tpublic static XStream instanciateXstreamForHibernate() {\n\t    XStream xstream1 =new XStream() {\n\t        protected MapperWrapper wrapMapper(final MapperWrapper next) {\n\t            return new HibernateMapper(next);\n\t        }\n\t    };\n\t    xstream1.registerConverter(new HibernateProxyConverter());\n\t    xstream1.registerConverter(new HibernatePersistentCollectionConverter(xstream1.getMapper()));\n\t    xstream1.registerConverter(new HibernatePersistentMapConverter(xstream1.getMapper()));\n\t    xstream1.registerConverter(new HibernatePersistentSortedMapConverter(xstream1.getMapper()));\n\t    xstream1.registerConverter(new HibernatePersistentSortedSetConverter(xstream1.getMapper()));\n\t    return xstream1;\n\t}\n\t \n}","updatedContent":"package xstream;\n//http://www.programcreek.com/java-api-examples/index.php?api=com.thoughtworks.xstream.XStream\n\nimport com.thoughtworks.xstream.XStream;\nimport com.thoughtworks.xstream.mapper.MapperWrapper;\nimport com.thoughtworks.xstream.hibernate.mapper.HibernateMapper;\nimport com.thoughtworks.xstream.hibernate.converter.HibernatePersistentMapConverter;\nimport com.thoughtworks.xstream.hibernate.converter.HibernatePersistentCollectionConverter;\nimport com.thoughtworks.xstream.hibernate.converter.HibernatePersistentSortedSetConverter;\nimport com.thoughtworks.xstream.hibernate.converter.HibernateProxyConverter;\nimport com.thoughtworks.xstream.hibernate.converter.HibernatePersistentSortedMapConverter;\n\npublic class xstream_class_32 {\n\tpublic static XStream instanciateXstreamForHibernate() {\n\t\tXStream xstream1 = new XStream() {\n\t\t\tprotected MapperWrapper wrapMapper(final MapperWrapper next) {\n\t\t\t\treturn new HibernateMapper(next);\n\t\t\t}\n\t\t};\n\t\txstream1.registerConverter(new HibernateProxyConverter());\n\t\txstream1.registerConverter(new HibernatePersistentCollectionConverter(xstream1.getMapper()));\n\t\txstream1.registerConverter(new HibernatePersistentMapConverter(xstream1.getMapper()));\n\t\txstream1.registerConverter(new HibernatePersistentSortedMapConverter(xstream1.getMapper()));\n\t\txstream1.registerConverter(new HibernatePersistentSortedSetConverter(xstream1.getMapper()));\n\t\treturn xstream1;\n\t}\n\n}","usedLibraries":["jar:xstream-hibernate-1.4.jar:1","jar:com.thoughtworks.xstream.jar:1"]}