{"status":2,"problems":[{"fileName":"Music.java","startLocation":198,"endLocation":213,"lineNumber":7,"column":19,"message":"The public type xstream_class_31 must be defined in its own file","problemId":16777541,"problemSeverity":"ERROR"}],"originalContent":"package xstream;\n//http://www.studytrails.com/java/xml/xstream/xstream-xml-to-java/\n\n\npublic class xstream_class_31 {\n   static String xml1 = \"<Music><type>rock</type></Music>\";\n\n   public static void main(String[] args) {\n       XStream xStream = new XStream();\n       xStream.processAnnotations(Music.class);\n       Music musicObject = (Music) xStream.fromXML(xml1);\n       System.out.println(musicObject);\n       // prints Music [type=ROCK]\n   }\n\n}\n\n@XStreamAlias(\"Music\")\nclass Music {\n   public enum genre {\n       ROCK, JAZZ\n   };\n\n   genre type;\n\n   @Override\n   public String toString() {\n       return \"Music [type=\" + type + \"]\";\n   }\n\n}","updatedContent":"package xstream;\n//http://www.studytrails.com/java/xml/xstream/xstream-xml-to-java/\n\nimport com.thoughtworks.xstream.XStream;\nimport com.thoughtworks.xstream.annotations.XStreamAlias;\n\npublic class xstream_class_31 {\n\tstatic String xml1 = \"<Music><type>rock</type></Music>\";\n\n\tpublic static void main(String[] args) {\n\t\tXStream xStream = new XStream();\n\t\txStream.processAnnotations(Music.class);\n\t\tMusic musicObject = (Music) xStream.fromXML(xml1);\n\t\tSystem.out.println(musicObject);\n\t\t// prints Music [type=ROCK]\n\t}\n\n}\n\n@XStreamAlias(\"Music\")\nclass Music {\n\tpublic enum genre {\n\t\t\t\t\t\tROCK,\n\t\t\t\t\t\tJAZZ\n\t};\n\n\tgenre type;\n\n\t@Override\n\tpublic String toString() {\n\t\treturn \"Music [type=\" + type + \"]\";\n\t}\n\n}","usedLibraries":["jar:com.thoughtworks.xstream.jar:1"]}