{
  "java_file": "/home/theguy/Documents/research/snr-server/src/test/resources/snippets/so/xstream_class_11.java",
  "output_file": "StatType-Completion-output-json/xstream_class_11.java.json",
  "exit_code": 0,
  "stdout": "/home/theguy/Documents/research/snr-server/benchmark/snippet_log/xstream_class_11.java.stdout.4bed0818082b479baae011630324cb99.txt",
  "stderr": "/home/theguy/Documents/research/snr-server/benchmark/snippet_log/xstream_class_11.java.stderr.4bed0818082b479baae011630324cb99.txt",
  "run_time": 14042616903,
  "total_imports": [
    "java.util.ArrayList",
    "java.util.List",
    "com.thoughtworks.xstream.XStream",
    "com.thoughtworks.xstream.converters.collections.CollectionConverter",
    "com.thoughtworks.xstream.mapper.ClassAliasingMapper"
  ],
  "correct_imports": [
    "java.util.List",
    "com.thoughtworks.xstream.XStream",
    "java.util.ArrayList",
    "com.thoughtworks.xstream.mapper.ClassAliasingMapper",
    "com.thoughtworks.xstream.converters.collections.CollectionConverter"
  ]
}