{"status":2,"problems":[{"fileName":"xstream_class_24.java","startLocation":1128,"endLocation":1138,"lineNumber":33,"column":-1,"message":"Unnecessary @SuppressWarnings(\"unchecked\")","problemId":536871547,"problemSeverity":"WARNING"},{"fileName":"xstream_class_24.java","startLocation":1181,"endLocation":1185,"lineNumber":35,"column":-1,"message":"Class is a raw type. References to generic type Class<T> should be parameterized","problemId":16777788,"problemSeverity":"WARNING"}],"originalContent":"package xstream;\n//ID=2456909\n\npublic class xstream_class_24 {\n\tpublic class DetailDollarsConverter extends ReflectionConverter {\n\n\t\tpublic DetailDollarsConverter(Mapper mapper,\n\t\t        ReflectionProvider reflectionProvider) {\n\t\t    super(mapper, reflectionProvider);\n\t\t}\n\n\t\t@Override\n\t\tpublic void marshal(Object obj, HierarchicalStreamWriter writer,\n\t\t        MarshallingContext context) {\n\t\t    super.marshal(obj,writer,context);\n\n\t\t    writer.startNode(\"node4\");\n\t\t    writer.setValue(Double.toString(20));\n\t\t    writer.endNode();\n\t\t}\n\n\t\t@Override\n\t\tpublic Object unmarshal(HierarchicalStreamReader reader,\n\t\t        UnmarshallingContext context) {\n\t\t    return super.unmarshal(reader,context);\n\t\t}\n\n\t\t@SuppressWarnings(\"unchecked\")\n\t\t@Override\n\t\tpublic boolean canConvert(Class clazz) {\n\t\t    Object o=null;\n\t\t\treturn clazz.equals(o);\n\t\t}\n\t}\n}","updatedContent":"package xstream;\n//ID=2456909\n\nimport com.thoughtworks.xstream.io.HierarchicalStreamWriter;\nimport com.thoughtworks.xstream.converters.UnmarshallingContext;\nimport com.thoughtworks.xstream.converters.MarshallingContext;\nimport com.thoughtworks.xstream.io.HierarchicalStreamReader;\nimport com.thoughtworks.xstream.mapper.Mapper;\nimport com.thoughtworks.xstream.converters.reflection.ReflectionProvider;\nimport com.thoughtworks.xstream.converters.reflection.ReflectionConverter;\n\npublic class xstream_class_24 {\n\tpublic class DetailDollarsConverter extends ReflectionConverter {\n\n\t\tpublic DetailDollarsConverter(Mapper mapper, ReflectionProvider reflectionProvider) {\n\t\t\tsuper(mapper, reflectionProvider);\n\t\t}\n\n\t\t@Override\n\t\tpublic void marshal(Object obj, HierarchicalStreamWriter writer, MarshallingContext context) {\n\t\t\tsuper.marshal(obj, writer, context);\n\n\t\t\twriter.startNode(\"node4\");\n\t\t\twriter.setValue(Double.toString(20));\n\t\t\twriter.endNode();\n\t\t}\n\n\t\t@Override\n\t\tpublic Object unmarshal(HierarchicalStreamReader reader, UnmarshallingContext context) {\n\t\t\treturn super.unmarshal(reader, context);\n\t\t}\n\n\t\t@SuppressWarnings(\"unchecked\")\n\t\t@Override\n\t\tpublic boolean canConvert(Class clazz) {\n\t\t\tObject o = null;\n\t\t\treturn clazz.equals(o);\n\t\t}\n\t}\n}","usedLibraries":["jar:com.thoughtworks.xstream.jar:1"]}