{"status":2,"problems":[{"fileName":"xstream_class_41.java","startLocation":601,"endLocation":604,"lineNumber":17,"column":11,"message":"The value of the local variable data is not used","problemId":536870973,"problemSeverity":"WARNING"},{"fileName":"xstream_class_41.java","startLocation":889,"endLocation":892,"lineNumber":34,"column":15,"message":"The value of the field xstream_class_41.Details.Name is not used","problemId":570425421,"problemSeverity":"WARNING"},{"fileName":"xstream_class_41.java","startLocation":912,"endLocation":915,"lineNumber":35,"column":13,"message":"The value of the field xstream_class_41.Details.type is not used","problemId":570425421,"problemSeverity":"WARNING"},{"fileName":"xstream_class_41.java","startLocation":935,"endLocation":936,"lineNumber":36,"column":36,"message":"The value of the field xstream_class_41.Details.id is not used","problemId":570425421,"problemSeverity":"WARNING"}],"originalContent":"package xstream;\n//ID=40922380\n\n\npublic class xstream_class_41 {\n\tpublic static void main(String arg[]){\n\t\tXStream xstream = new XStream(new StaxDriver());\n\t\txstream.alias(\"data\", DetList.class);\n\t\txstream.alias(\"i\", Details.class);\n\t\tString s = new String(\"<data>\\n\"\n\t\t           +\"\\t<i Name='asia' type='continent' id='11'></i>\\n\"\n\t\t           +\"\\t<i Name='africa' type='continent' id='12'></i>\\n\"\n\t\t           +\"\\t<i Name='japan' type='country' id='13'></i>\\n\"\n\t\t           +\"</data>\");\n\t\tSystem.out.println(s);\n\t\tDetList data = (DetList) xstream.fromXML(s);\t\n\t}\n\tpublic class DetList {\n\t    private List<Details> detlist;\n\n\t    public List<Details> getDetlist() {\n\t        return detlist;\n\t    }\n\n\t    public void setDetlist(List<Details> detlist) {\n\t        this.detlist = detlist;\n\t    }\n\t}\n\tpublic class Details {\n\n\t    private String Name;\n\t    private String type;\n\t    private String id;\n\n\t    //Getters and Setters are here.\n\t}\n\n}","updatedContent":"package xstream;\n//ID=40922380\n\nimport java.util.List;\nimport com.thoughtworks.xstream.XStream;\nimport com.thoughtworks.xstream.io.xml.StaxDriver;\n\npublic class xstream_class_41 {\n\tpublic static void main(String arg[]) {\n\t\tXStream xstream = new XStream(new StaxDriver());\n\t\txstream.alias(\"data\", DetList.class);\n\t\txstream.alias(\"i\", Details.class);\n\t\tString s = new String(\"<data>\\n\" + \"\\t<i Name='asia' type='continent' id='11'></i>\\n\"\n\t\t\t\t+ \"\\t<i Name='africa' type='continent' id='12'></i>\\n\"\n\t\t\t\t+ \"\\t<i Name='japan' type='country' id='13'></i>\\n\" + \"</data>\");\n\t\tSystem.out.println(s);\n\t\tDetList data = (DetList) xstream.fromXML(s);\n\t}\n\n\tpublic class DetList {\n\t\tprivate List<Details> detlist;\n\n\t\tpublic List<Details> getDetlist() {\n\t\t\treturn detlist;\n\t\t}\n\n\t\tpublic void setDetlist(List<Details> detlist) {\n\t\t\tthis.detlist = detlist;\n\t\t}\n\t}\n\n\tpublic class Details {\n\n\t\tprivate String Name;\n\t\tprivate String type;\n\t\tprivate String id;\n\n\t\t//Getters and Setters are here.\n\t}\n\n}","usedLibraries":["jar:android-13.jar:1","jar:com.thoughtworks.xstream.jar:1"]}