{
  "java_file": "/home/theguy/Documents/research/snr-server/src/test/resources/snippets/so/xstream_class_27.java",
  "output_file": "StatType-Completion-output-json/xstream_class_27.java.json",
  "exit_code": 0,
  "stdout": "/home/theguy/Documents/research/snr-server/benchmark/snippet_log/xstream_class_27.java.stdout.ab8a60e764074c56966854bd95cc5764.txt",
  "stderr": "/home/theguy/Documents/research/snr-server/benchmark/snippet_log/xstream_class_27.java.stderr.ab8a60e764074c56966854bd95cc5764.txt",
  "run_time": 22256233424,
  "total_imports": [
    "org.apache.commons.lang.WordUtils",
    "org.apache.http.client.fluent.Content",
    "com.thoughtworks.xstream.XStream",
    "com.thoughtworks.xstream.converters.Converter",
    "com.thoughtworks.xstream.converters.MarshallingContext",
    "com.thoughtworks.xstream.converters.UnmarshallingContext",
    "com.thoughtworks.xstream.io.HierarchicalStreamReader",
    "com.thoughtworks.xstream.io.HierarchicalStreamWriter"
  ],
  "correct_imports": [
    "com.thoughtworks.xstream.XStream",
    "com.thoughtworks.xstream.io.HierarchicalStreamWriter",
    "com.thoughtworks.xstream.converters.MarshallingContext",
    "com.thoughtworks.xstream.io.HierarchicalStreamReader",
    "org.apache.commons.lang.WordUtils"
  ]
}