{"status":2,"problems":[{"fileName":"xstream_class_15.java","startLocation":606,"endLocation":618,"lineNumber":16,"column":4,"message":"org.hibernate cannot be resolved to a type","problemId":16777218,"problemSeverity":"ERROR"},{"fileName":"xstream_class_15.java","startLocation":678,"endLocation":684,"lineNumber":17,"column":9,"message":"HashSet is a raw type. References to generic type HashSet<E> should be parameterized","problemId":16777788,"problemSeverity":"WARNING"},{"fileName":"xstream_class_15.java","startLocation":757,"endLocation":761,"lineNumber":21,"column":-1,"message":"Class is a raw type. References to generic type Class<T> should be parameterized","problemId":16777788,"problemSeverity":"WARNING"},{"fileName":"xstream_class_15.java","startLocation":804,"endLocation":816,"lineNumber":22,"column":-1,"message":"org.hibernate cannot be resolved to a type","problemId":16777218,"problemSeverity":"ERROR"},{"fileName":"xstream_class_15.java","startLocation":932,"endLocation":932,"lineNumber":26,"column":-1,"message":"The value of the local variable s is not used","problemId":536870973,"problemSeverity":"WARNING"}],"originalContent":"package xstream;\n//ID=328832\n\n\npublic class xstream_class_15 {\n\tpublic static void main(String arg[]){\n\t\tXStream xs = new XStream();\n\t\txs.registerConverter(new CollectionConverter(xs.getMapper()) {\n\t\t    @Override\n\t\t    public void marshal(Object source, HierarchicalStreamWriter writer, MarshallingContext context) {\n\t\t        org.hibernate.collection.PersistentSet ps = null;\n\t\t        super.marshal(new HashSet(ps), writer, context);\n\t\t    }\n\n\t\t    @Override\n\t\t    public boolean canConvert(Class type) {\n\t\t        return type.isAssignableFrom(org.hibernate.collection.PersistentSet.class);\n\t\t    }\n\t\t}, XStream.PRIORITY_VERY_HIGH);\n\t\tObject processInstance = null;\n\t\tString s = xs.toXML(processInstance);\n\t}\n}","updatedContent":"package xstream;\n//ID=328832\n\nimport com.thoughtworks.xstream.XStream;\nimport com.thoughtworks.xstream.io.HierarchicalStreamWriter;\nimport com.thoughtworks.xstream.converters.MarshallingContext;\nimport com.google.gwt.dev.util.collect.HashSet;\nimport com.thoughtworks.xstream.converters.collections.CollectionConverter;\n\npublic class xstream_class_15 {\n\tpublic static void main(String arg[]) {\n\t\tXStream xs = new XStream();\n\t\txs.registerConverter(new CollectionConverter(xs.getMapper()) {\n\t\t\t@Override\n\t\t\tpublic void marshal(Object source, HierarchicalStreamWriter writer, MarshallingContext context) {\n\t\t\t\torg.hibernate.collection.PersistentSet ps = null;\n\t\t\t\tsuper.marshal(new HashSet(ps), writer, context);\n\t\t\t}\n\n\t\t\t@Override\n\t\t\tpublic boolean canConvert(Class type) {\n\t\t\t\treturn type.isAssignableFrom(org.hibernate.collection.PersistentSet.class);\n\t\t\t}\n\t\t}, XStream.PRIORITY_VERY_HIGH);\n\t\tObject processInstance = null;\n\t\tString s = xs.toXML(processInstance);\n\t}\n}","usedLibraries":["jar:gwt-dev-2.9.0.jar:1","jar:com.thoughtworks.xstream.jar:1"]}