{
  "java_file": "/home/theguy/Documents/research/snr-server/src/test/resources/snippets/so/xstream_class_12.java",
  "output_file": "StatType-Completion-output-json/xstream_class_12.java.json",
  "exit_code": 0,
  "stdout": "/home/theguy/Documents/research/snr-server/benchmark/snippet_log/xstream_class_12.java.stdout.16dbe92de2fc45208975c75382c05fe5.txt",
  "stderr": "/home/theguy/Documents/research/snr-server/benchmark/snippet_log/xstream_class_12.java.stderr.16dbe92de2fc45208975c75382c05fe5.txt",
  "run_time": 10095267274,
  "total_imports": [
    "java.util.List",
    "com.thoughtworks.xstream.converters.Converter",
    "com.thoughtworks.xstream.converters.MarshallingContext",
    "com.thoughtworks.xstream.converters.UnmarshallingContext",
    "com.thoughtworks.xstream.io.HierarchicalStreamReader",
    "com.thoughtworks.xstream.io.HierarchicalStreamWriter"
  ],
  "correct_imports": [
    "java.util.List",
    "com.thoughtworks.xstream.io.HierarchicalStreamWriter",
    "com.thoughtworks.xstream.converters.MarshallingContext",
    "com.thoughtworks.xstream.io.HierarchicalStreamReader"
  ]
}