{
  "java_file": "/home/theguy/Documents/research/snr-server/src/test/resources/snippets/so/xstream_class_16.java",
  "output_file": "StatType-Completion-output-json/xstream_class_16.java.json",
  "exit_code": 0,
  "stdout": "/home/theguy/Documents/research/snr-server/benchmark/snippet_log/xstream_class_16.java.stdout.1e44e6e4994e45c6b8e58ab534e60e2d.txt",
  "stderr": "/home/theguy/Documents/research/snr-server/benchmark/snippet_log/xstream_class_16.java.stderr.1e44e6e4994e45c6b8e58ab534e60e2d.txt",
  "run_time": 2797726297,
  "total_imports": [
    "com.thoughtworks.xstream.XStream",
    "com.thoughtworks.xstream.mapper.MapperWrapper"
  ],
  "correct_imports": [
    "com.thoughtworks.xstream.XStream",
    "com.thoughtworks.xstream.mapper.MapperWrapper"
  ]
}