{"status":2,"problems":[{"fileName":"xstream_class_30.java","startLocation":390,"endLocation":398,"lineNumber":10,"column":90,"message":"The type Converter cannot be a superinterface of xstream_class_30; a superinterface must be an interface","problemId":16777531,"problemSeverity":"ERROR"},{"fileName":"xstream_class_30.java","startLocation":427,"endLocation":536,"lineNumber":13,"column":3,"message":"The method marshal(Object, HierarchicalStreamWriter, MarshallingContext) of type xstream_class_30 must override or implement a supertype method","problemId":67109498,"problemSeverity":"ERROR"},{"fileName":"xstream_class_30.java","startLocation":614,"endLocation":719,"lineNumber":19,"column":45,"message":"The method unmarshal(HierarchicalStreamReader, UnmarshallingContext) of type xstream_class_30 must override or implement a supertype method","problemId":67109498,"problemSeverity":"ERROR"},{"fileName":"xstream_class_30.java","startLocation":1561,"endLocation":1584,"lineNumber":42,"column":2,"message":"The method canConvert(Class) of type xstream_class_30 must override or implement a supertype method","problemId":67109498,"problemSeverity":"ERROR"},{"fileName":"xstream_class_30.java","startLocation":1572,"endLocation":1576,"lineNumber":42,"column":13,"message":"Class is a raw type. References to generic type Class<T> should be parameterized","problemId":16777788,"problemSeverity":"WARNING"}],"originalContent":"package xstream;\n//ID = 34206426\n\npublic class xstream_class_30 implements Converter {\n\n\n    @Override\n    public void marshal(Object o, HierarchicalStreamWriter hierarchicalStreamWriter, MarshallingContext marshallingContext) {\n        // implement logic for marshalling to xml\n    }\n\n    @Override\n    public Object unmarshal(HierarchicalStreamReader hierarchicalStreamReader, UnmarshallingContext unmarshallingContext) {\n        Items items = new Items();\n        while (hierarchicalStreamReader.hasMoreChildren()) {\n            hierarchicalStreamReader.moveDown();\n            final String currentAttribute = hierarchicalStreamReader.getAttribute(\"name\");\n            if (\"id\".equals(currentAttribute)) {\n                items.setId(hierarchicalStreamReader.getValue());\n            } else if (\"first-name\".equals(currentAttribute)) {\n                items.setFirstName(hierarchicalStreamReader.getValue());\n            } else if (\"last-name\".equals(currentAttribute)) {\n                items.setLastName(hierarchicalStreamReader.getValue());\n            } else if (\"address\".equals(currentAttribute)) {\n                items.setAddress(hierarchicalStreamReader.getValue());\n            } else if (\"zip\".equals(currentAttribute)) {\n                items.setZip(hierarchicalStreamReader.getValue());\n            }\n            hierarchicalStreamReader.moveUp();\n        }\n        return items;\n    }\n\n    @Override\n    public boolean canConvert(Class aClass) {\n        return aClass == Items.class;\n    }\n    public class Items {\n        private String id;\n        private String firstName;\n        private String lastName;\n        private String address;\n        private String zip;\n\n        public void setId(String id) {\n            this.id = id;\n        }\n\n        public void setFirstName(String firstName) {\n            this.firstName = firstName;\n        }\n\n        public void setLastName(String lastName) {\n            this.lastName = lastName;\n        }\n\n        public void setAddress(String address) {\n            this.address = address;\n        }\n\n        public void setZip(String zip) {\n            this.zip = zip;\n        }\n    }\n}","updatedContent":"package xstream;\n//ID = 34206426\n\nimport com.thoughtworks.xstream.io.HierarchicalStreamWriter;\nimport com.thoughtworks.xstream.converters.MarshallingContext;\nimport com.thoughtworks.xstream.io.HierarchicalStreamReader;\nimport com.extjs.gxt.ui.client.binding.Converter;\nimport com.sun.xml.internal.bind.v2.runtime.unmarshaller.UnmarshallingContext;\n\npublic class xstream_class_30 implements Converter {\n\n\t@Override\n\tpublic void marshal(Object o, HierarchicalStreamWriter hierarchicalStreamWriter,\n\t\t\tMarshallingContext marshallingContext) {\n\t\t// implement logic for marshalling to xml\n\t}\n\n\t@Override\n\tpublic Object unmarshal(HierarchicalStreamReader hierarchicalStreamReader,\n\t\t\tUnmarshallingContext unmarshallingContext) {\n\t\tItems items = new Items();\n\t\twhile (hierarchicalStreamReader.hasMoreChildren()) {\n\t\t\thierarchicalStreamReader.moveDown();\n\t\t\tfinal String currentAttribute = hierarchicalStreamReader.getAttribute(\"name\");\n\t\t\tif (\"id\".equals(currentAttribute)) {\n\t\t\t\titems.setId(hierarchicalStreamReader.getValue());\n\t\t\t} else if (\"first-name\".equals(currentAttribute)) {\n\t\t\t\titems.setFirstName(hierarchicalStreamReader.getValue());\n\t\t\t} else if (\"last-name\".equals(currentAttribute)) {\n\t\t\t\titems.setLastName(hierarchicalStreamReader.getValue());\n\t\t\t} else if (\"address\".equals(currentAttribute)) {\n\t\t\t\titems.setAddress(hierarchicalStreamReader.getValue());\n\t\t\t} else if (\"zip\".equals(currentAttribute)) {\n\t\t\t\titems.setZip(hierarchicalStreamReader.getValue());\n\t\t\t}\n\t\t\thierarchicalStreamReader.moveUp();\n\t\t}\n\t\treturn items;\n\t}\n\n\t@Override\n\tpublic boolean canConvert(Class aClass) {\n\t\treturn aClass == Items.class;\n\t}\n\n\tpublic class Items {\n\t\tprivate String id;\n\t\tprivate String firstName;\n\t\tprivate String lastName;\n\t\tprivate String address;\n\t\tprivate String zip;\n\n\t\tpublic void setId(String id) {\n\t\t\tthis.id = id;\n\t\t}\n\n\t\tpublic void setFirstName(String firstName) {\n\t\t\tthis.firstName = firstName;\n\t\t}\n\n\t\tpublic void setLastName(String lastName) {\n\t\t\tthis.lastName = lastName;\n\t\t}\n\n\t\tpublic void setAddress(String address) {\n\t\t\tthis.address = address;\n\t\t}\n\n\t\tpublic void setZip(String zip) {\n\t\t\tthis.zip = zip;\n\t\t}\n\t}\n}","usedLibraries":["openjdk:jdk:1.8.0","jar:gxt-2.2.1.jar:1","jar:com.thoughtworks.xstream.jar:1"]}