{"status":2,"problems":[{"fileName":"xstream_class_22.java","startLocation":1175,"endLocation":1180,"lineNumber":38,"column":18,"message":"Arrays cannot be resolved","problemId":570425394,"problemSeverity":"ERROR"},{"fileName":"xstream_class_22.java","startLocation":1327,"endLocation":1333,"lineNumber":41,"column":32,"message":"The attribute strings is undefined for the annotation type XStreamConverter","problemId":67109475,"problemSeverity":"ERROR"}],"originalContent":"package xstream;\n//Id=17616142\n\n\n@XStreamAlias(\"container\")\npublic class xstream_class_22 {\n  private String name;\n\n  // any element named numberOfEmployees should go into this list\n  @XStreamImplicit(itemFieldName=\"numberOfEmployees\")\n  protected List<NumberOfPersonnel> numberOfEmployees;\n\n  public xstream_class_22(String name, List<NumberOfPersonnel> noEmp) {\n    this.name = name;\n    this.numberOfEmployees = noEmp;\n  }\n\n  public String toString() {\n    return name + \", \" + numberOfEmployees;\n  }\n\n  public static void main(String[] args) throws Exception {\n    XStream xs = new XStream();\n    xs.processAnnotations(xstream_class_22.class);\n\n    System.out.println(\"Unmarshalling:\");\n    System.out.println(xs.fromXML(new File(\"in.xml\")));\n\n    System.out.println(\"Marshalling:\");\n    System.out.println(xs.toXML(new xstream_class_22(\"World\",\n           Arrays.asList(new NumberOfPersonnel(2001, 1000),\n                         new NumberOfPersonnel(2002, 500)))));\n  }\n  @XStreamConverter(value = ToAttributedValueConverter.class, strings = {\"value\"})\n  public static class NumberOfPersonnel {\n    public NumberOfPersonnel(int year, double value) {\n      this.year = year;\n      this.value = value;\n    }\n\n    private int year;\n\n    private double value;\n\n    public String toString() {\n      return year + \": \" + value;\n    }\n  }\n}","updatedContent":"package xstream;\n//Id=17616142\n\nimport com.thoughtworks.xstream.annotations.XStreamImplicit;\nimport com.thoughtworks.xstream.converters.extended.ToAttributedValueConverter;\nimport java.util.List;\nimport java.io.File;\nimport com.thoughtworks.xstream.XStream;\nimport com.thoughtworks.xstream.annotations.XStreamConverter;\nimport com.thoughtworks.xstream.annotations.XStreamAlias;\n\n@XStreamAlias(\"container\")\npublic class xstream_class_22 {\n\tprivate String name;\n\n\t// any element named numberOfEmployees should go into this list\n\t@XStreamImplicit(itemFieldName = \"numberOfEmployees\")\n\tprotected List<NumberOfPersonnel> numberOfEmployees;\n\n\tpublic xstream_class_22(String name, List<NumberOfPersonnel> noEmp) {\n\t\tthis.name = name;\n\t\tthis.numberOfEmployees = noEmp;\n\t}\n\n\tpublic String toString() {\n\t\treturn name + \", \" + numberOfEmployees;\n\t}\n\n\tpublic static void main(String[] args) throws Exception {\n\t\tXStream xs = new XStream();\n\t\txs.processAnnotations(xstream_class_22.class);\n\n\t\tSystem.out.println(\"Unmarshalling:\");\n\t\tSystem.out.println(xs.fromXML(new File(\"in.xml\")));\n\n\t\tSystem.out.println(\"Marshalling:\");\n\t\tSystem.out.println(xs.toXML(new xstream_class_22(\"World\",\n\t\t\t\tArrays.asList(new NumberOfPersonnel(2001, 1000), new NumberOfPersonnel(2002, 500)))));\n\t}\n\n\t@XStreamConverter(value = ToAttributedValueConverter.class, strings = { \"value\" })\n\tpublic static class NumberOfPersonnel {\n\t\tpublic NumberOfPersonnel(int year, double value) {\n\t\t\tthis.year = year;\n\t\t\tthis.value = value;\n\t\t}\n\n\t\tprivate int year;\n\n\t\tprivate double value;\n\n\t\tpublic String toString() {\n\t\t\treturn year + \": \" + value;\n\t\t}\n\t}\n}","usedLibraries":["jar:android-13.jar:1","jar:com.thoughtworks.xstream.jar:1"]}