{"status":2,"problems":[{"fileName":"xstream_class_39.java","startLocation":380,"endLocation":386,"lineNumber":13,"column":70,"message":"The value of the field xstream_class_39.xstream is not used","problemId":570425421,"problemSeverity":"WARNING"}],"originalContent":"package xstream;\n//ID = 26862650\n\n\npublic class xstream_class_39 {\n\n\tprivate static XStream xstream = new XStream(new XppDriver() {\n\t        @Override\n\t        public HierarchicalStreamWriter createWriter(Writer out) {  \n\t            return new PrettyPrintWriter(out) {  \n\t                // Add CDATA block  \n\t                boolean cdata;//I need to add cdata for some fields only  \n\t                boolean isNeedUpper;//only some will need this\n\n\t                protected void writeText(QuickWriter writer, String text) {  \n\t                    if (cdata) {  \n\t                        writer.write(\"<![CDATA[\");  \n\t                        writer.write(text);  \n\t                        writer.write(\"]]>\");  \n\t                    } else if (isNeedUpper){  \n\t                        writer.write(text.toUpperCase());  \n\t                    }  \n\t                    else writer.write(text);\n\t                }  \n\t            };  \n\t        }  \n\t    });\n}","updatedContent":"package xstream;\n//ID = 26862650\n\nimport com.thoughtworks.xstream.io.xml.PrettyPrintWriter;\nimport com.thoughtworks.xstream.XStream;\nimport com.thoughtworks.xstream.io.xml.XppDriver;\nimport com.thoughtworks.xstream.io.HierarchicalStreamWriter;\nimport java.io.Writer;\nimport com.thoughtworks.xstream.core.util.QuickWriter;\n\npublic class xstream_class_39 {\n\n\tprivate static XStream xstream = new XStream(new XppDriver() {\n\t\t@Override\n\t\tpublic HierarchicalStreamWriter createWriter(Writer out) {\n\t\t\treturn new PrettyPrintWriter(out) {\n\t\t\t\t// Add CDATA block  \n\t\t\t\tboolean cdata;//I need to add cdata for some fields only  \n\t\t\t\tboolean isNeedUpper;//only some will need this\n\n\t\t\t\tprotected void writeText(QuickWriter writer, String text) {\n\t\t\t\t\tif (cdata) {\n\t\t\t\t\t\twriter.write(\"<![CDATA[\");\n\t\t\t\t\t\twriter.write(text);\n\t\t\t\t\t\twriter.write(\"]]>\");\n\t\t\t\t\t} else if (isNeedUpper) {\n\t\t\t\t\t\twriter.write(text.toUpperCase());\n\t\t\t\t\t} else\n\t\t\t\t\t\twriter.write(text);\n\t\t\t\t}\n\t\t\t};\n\t\t}\n\t});\n}","usedLibraries":["jar:android-13.jar:1","jar:com.thoughtworks.xstream.jar:1"]}