{"status":2,"problems":[{"fileName":"xstream_class_37.java","startLocation":525,"endLocation":533,"lineNumber":12,"column":49,"message":"The type Converter cannot be a superinterface of FieldDtoConvertor; a superinterface must be an interface","problemId":16777531,"problemSeverity":"ERROR"},{"fileName":"xstream_class_37.java","startLocation":566,"endLocation":570,"lineNumber":14,"column":39,"message":"Class is a raw type. References to generic type Class<T> should be parameterized","problemId":16777788,"problemSeverity":"WARNING"}],"originalContent":"package xstream;\n//http://www.dreamincode.net/forums/topic/240464-xstream-attribute-and-values-not-clear/\n\n\npublic class xstream_class_37 {\n\tpublic class FieldDtoConvertor implements Converter {\n\n\t\tpublic boolean canConvert(Class clazz) {\n\t\t\treturn clazz.equals(FieldDto.class);\n\t\t}\n\n\t\tpublic void marshal(final Object value,\n\t            final HierarchicalStreamWriter writer,\n\t            final MarshallingContext context) {\n\t    final FieldDto fieldDto = (FieldDto) value;\n\t    for (int i = 0; i < fieldDto.getSize(); i++){\n\t    \twriter.addAttribute(fieldDto.getAttributeName(i), fieldDto.getAttributeValue(i));\n\t    }\n\t    writer.setValue(fieldDto.getText());\n\t}\n\n\t\tpublic Object unmarshal(HierarchicalStreamReader reader,\n\t\t\t\tUnmarshallingContext context) {\n\t\t\tFieldDto fieldDto = new FieldDto();\n\t\t\tfor (int i = 0; i < reader.getAttributeCount(); i++){\n\t\t\t\tfieldDto.addAttribute(reader.getAttributeName(i), reader.getAttribute(i));\n\t\t\t}\n\t\t\tfieldDto.setText(reader.getValue());\n\t\t\treturn fieldDto;\n\t\t}\n\t}\n\tpublic class FieldDto {\n\t\tprivate ArrayList<String> attributeName = null;\n\t\tprivate ArrayList<String> attributeValue = null;\n\t\tprivate String text;\n\n\t\tpublic FieldDto(){\n\t\t\tattributeName = new ArrayList<String>();\n\t\t\tattributeValue = new ArrayList<String>();\n\t\t}\n\t\t\n\t\tpublic String getAttributeName(int index) {\n\t\t\treturn attributeName.get(index);\n\t\t}\n\n\t\tpublic void addAttribute(String attributeName, String attributeValue) {\n\t\t\tthis.attributeName.add(attributeName);\n\t\t\tthis.attributeValue.add(attributeValue);\n\t\t}\n\n\t\tpublic String getAttributeValue(int index) {\n\t\t\treturn attributeValue.get(index);\n\t\t}\n\n\t\tpublic String getText() {\n\t\t\treturn text;\n\t\t}\n\n\t\tpublic void setText(String text) {\n\t\t\tthis.text = text;\n\t\t}\n\t\t\n\t\tpublic int getSize(){\n\t\t\treturn attributeName.size();\n\t\t}\t\n\t}\n\n\n}","updatedContent":"package xstream;\n//http://www.dreamincode.net/forums/topic/240464-xstream-attribute-and-values-not-clear/\n\nimport com.thoughtworks.xstream.io.HierarchicalStreamWriter;\nimport com.thoughtworks.xstream.converters.MarshallingContext;\nimport com.thoughtworks.xstream.io.HierarchicalStreamReader;\nimport com.extjs.gxt.ui.client.binding.Converter;\nimport com.sun.xml.internal.bind.v2.runtime.unmarshaller.UnmarshallingContext;\nimport java.util.ArrayList;\n\npublic class xstream_class_37 {\n\tpublic class FieldDtoConvertor implements Converter {\n\n\t\tpublic boolean canConvert(Class clazz) {\n\t\t\treturn clazz.equals(FieldDto.class);\n\t\t}\n\n\t\tpublic void marshal(final Object value, final HierarchicalStreamWriter writer,\n\t\t\t\tfinal MarshallingContext context) {\n\t\t\tfinal FieldDto fieldDto = (FieldDto) value;\n\t\t\tfor (int i = 0; i < fieldDto.getSize(); i++) {\n\t\t\t\twriter.addAttribute(fieldDto.getAttributeName(i), fieldDto.getAttributeValue(i));\n\t\t\t}\n\t\t\twriter.setValue(fieldDto.getText());\n\t\t}\n\n\t\tpublic Object unmarshal(HierarchicalStreamReader reader, UnmarshallingContext context) {\n\t\t\tFieldDto fieldDto = new FieldDto();\n\t\t\tfor (int i = 0; i < reader.getAttributeCount(); i++) {\n\t\t\t\tfieldDto.addAttribute(reader.getAttributeName(i), reader.getAttribute(i));\n\t\t\t}\n\t\t\tfieldDto.setText(reader.getValue());\n\t\t\treturn fieldDto;\n\t\t}\n\t}\n\n\tpublic class FieldDto {\n\t\tprivate ArrayList<String> attributeName = null;\n\t\tprivate ArrayList<String> attributeValue = null;\n\t\tprivate String text;\n\n\t\tpublic FieldDto() {\n\t\t\tattributeName = new ArrayList<String>();\n\t\t\tattributeValue = new ArrayList<String>();\n\t\t}\n\n\t\tpublic String getAttributeName(int index) {\n\t\t\treturn attributeName.get(index);\n\t\t}\n\n\t\tpublic void addAttribute(String attributeName, String attributeValue) {\n\t\t\tthis.attributeName.add(attributeName);\n\t\t\tthis.attributeValue.add(attributeValue);\n\t\t}\n\n\t\tpublic String getAttributeValue(int index) {\n\t\t\treturn attributeValue.get(index);\n\t\t}\n\n\t\tpublic String getText() {\n\t\t\treturn text;\n\t\t}\n\n\t\tpublic void setText(String text) {\n\t\t\tthis.text = text;\n\t\t}\n\n\t\tpublic int getSize() {\n\t\t\treturn attributeName.size();\n\t\t}\n\t}\n\n}","usedLibraries":["openjdk:jdk:1.8.0","jar:android-13.jar:1","jar:gxt-2.2.1.jar:1","jar:com.thoughtworks.xstream.jar:1"]}