{"status":2,"problems":[{"fileName":"xstream_class_14.java","startLocation":322,"endLocation":326,"lineNumber":11,"column":15,"message":"Class is a raw type. References to generic type Class<T> should be parameterized","problemId":16777788,"problemSeverity":"WARNING"},{"fileName":"xstream_class_14.java","startLocation":394,"endLocation":398,"lineNumber":15,"column":4,"message":"Class is a raw type. References to generic type Class<T> should be parameterized","problemId":16777788,"problemSeverity":"WARNING"}],"originalContent":"package xstream;\n//ID = 3533894\n\npublic class xstream_class_14 {\n\tpublic class SingleValueEnumConverter extends AbstractSingleValueConverter\n\t{\n\t    @SuppressWarnings(\"rawtypes\")\n\t\tprivate final Class enumType;\n\n\t    public SingleValueEnumConverter(Class type)\n\t    {\n\t        this.enumType = type;\n\t    }\n\n\t    public boolean canConvert(Class c)\n\t    {\n\t        return c.equals(enumType);\n\t    }\n\n\t    public Object fromString(String value)\n\t    {\n\t        return Enum.valueOf(enumType, value);\n\t    }\n\t}\n}","updatedContent":"package xstream;\n//ID = 3533894\n\nimport com.thoughtworks.xstream.converters.basic.AbstractSingleValueConverter;\n\npublic class xstream_class_14 {\n\tpublic class SingleValueEnumConverter extends AbstractSingleValueConverter {\n\t\t@SuppressWarnings(\"rawtypes\")\n\t\tprivate final Class enumType;\n\n\t\tpublic SingleValueEnumConverter(Class type) {\n\t\t\tthis.enumType = type;\n\t\t}\n\n\t\tpublic boolean canConvert(Class c) {\n\t\t\treturn c.equals(enumType);\n\t\t}\n\n\t\tpublic Object fromString(String value) {\n\t\t\treturn Enum.valueOf(enumType, value);\n\t\t}\n\t}\n}","usedLibraries":["jar:com.thoughtworks.xstream.jar:1"]}