{
  "java_file": "/home/theguy/Documents/research/snr-server/src/test/resources/snippets/so/xstream_class_41.java",
  "output_file": "StatType-Completion-output-json/xstream_class_41.java.json",
  "exit_code": 0,
  "stdout": "/home/theguy/Documents/research/snr-server/benchmark/snippet_log/xstream_class_41.java.stdout.420fe60ef1ad44f0b508352663fd0136.txt",
  "stderr": "/home/theguy/Documents/research/snr-server/benchmark/snippet_log/xstream_class_41.java.stderr.420fe60ef1ad44f0b508352663fd0136.txt",
  "run_time": 7262837071,
  "total_imports": [
    "java.util.List",
    "com.thoughtworks.xstream.XStream",
    "com.thoughtworks.xstream.io.xml.StaxDriver"
  ],
  "correct_imports": [
    "java.util.List",
    "com.thoughtworks.xstream.XStream",
    "com.thoughtworks.xstream.io.xml.StaxDriver"
  ]
}