{
  "java_file": "/home/theguy/Documents/research/snr-server/src/test/resources/snippets/so/xstream_class_10.java",
  "output_file": "StatType-Completion-output-json/xstream_class_10.java.json",
  "exit_code": 0,
  "stdout": "/home/theguy/Documents/research/snr-server/benchmark/snippet_log/xstream_class_10.java.stdout.3faddb8fe2c6410ca88819b1dad76995.txt",
  "stderr": "/home/theguy/Documents/research/snr-server/benchmark/snippet_log/xstream_class_10.java.stderr.3faddb8fe2c6410ca88819b1dad76995.txt",
  "run_time": 9414759471,
  "total_imports": [
    "java.io.StringWriter",
    "com.thoughtworks.xstream.XStream",
    "com.thoughtworks.xstream.io.xml.PrettyPrintWriter"
  ],
  "correct_imports": [
    "com.thoughtworks.xstream.io.xml.PrettyPrintWriter",
    "com.thoughtworks.xstream.XStream",
    "java.io.StringWriter"
  ]
}