{"status":0,"problems":[],"originalContent":"package xstream;\n//ID = 10740221\n\n\npublic class xstream_class_9 {\n\tpublic class ServerIP {\n\t    private String ip;\n\n\t    public String getIp() {\n\t        return ip;\n\t    }\n\n\t    public void setIp(String ip) {\n\t        this.ip = ip;\n\t    }\n\t}\n\n\tpublic class ServerHandler {\n\n\t    private String fileName = \"servers.xml\";\n\t    private String path = \"J:\\\\workspace\\\\LOG730\\\\src\\\\Q3\\\\\";\n\t    private XStream xstream = new XStream(new DomDriver());\n\n\t    public void readFromXML() {\n\t        try {\n\t            FileInputStream fis = new FileInputStream(path + fileName);\n\t            ServerIP server = (ServerIP) xstream.fromXML(fis, new ServerIP());\n\t            System.out.println(\"Host: \" + server.getIp());\n\t        } catch (FileNotFoundException e) {\n\t            e.printStackTrace();\n\t        }\n\t    }\n    }\n}","updatedContent":"package xstream;\n//ID = 10740221\n\nimport java.io.FileNotFoundException;\nimport com.thoughtworks.xstream.XStream;\nimport java.io.FileInputStream;\nimport com.thoughtworks.xstream.io.xml.DomDriver;\n\npublic class xstream_class_9 {\n\tpublic class ServerIP {\n\t\tprivate String ip;\n\n\t\tpublic String getIp() {\n\t\t\treturn ip;\n\t\t}\n\n\t\tpublic void setIp(String ip) {\n\t\t\tthis.ip = ip;\n\t\t}\n\t}\n\n\tpublic class ServerHandler {\n\n\t\tprivate String fileName = \"servers.xml\";\n\t\tprivate String path = \"J:\\\\workspace\\\\LOG730\\\\src\\\\Q3\\\\\";\n\t\tprivate XStream xstream = new XStream(new DomDriver());\n\n\t\tpublic void readFromXML() {\n\t\t\ttry {\n\t\t\t\tFileInputStream fis = new FileInputStream(path + fileName);\n\t\t\t\tServerIP server = (ServerIP) xstream.fromXML(fis, new ServerIP());\n\t\t\t\tSystem.out.println(\"Host: \" + server.getIp());\n\t\t\t} catch (FileNotFoundException e) {\n\t\t\t\te.printStackTrace();\n\t\t\t}\n\t\t}\n\t}\n}","usedLibraries":["jar:android-13.jar:1","jar:com.thoughtworks.xstream.jar:1"]}