{
  "java_file": "/home/theguy/Documents/research/snr-server/src/test/resources/snippets/so/xstream_class_18.java",
  "output_file": "StatType-Completion-output-json/xstream_class_18.java.json",
  "exit_code": 0,
  "stdout": "/home/theguy/Documents/research/snr-server/benchmark/snippet_log/xstream_class_18.java.stdout.2ee249f65d6947779af05bf7af278086.txt",
  "stderr": "/home/theguy/Documents/research/snr-server/benchmark/snippet_log/xstream_class_18.java.stderr.2ee249f65d6947779af05bf7af278086.txt",
  "run_time": 11457100937,
  "total_imports": [
    "java.util.HashMap",
    "java.util.Map",
    "com.thoughtworks.xstream.converters.Converter",
    "com.thoughtworks.xstream.converters.MarshallingContext",
    "com.thoughtworks.xstream.converters.UnmarshallingContext",
    "com.thoughtworks.xstream.io.HierarchicalStreamReader",
    "com.thoughtworks.xstream.io.HierarchicalStreamWriter"
  ],
  "correct_imports": [
    "java.util.Map",
    "com.thoughtworks.xstream.io.HierarchicalStreamWriter",
    "com.thoughtworks.xstream.converters.MarshallingContext",
    "com.thoughtworks.xstream.io.HierarchicalStreamReader"
  ]
}