{"status":0,"problems":[],"originalContent":"package xstream;\n//2456470\n\npublic class xstream_class_23 {\n\t@XStreamAlias(\"test\")\n\tpublic class TestObject\n\t{\n\t    private String foo;\n\n\t    public String getFoo()\n\t    {\n\t        //return foo; -- Adjusted for EDIT#2\n\t        return foo.toLowerCase();\n\t    }\n\n\t    public void setFoo(String foo)\n\t    {\n\t        this.foo = foo;\n\t    }\n\t}\n\n\tpublic void test() throws Exception\n\t{\n\t    XStream x = new XStream(new XppDriver());\n\t    x.autodetectAnnotations(true);\n\t    x.processAnnotations(TestObject.class);\n\n\t    x.registerConverter(new JavaBeanConverter(x.getMapper()));\n\n\t    TestObject o = new TestObject();\n\t    //o.setFoo(\"bar\"); -- Adjusted for EDIT#2\n\t    o.setFoo(\"BAR\");\n\n\t    String xml = x.toXML(o);\n\n\t    System.out.println(xml);\n\n\t    /*\n\t      Expecting...\n\t        <test>\n\t          <foo>bar</foo>\n\t        </test>\n\n\t      But instead getting...\n\t        <test>\n\t          <foo/>\n\t        </test>         \n\t    */\n\t}\n}","updatedContent":"package xstream;\n//2456470\n\nimport com.thoughtworks.xstream.XStream;\nimport com.thoughtworks.xstream.io.xml.XppDriver;\nimport com.thoughtworks.xstream.converters.javabean.JavaBeanConverter;\nimport com.thoughtworks.xstream.annotations.XStreamAlias;\n\npublic class xstream_class_23 {\n\t@XStreamAlias(\"test\")\n\tpublic class TestObject {\n\t\tprivate String foo;\n\n\t\tpublic String getFoo() {\n\t\t\t//return foo; -- Adjusted for EDIT#2\n\t\t\treturn foo.toLowerCase();\n\t\t}\n\n\t\tpublic void setFoo(String foo) {\n\t\t\tthis.foo = foo;\n\t\t}\n\t}\n\n\tpublic void test() throws Exception {\n\t\tXStream x = new XStream(new XppDriver());\n\t\tx.autodetectAnnotations(true);\n\t\tx.processAnnotations(TestObject.class);\n\n\t\tx.registerConverter(new JavaBeanConverter(x.getMapper()));\n\n\t\tTestObject o = new TestObject();\n\t\t//o.setFoo(\"bar\"); -- Adjusted for EDIT#2\n\t\to.setFoo(\"BAR\");\n\n\t\tString xml = x.toXML(o);\n\n\t\tSystem.out.println(xml);\n\n\t\t/*\n\t\t  Expecting...\n\t\t    <test>\n\t\t      <foo>bar</foo>\n\t\t    </test>\n\t\t\n\t\t  But instead getting...\n\t\t    <test>\n\t\t      <foo/>\n\t\t    </test>         \n\t\t*/\n\t}\n}","usedLibraries":["jar:com.thoughtworks.xstream.jar:1"]}