{"status":2,"problems":[{"fileName":"xstream_class_17.java","startLocation":609,"endLocation":625,"lineNumber":16,"column":31,"message":"The method registerConverter(Converter) in the type XStream is not applicable for the arguments (xstream_class_17.PositionConverter)","problemId":67108979,"problemSeverity":"ERROR"},{"fileName":"xstream_class_17.java","startLocation":1819,"endLocation":1827,"lineNumber":65,"column":46,"message":"The type Converter cannot be a superinterface of PositionConverter; a superinterface must be an interface","problemId":16777531,"problemSeverity":"ERROR"},{"fileName":"xstream_class_17.java","startLocation":1859,"endLocation":1863,"lineNumber":66,"column":86,"message":"Class is a raw type. References to generic type Class<T> should be parameterized","problemId":16777788,"problemSeverity":"WARNING"}],"originalContent":"package xstream;\n//ID=2045290\n\npublic final class xstream_class_17 {\n    public static void main(String[] args) {\n        XStream xstream = new XStream();\n        xstream.autodetectAnnotations(true);\n        xstream.registerConverter(new PositionConverter());\n\n        final Position position = new Position();\n        position.setTitle(\"The Title\");\n        position.setStartDate(\"The Start Date\");\n        position.setEndDate(\"The End Date\");\n\n        final String xml = xstream.toXML(position);\n        System.out.println(\"Generated XML:\");\n        System.out.println(xml);\n\n        final Position genPosition = (Position) xstream.fromXML(xml);\n        System.out.println(\"Generated Position:\");\n        System.out.println(\"\\tTitle: \" + genPosition.getTitle());\n        System.out.println(\"\\tStart Date: \" + genPosition.getStartDate());\n        System.out.println(\"\\tEnd Date: \" + genPosition.getEndDate());\n    }\n\n    @XStreamAlias(\"Position\")\n    private static class Position {\n        public String getEndDate() {\n            return endDate;\n        }\n\n        public void setEndDate(String endDate) {\n            this.endDate = endDate;\n        }\n\n        public String getStartDate() {\n            return startDate;\n        }\n\n        public void setStartDate(String startDate) {\n            this.startDate = startDate;\n        }\n\n        public String getTitle() {\n            return title;\n        }\n\n        public void setTitle(String title) {\n            this.title = title;\n        }\n\n        private String title;\n        private String startDate;\n        private String endDate;\n    }\n\n    private static class PositionConverter implements Converter {\n        public boolean canConvert(Class clazz) {\n            return Position.class == clazz;\n        }\n\n        public void marshal(Object value, HierarchicalStreamWriter writer, MarshallingContext context) {\n            Position position = (Position)value;\n            writer.startNode(\"PositionBorder\");\n\n            writer.startNode(\"Title\");\n            writer.setValue(position.getTitle());\n            writer.endNode();\n\n            writer.startNode(\"StartDate\");\n            writer.setValue(position.getStartDate());\n            writer.endNode();\n\n            writer.startNode(\"EndDate\");\n            writer.setValue(position.getEndDate());\n            writer.endNode();\n\n            writer.endNode();\n        }\n\n        public Object unmarshal(HierarchicalStreamReader reader, UnmarshallingContext context) {\n            Position position = new Position();\n            // move it to <PositionBorder> tag.\n            reader.moveDown();\n            // now move it to <Title> tag.\n            reader.moveDown();\n            String title = reader.getValue();\n            position.setTitle(title);\n            reader.moveUp(); // moves back to <PositionBorder>\n\n            reader.moveDown(); // should move down to <StartDate> tag\n            String startDate = reader.getValue();\n            position.setStartDate(startDate);\n            reader.moveUp(); // move back to <PositionBorder>\n\n            reader.moveDown(); // should move down to <EndDate> tag\n            String endDate = reader.getValue();\n            position.setEndDate(endDate);\n            reader.moveUp(); // move back to <PositionBorder>\n\n\n            return position;\n        }\n    }\n}","updatedContent":"package xstream;\n//ID=2045290\n\nimport com.thoughtworks.xstream.XStream;\nimport com.thoughtworks.xstream.io.HierarchicalStreamWriter;\nimport com.thoughtworks.xstream.converters.MarshallingContext;\nimport com.thoughtworks.xstream.annotations.XStreamAlias;\nimport com.thoughtworks.xstream.io.HierarchicalStreamReader;\nimport com.extjs.gxt.ui.client.binding.Converter;\nimport com.sun.xml.internal.bind.v2.runtime.unmarshaller.UnmarshallingContext;\n\npublic final class xstream_class_17 {\n\tpublic static void main(String[] args) {\n\t\tXStream xstream = new XStream();\n\t\txstream.autodetectAnnotations(true);\n\t\txstream.registerConverter(new PositionConverter());\n\n\t\tfinal Position position = new Position();\n\t\tposition.setTitle(\"The Title\");\n\t\tposition.setStartDate(\"The Start Date\");\n\t\tposition.setEndDate(\"The End Date\");\n\n\t\tfinal String xml = xstream.toXML(position);\n\t\tSystem.out.println(\"Generated XML:\");\n\t\tSystem.out.println(xml);\n\n\t\tfinal Position genPosition = (Position) xstream.fromXML(xml);\n\t\tSystem.out.println(\"Generated Position:\");\n\t\tSystem.out.println(\"\\tTitle: \" + genPosition.getTitle());\n\t\tSystem.out.println(\"\\tStart Date: \" + genPosition.getStartDate());\n\t\tSystem.out.println(\"\\tEnd Date: \" + genPosition.getEndDate());\n\t}\n\n\t@XStreamAlias(\"Position\")\n\tprivate static class Position {\n\t\tpublic String getEndDate() {\n\t\t\treturn endDate;\n\t\t}\n\n\t\tpublic void setEndDate(String endDate) {\n\t\t\tthis.endDate = endDate;\n\t\t}\n\n\t\tpublic String getStartDate() {\n\t\t\treturn startDate;\n\t\t}\n\n\t\tpublic void setStartDate(String startDate) {\n\t\t\tthis.startDate = startDate;\n\t\t}\n\n\t\tpublic String getTitle() {\n\t\t\treturn title;\n\t\t}\n\n\t\tpublic void setTitle(String title) {\n\t\t\tthis.title = title;\n\t\t}\n\n\t\tprivate String title;\n\t\tprivate String startDate;\n\t\tprivate String endDate;\n\t}\n\n\tprivate static class PositionConverter implements Converter {\n\t\tpublic boolean canConvert(Class clazz) {\n\t\t\treturn Position.class == clazz;\n\t\t}\n\n\t\tpublic void marshal(Object value, HierarchicalStreamWriter writer, MarshallingContext context) {\n\t\t\tPosition position = (Position) value;\n\t\t\twriter.startNode(\"PositionBorder\");\n\n\t\t\twriter.startNode(\"Title\");\n\t\t\twriter.setValue(position.getTitle());\n\t\t\twriter.endNode();\n\n\t\t\twriter.startNode(\"StartDate\");\n\t\t\twriter.setValue(position.getStartDate());\n\t\t\twriter.endNode();\n\n\t\t\twriter.startNode(\"EndDate\");\n\t\t\twriter.setValue(position.getEndDate());\n\t\t\twriter.endNode();\n\n\t\t\twriter.endNode();\n\t\t}\n\n\t\tpublic Object unmarshal(HierarchicalStreamReader reader, UnmarshallingContext context) {\n\t\t\tPosition position = new Position();\n\t\t\t// move it to <PositionBorder> tag.\n\t\t\treader.moveDown();\n\t\t\t// now move it to <Title> tag.\n\t\t\treader.moveDown();\n\t\t\tString title = reader.getValue();\n\t\t\tposition.setTitle(title);\n\t\t\treader.moveUp(); // moves back to <PositionBorder>\n\n\t\t\treader.moveDown(); // should move down to <StartDate> tag\n\t\t\tString startDate = reader.getValue();\n\t\t\tposition.setStartDate(startDate);\n\t\t\treader.moveUp(); // move back to <PositionBorder>\n\n\t\t\treader.moveDown(); // should move down to <EndDate> tag\n\t\t\tString endDate = reader.getValue();\n\t\t\tposition.setEndDate(endDate);\n\t\t\treader.moveUp(); // move back to <PositionBorder>\n\n\t\t\treturn position;\n\t\t}\n\t}\n}","usedLibraries":["openjdk:jdk:1.8.0","jar:gxt-2.2.1.jar:1","jar:com.thoughtworks.xstream.jar:1"]}