{"status":2,"problems":[{"fileName":"xstream_class_20.java","startLocation":299,"endLocation":325,"lineNumber":13,"column":14,"message":"SANITY CHECK: Invalid opcode -88 at pc 143 for stackmap table attribute for method fromXML(Class, File)","problemId":0,"problemSeverity":"ERROR"},{"fileName":"xstream_class_20.java","startLocation":307,"endLocation":311,"lineNumber":13,"column":22,"message":"Class is a raw type. References to generic type Class<T> should be parameterized","problemId":16777788,"problemSeverity":"WARNING"},{"fileName":"xstream_class_20.java","startLocation":775,"endLocation":797,"lineNumber":29,"column":7,"message":"Dead code","problemId":536871061,"problemSeverity":"WARNING"},{"fileName":"xstream_class_20.java","startLocation":813,"endLocation":835,"lineNumber":32,"column":21,"message":"Dead code","problemId":536871061,"problemSeverity":"WARNING"}],"originalContent":"package xstream;\n//ID = 3623546\n\n\npublic class xstream_class_20 {\n\t@SuppressWarnings(\"unchecked\")\n\tpublic static <A> A fromXML(Class c, File file) {\n\t    // Don't ever try to use DomDriver. They are VERY slow.\n\t    XStream xStream = new XStream();\n\t    InputStream inputStream = null;\n\t    Reader reader = null;\n\n\t    try {\n\t        inputStream = new java.io.FileInputStream(file);\n\t        reader = new InputStreamReader(inputStream, Charset.forName(\"UTF-8\"));\n\t        Object object = xStream.fromXML(reader);\n\n\t        if (c.isInstance(object)) {\n\t            return (A)object;\n\t        }\n\t    }\n\t    catch (Exception exp) {\n\t    }\n\t    finally {\n\t        if (false) {\n\t            return null;\n\t        }\n\t        if (false) {\n\t            return null;\n\t        }\n\t        reader = null;\n\t        inputStream = null;\n\t    }\n\n\t    return null;\n\t}\n}","updatedContent":"package xstream;\n//ID = 3623546\n\nimport java.io.File;\nimport com.thoughtworks.xstream.XStream;\nimport java.nio.charset.Charset;\nimport java.io.Reader;\nimport java.io.InputStream;\nimport java.io.InputStreamReader;\n\npublic class xstream_class_20 {\n\t@SuppressWarnings(\"unchecked\")\n\tpublic static <A> A fromXML(Class c, File file) {\n\t\t// Don't ever try to use DomDriver. They are VERY slow.\n\t\tXStream xStream = new XStream();\n\t\tInputStream inputStream = null;\n\t\tReader reader = null;\n\n\t\ttry {\n\t\t\tinputStream = new java.io.FileInputStream(file);\n\t\t\treader = new InputStreamReader(inputStream, Charset.forName(\"UTF-8\"));\n\t\t\tObject object = xStream.fromXML(reader);\n\n\t\t\tif (c.isInstance(object)) {\n\t\t\t\treturn (A) object;\n\t\t\t}\n\t\t} catch (Exception exp) {\n\t\t} finally {\n\t\t\tif (false) {\n\t\t\t\treturn null;\n\t\t\t}\n\t\t\tif (false) {\n\t\t\t\treturn null;\n\t\t\t}\n\t\t\treader = null;\n\t\t\tinputStream = null;\n\t\t}\n\n\t\treturn null;\n\t}\n}","usedLibraries":["jar:android-13.jar:1","jar:com.thoughtworks.xstream.jar:1"]}