{"status":2,"problems":[{"fileName":"xstream_class_7.java","startLocation":188,"endLocation":192,"lineNumber":9,"column":49,"message":"The value of the field xstream_class_7.value is not used","problemId":570425421,"problemSeverity":"WARNING"}],"originalContent":"package xstream;\n//ID = 6810856\npublic class xstream_class_7 {\n    @XStreamAsAttribute\n    private String type;\n    private String value;\n\n    public xstream_class_7(String type, String value) {\n        this.type = type;\n        this.value = value;\n    }\n    // getters omitted \n}","updatedContent":"package xstream;\n\nimport com.thoughtworks.xstream.annotations.XStreamAsAttribute;\n\n//ID = 6810856\npublic class xstream_class_7 {\n\t@XStreamAsAttribute\n\tprivate String type;\n\tprivate String value;\n\n\tpublic xstream_class_7(String type, String value) {\n\t\tthis.type = type;\n\t\tthis.value = value;\n\t}\n\t// getters omitted \n}","usedLibraries":["jar:com.thoughtworks.xstream.jar:1"]}