{"status":2,"problems":[{"fileName":"xstream_class_25.java","startLocation":391,"endLocation":397,"lineNumber":11,"column":29,"message":"The attribute strings is undefined for the annotation type XStreamConverter","problemId":67109475,"problemSeverity":"ERROR"}],"originalContent":"package xstream;\n//12672541\n\npublic class xstream_class_25 {\n\tpublic static void main(String arg[]){\n\t\t@XStreamAlias(\"Object\")\n\t\t@XStreamConverter(value = ToAttributedValueConverter.class, strings = { \"value\" }) class ResponseObject {\n\n\t\t    @XStreamAlias(\"Type\")\n\t\t    private String type;\n\n\t\t    private String value;\n\n\t\t    public ResponseObject() {\n\t\t    }\n\n\t\t    public String getType() {\n\t\t        return type;\n\t\t    }\n\n\t\t    public String getValue() {\n\t\t        return value;\n\t\t    }\n\t\t}\n\t}\n}","updatedContent":"package xstream;\n//12672541\n\nimport com.thoughtworks.xstream.converters.extended.ToAttributedValueConverter;\nimport com.thoughtworks.xstream.annotations.XStreamConverter;\nimport com.thoughtworks.xstream.annotations.XStreamAlias;\n\npublic class xstream_class_25 {\n\tpublic static void main(String arg[]) {\n\t\t@XStreamAlias(\"Object\")\n\t\t@XStreamConverter(value = ToAttributedValueConverter.class, strings = { \"value\" })\n\t\tclass ResponseObject {\n\n\t\t\t@XStreamAlias(\"Type\")\n\t\t\tprivate String type;\n\n\t\t\tprivate String value;\n\n\t\t\tpublic ResponseObject() {\n\t\t\t}\n\n\t\t\tpublic String getType() {\n\t\t\t\treturn type;\n\t\t\t}\n\n\t\t\tpublic String getValue() {\n\t\t\t\treturn value;\n\t\t\t}\n\t\t}\n\t}\n}","usedLibraries":["jar:com.thoughtworks.xstream.jar:1"]}