{"status":2,"problems":[{"fileName":"xstream_class_21.java","startLocation":614,"endLocation":624,"lineNumber":15,"column":21,"message":"The type xstream_class_21.MyConverter must implement the inherited abstract method Converter.unmarshal(HierarchicalStreamReader, UnmarshallingContext)","problemId":67109264,"problemSeverity":"ERROR"},{"fileName":"xstream_class_21.java","startLocation":1136,"endLocation":1140,"lineNumber":35,"column":30,"message":"Class is a raw type. References to generic type Class<T> should be parameterized","problemId":16777788,"problemSeverity":"WARNING"},{"fileName":"xstream_class_21.java","startLocation":1310,"endLocation":1328,"lineNumber":41,"column":38,"message":"Type mismatch: cannot convert from element type Object to String","problemId":16777796,"problemSeverity":"ERROR"},{"fileName":"xstream_class_21.java","startLocation":1562,"endLocation":1628,"lineNumber":51,"column":-1,"message":"The method unmarshal(HierarchicalStreamReader, UnmarshallingContext) of type xstream_class_21.MyConverter must override or implement a supertype method","problemId":67109498,"problemSeverity":"ERROR"}],"originalContent":"package xstream;\n//ID=7608007\n\n\npublic class xstream_class_21 {\n\tstatic class MyConverter implements Converter {\n\n\t    private final Map<String, String> attributes;\n\n\t    private final Class<?> clazz;\n\n\t    private final Mapper mapper;\n\n\t    private final ReflectionProvider reflectionProvider;\n\n\t    public MyConverter(Mapper mapper,\n\t            ReflectionProvider reflectionProvider, Class<?> clazz,\n\t            Map<String, String> attributes) {\n\t        super();\n\t        this.mapper = mapper;\n\t        this.reflectionProvider = reflectionProvider;\n\t        this.attributes = attributes;\n\t        this.clazz = clazz;\n\t    }\n\n\t    @Override\n\t    public boolean canConvert(Class cls) {\n\t        return cls == clazz;\n\t    }\n\n\t    @Override\n\t    public void marshal(Object value, HierarchicalStreamWriter writer,\n\t            MarshallingContext context) {\n\t        for (String key : attributes.keySet()) {\n\t            writer.addAttribute(key, attributes.get(key));\n\t        }\n\n\t        Converter converter = new ReflectionConverter(mapper,\n\t                reflectionProvider);\n\t        Object p = null;\n\t\t\tcontext.convertAnother(p, converter);\n\t    }\n\n\t    @Override\n\t    public Object unmarshal(HierarchicalStreamReader arg0,\n\t            UnmarshallingContext arg1) {\n\t        // TODO Auto-generated method stub\n\t        return null;\n\t    }\n\n\t}\n}","updatedContent":"package xstream;\n//ID=7608007\n\nimport java.util.Map;\nimport com.thoughtworks.xstream.converters.Converter;\nimport com.thoughtworks.xstream.io.HierarchicalStreamWriter;\nimport com.thoughtworks.xstream.converters.MarshallingContext;\nimport com.thoughtworks.xstream.io.HierarchicalStreamReader;\nimport com.thoughtworks.xstream.mapper.Mapper;\nimport com.thoughtworks.xstream.converters.reflection.ReflectionProvider;\nimport com.sun.xml.internal.bind.v2.runtime.unmarshaller.UnmarshallingContext;\nimport com.thoughtworks.xstream.converters.reflection.ReflectionConverter;\n\npublic class xstream_class_21 {\n\tstatic class MyConverter implements Converter {\n\n\t\tprivate final Map<String, String> attributes;\n\n\t\tprivate final Class<?> clazz;\n\n\t\tprivate final Mapper mapper;\n\n\t\tprivate final ReflectionProvider reflectionProvider;\n\n\t\tpublic MyConverter(Mapper mapper, ReflectionProvider reflectionProvider, Class<?> clazz,\n\t\t\t\tMap<String, String> attributes) {\n\t\t\tsuper();\n\t\t\tthis.mapper = mapper;\n\t\t\tthis.reflectionProvider = reflectionProvider;\n\t\t\tthis.attributes = attributes;\n\t\t\tthis.clazz = clazz;\n\t\t}\n\n\t\t@Override\n\t\tpublic boolean canConvert(Class cls) {\n\t\t\treturn cls == clazz;\n\t\t}\n\n\t\t@Override\n\t\tpublic void marshal(Object value, HierarchicalStreamWriter writer, MarshallingContext context) {\n\t\t\tfor (String key : attributes.keySet()) {\n\t\t\t\twriter.addAttribute(key, attributes.get(key));\n\t\t\t}\n\n\t\t\tConverter converter = new ReflectionConverter(mapper, reflectionProvider);\n\t\t\tObject p = null;\n\t\t\tcontext.convertAnother(p, converter);\n\t\t}\n\n\t\t@Override\n\t\tpublic Object unmarshal(HierarchicalStreamReader arg0, UnmarshallingContext arg1) {\n\t\t\t// TODO Auto-generated method stub\n\t\t\treturn null;\n\t\t}\n\n\t}\n}","usedLibraries":["openjdk:jdk:1.8.0","jar:android-13.jar:1","jar:com.thoughtworks.xstream.jar:1"]}