{
  "java_file": "/home/theguy/Documents/research/snr-server/src/test/resources/snippets/so/xstream_class_14.java",
  "output_file": "StatType-Completion-output-json/xstream_class_14.java.json",
  "exit_code": 0,
  "stdout": "/home/theguy/Documents/research/snr-server/benchmark/snippet_log/xstream_class_14.java.stdout.5b1638389d074f39b6a1818ced99940b.txt",
  "stderr": "/home/theguy/Documents/research/snr-server/benchmark/snippet_log/xstream_class_14.java.stderr.5b1638389d074f39b6a1818ced99940b.txt",
  "run_time": 2405744173,
  "total_imports": [
    "com.thoughtworks.xstream.converters.basic.AbstractSingleValueConverter"
  ],
  "correct_imports": [
    "com.thoughtworks.xstream.converters.basic.AbstractSingleValueConverter"
  ]
}