{"status":2,"problems":[{"fileName":"xstream_class_27.java","startLocation":560,"endLocation":568,"lineNumber":14,"column":39,"message":"The type Converter cannot be a superinterface of ObjectContentConverter; a superinterface must be an interface","problemId":16777531,"problemSeverity":"ERROR"},{"fileName":"xstream_class_27.java","startLocation":702,"endLocation":784,"lineNumber":22,"column":22,"message":"The method marshal(Object, HierarchicalStreamWriter, MarshallingContext) of type xstream_class_27.ObjectContentConverter must override or implement a supertype method","problemId":67109498,"problemSeverity":"ERROR"},{"fileName":"xstream_class_27.java","startLocation":1004,"endLocation":1075,"lineNumber":29,"column":-1,"message":"The method unmarshal(HierarchicalStreamReader, UnmarshallingContext) of type xstream_class_27.ObjectContentConverter must override or implement a supertype method","problemId":67109498,"problemSeverity":"ERROR"},{"fileName":"xstream_class_27.java","startLocation":1207,"endLocation":1228,"lineNumber":34,"column":-1,"message":"The method canConvert(Class) of type xstream_class_27.ObjectContentConverter must override or implement a supertype method","problemId":67109498,"problemSeverity":"ERROR"},{"fileName":"xstream_class_27.java","startLocation":1218,"endLocation":1222,"lineNumber":34,"column":-1,"message":"Class is a raw type. References to generic type Class<T> should be parameterized","problemId":16777788,"problemSeverity":"WARNING"}],"originalContent":"package xstream;\n//Id=6825271\n\n\npublic class xstream_class_27 {\n\tprivate class ObjectContentConverter implements Converter {\n\t    XStream xStream;\n\n\t    private ObjectContentConverter(XStream xStream) {\n\t        this.xStream = xStream;\n\t    }\n\n\t    @Override\n\t    public void marshal(Object source, HierarchicalStreamWriter writer, MarshallingContext context) {\n\t        String className = WordUtils.uncapitalize(source.getClass().getSimpleName());\n\t        xStream.aliasField(className, Content.class, \"objectContent\");\n\t        xStream.marshal(source, writer);\n\t    }\n\n\t    @Override\n\t    public Object unmarshal(HierarchicalStreamReader reader, UnmarshallingContext context) {\n\t        return null;  //To change body of implemented methods use File | Settings | File Templates.\n\t    }\n\n\t    @Override\n\t    public boolean canConvert(Class type) {\n\t        return true;  //To change body of implemented methods use File | Settings | File Templates.\n\t    }\n\t}\n}","updatedContent":"package xstream;\n//Id=6825271\n\nimport javax.swing.text.AbstractDocument.Content;\nimport com.thoughtworks.xstream.XStream;\nimport com.thoughtworks.xstream.io.HierarchicalStreamWriter;\nimport com.thoughtworks.xstream.converters.MarshallingContext;\nimport com.thoughtworks.xstream.io.HierarchicalStreamReader;\nimport com.extjs.gxt.ui.client.binding.Converter;\nimport org.apache.commons.lang.WordUtils;\nimport com.sun.xml.internal.bind.v2.runtime.unmarshaller.UnmarshallingContext;\n\npublic class xstream_class_27 {\n\tprivate class ObjectContentConverter implements Converter {\n\t\tXStream xStream;\n\n\t\tprivate ObjectContentConverter(XStream xStream) {\n\t\t\tthis.xStream = xStream;\n\t\t}\n\n\t\t@Override\n\t\tpublic void marshal(Object source, HierarchicalStreamWriter writer, MarshallingContext context) {\n\t\t\tString className = WordUtils.uncapitalize(source.getClass().getSimpleName());\n\t\t\txStream.aliasField(className, Content.class, \"objectContent\");\n\t\t\txStream.marshal(source, writer);\n\t\t}\n\n\t\t@Override\n\t\tpublic Object unmarshal(HierarchicalStreamReader reader, UnmarshallingContext context) {\n\t\t\treturn null; //To change body of implemented methods use File | Settings | File Templates.\n\t\t}\n\n\t\t@Override\n\t\tpublic boolean canConvert(Class type) {\n\t\t\treturn true; //To change body of implemented methods use File | Settings | File Templates.\n\t\t}\n\t}\n}","usedLibraries":["openjdk:jdk:1.8.0","jar:gxt-2.2.1.jar:1","jar:commons-lang-2.6.jar:1","jar:com.thoughtworks.xstream.jar:1"]}