{"status":2,"problems":[{"fileName":"xstream_class_3.java","startLocation":522,"endLocation":525,"lineNumber":19,"column":26,"message":"List is a raw type. References to generic type List<E> should be parameterized","problemId":16777788,"problemSeverity":"WARNING"},{"fileName":"xstream_class_3.java","startLocation":557,"endLocation":575,"lineNumber":20,"column":31,"message":"Type safety: The method add(Object) belongs to the raw type List. References to generic type List<E> should be parameterized","problemId":16777747,"problemSeverity":"WARNING"},{"fileName":"xstream_class_3.java","startLocation":580,"endLocation":598,"lineNumber":21,"column":0,"message":"Type safety: The method add(Object) belongs to the raw type List. References to generic type List<E> should be parameterized","problemId":16777747,"problemSeverity":"WARNING"},{"fileName":"xstream_class_3.java","startLocation":603,"endLocation":621,"lineNumber":22,"column":23,"message":"Type safety: The method add(Object) belongs to the raw type List. References to generic type List<E> should be parameterized","problemId":16777747,"problemSeverity":"WARNING"},{"fileName":"xstream_class_3.java","startLocation":791,"endLocation":794,"lineNumber":28,"column":1,"message":"List is a raw type. References to generic type List<E> should be parameterized","problemId":16777788,"problemSeverity":"WARNING"},{"fileName":"xstream_class_3.java","startLocation":831,"endLocation":834,"lineNumber":28,"column":41,"message":"List is a raw type. References to generic type List<E> should be parameterized","problemId":16777788,"problemSeverity":"WARNING"},{"fileName":"xstream_class_3.java","startLocation":1336,"endLocation":1339,"lineNumber":38,"column":38,"message":"List is a raw type. References to generic type List<E> should be parameterized","problemId":16777788,"problemSeverity":"WARNING"},{"fileName":"xstream_class_3.java","startLocation":1365,"endLocation":1368,"lineNumber":38,"column":18,"message":"List is a raw type. References to generic type List<E> should be parameterized","problemId":16777788,"problemSeverity":"WARNING"}],"originalContent":"package xstream;\n//ID = 836805\n\n\npublic class xstream_class_3 {\n\n\n    public static void main(String[] args) {\n        JettisonMappedXmlDriver xmlDriver = new JettisonMappedXmlDriver();        \n        XStream xstream = new XStream(xmlDriver);\n\n        MockMessage mock1 = new MockMessage();\n        MockMessage mock2 = new MockMessage();\n        MockMessageOther mock3 = new MockMessageOther();\n\n        List messages = new ArrayList();\n        messages.add(mock1);\n        messages.add(mock2);\n        messages.add(mock3);\n\n        String jsonString = xstream.toXML(messages);\n\n        //JSON list format is non-intuitive single element array with class name fields\n        System.out.println(jsonString);\n        List xstreamJSONUnmarshalledMessages = (List)xstream.fromXML(jsonString);\n        //This will print 3 messages unmarshalled\n        System.out.println(\"XStream format JSON Number of messages unmarshalled: \" + xstreamJSONUnmarshalledMessages.size());\n\n        //Attempt to deserialize a reasonable looking JSON string\n        String jsonTest = \n              \"{\"+\n                \"\\\"list\\\" : [\"+ \n                          \"{\"+\n                          \"\\\"MockMessage\\\" : {\"+\n                              \"\\\"val\\\" : 1\"+\n                          \"}\"+\n                      \"}, {\"+\n                          \"\\\"MockMessage\\\" : {\"+\n                              \"\\\"val\\\" : 1\"+\n                          \"}\"+\n                      \"}, {\"+\n                          \"\\\"MockMessageOther\\\" : {\"+\n                              \"\\\"otherVal\\\" : 1\"+\n                          \"}\"+\n                      \"} ]\"+\n                  \"};\";\n\n        List unmarshalledMessages = (List)xstream.fromXML(jsonTest);\n\n        //We expect 3 messages but XStream only deserializes one\n        System.out.println(\"Normal format JSON Number of messages unmarshalled: \" + unmarshalledMessages.size());\n    }\n\n\tpublic static class MockMessage {\n\t\tint val = 1;\n\t}\n\n\tpublic static class MockMessageOther {\n\t\tint otherVal = 1;\n\t}\n    \n}","updatedContent":"package xstream;\n//ID = 836805\n\nimport java.util.List;\nimport com.thoughtworks.xstream.XStream;\nimport flex.messaging.io.ArrayList;\nimport com.thoughtworks.xstream.io.json.JettisonMappedXmlDriver;\n\npublic class xstream_class_3 {\n\n\tpublic static void main(String[] args) {\n\t\tJettisonMappedXmlDriver xmlDriver = new JettisonMappedXmlDriver();\n\t\tXStream xstream = new XStream(xmlDriver);\n\n\t\tMockMessage mock1 = new MockMessage();\n\t\tMockMessage mock2 = new MockMessage();\n\t\tMockMessageOther mock3 = new MockMessageOther();\n\n\t\tList messages = new ArrayList();\n\t\tmessages.add(mock1);\n\t\tmessages.add(mock2);\n\t\tmessages.add(mock3);\n\n\t\tString jsonString = xstream.toXML(messages);\n\n\t\t//JSON list format is non-intuitive single element array with class name fields\n\t\tSystem.out.println(jsonString);\n\t\tList xstreamJSONUnmarshalledMessages = (List) xstream.fromXML(jsonString);\n\t\t//This will print 3 messages unmarshalled\n\t\tSystem.out.println(\n\t\t\t\t\"XStream format JSON Number of messages unmarshalled: \" + xstreamJSONUnmarshalledMessages.size());\n\n\t\t//Attempt to deserialize a reasonable looking JSON string\n\t\tString jsonTest = \"{\" + \"\\\"list\\\" : [\" + \"{\" + \"\\\"MockMessage\\\" : {\" + \"\\\"val\\\" : 1\" + \"}\" + \"}, {\"\n\t\t\t\t+ \"\\\"MockMessage\\\" : {\" + \"\\\"val\\\" : 1\" + \"}\" + \"}, {\" + \"\\\"MockMessageOther\\\" : {\" + \"\\\"otherVal\\\" : 1\"\n\t\t\t\t+ \"}\" + \"} ]\" + \"};\";\n\n\t\tList unmarshalledMessages = (List) xstream.fromXML(jsonTest);\n\n\t\t//We expect 3 messages but XStream only deserializes one\n\t\tSystem.out.println(\"Normal format JSON Number of messages unmarshalled: \" + unmarshalledMessages.size());\n\t}\n\n\tpublic static class MockMessage {\n\t\tint val = 1;\n\t}\n\n\tpublic static class MockMessageOther {\n\t\tint otherVal = 1;\n\t}\n\n}","usedLibraries":["jar:android-13.jar:1","jar:flex-messaging-core-3.2.0.jar:1","jar:com.thoughtworks.xstream.jar:1"]}