{"status":2,"problems":[{"fileName":"xstream_class_8.java","startLocation":1754,"endLocation":1761,"lineNumber":53,"column":37,"message":"The value of the local variable xstreams is not used","problemId":536870973,"problemSeverity":"WARNING"},{"fileName":"xstream_class_8.java","startLocation":1806,"endLocation":1809,"lineNumber":54,"column":28,"message":"The value of the local variable text is not used","problemId":536870973,"problemSeverity":"WARNING"}],"originalContent":"package xstream;\n//ID = 8604244\n\n\n\npublic class xstream_class_8 extends Activity {\n\n\nprivate String METHOD_NAME = \"getName\"; // our webservice method name\nprivate String NAMESPACE = \"http://webservice.app\"; // Here package\n                                                            // name in\n                                                            // webservice\n                                                            // with reverse\n                                                            // order.\nprivate String SOAP_ACTION = \"http://webservice.app/getName\"; // NAMESPACE\n                                                                    // +\n                                                                    // method\npublic TextView t; // name\n\nprivate static String URL = \"http://ip/WS/services/Service?wsdl\";\n\n/** Called when the activity is first created. */\n@Override\npublic void onCreate(Bundle savedInstanceState) {\n    super.onCreate(savedInstanceState);\n\n    // Initialize soap request + add parameters\n    SoapObject request = new SoapObject(NAMESPACE, METHOD_NAME);\n    request.addProperty(\"user\", \"user\");\n    request.addProperty(\"passwort\", \"passwort\");\n\n    SoapSerializationEnvelope envelope = new SoapSerializationEnvelope(\n            SoapEnvelope.VER11);\n    envelope.setOutputSoapObject(request);\n\n    // Make the soap call.\n    HttpTransportSE androidHttpTransport = new HttpTransportSE(URL);\n    // this is the actual part that will call the webservice\n    try {\n        androidHttpTransport.call(SOAP_ACTION, envelope);\n        SoapObject result=(SoapObject)envelope.bodyIn;\n\n        //SoapObject result = (SoapObject) envelope.response();\n\n\n        if (result != null) {\n\n            XStream xstreams = new XStream(new DomDriver());\n            String text = result.getProperty(0).toString();       \n        }\n    } catch (Exception e) {\n        // TODO Auto-generated catch block\n        t.setText(\"FEHLER\");\n\n    }\n\n\n  }\n\n\n}","updatedContent":"package xstream;\n//ID = 8604244\n\nimport android.widget.TextView;\nimport android.os.Bundle;\nimport com.thoughtworks.xstream.XStream;\nimport org.ksoap2.SoapEnvelope;\nimport org.ksoap2.serialization.SoapSerializationEnvelope;\nimport com.thoughtworks.xstream.io.xml.DomDriver;\nimport android.app.Activity;\nimport org.ksoap2.serialization.SoapObject;\nimport org.ksoap2.transport.HttpTransportSE;\n\npublic class xstream_class_8 extends Activity {\n\n\tprivate String METHOD_NAME = \"getName\"; // our webservice method name\n\tprivate String NAMESPACE = \"http://webservice.app\"; // Here package\n\t\t\t\t\t\t\t\t\t\t\t\t\t\t// name in\n\t\t\t\t\t\t\t\t\t\t\t\t\t\t// webservice\n\t\t\t\t\t\t\t\t\t\t\t\t\t\t// with reverse\n\t\t\t\t\t\t\t\t\t\t\t\t\t\t// order.\n\tprivate String SOAP_ACTION = \"http://webservice.app/getName\"; // NAMESPACE\n\t\t\t\t\t\t\t\t\t\t\t\t\t\t\t\t\t// +\n\t\t\t\t\t\t\t\t\t\t\t\t\t\t\t\t\t// method\n\tpublic TextView t; // name\n\n\tprivate static String URL = \"http://ip/WS/services/Service?wsdl\";\n\n\t/** Called when the activity is first created. */\n\t@Override\n\tpublic void onCreate(Bundle savedInstanceState) {\n\t\tsuper.onCreate(savedInstanceState);\n\n\t\t// Initialize soap request + add parameters\n\t\tSoapObject request = new SoapObject(NAMESPACE, METHOD_NAME);\n\t\trequest.addProperty(\"user\", \"user\");\n\t\trequest.addProperty(\"passwort\", \"passwort\");\n\n\t\tSoapSerializationEnvelope envelope = new SoapSerializationEnvelope(SoapEnvelope.VER11);\n\t\tenvelope.setOutputSoapObject(request);\n\n\t\t// Make the soap call.\n\t\tHttpTransportSE androidHttpTransport = new HttpTransportSE(URL);\n\t\t// this is the actual part that will call the webservice\n\t\ttry {\n\t\t\tandroidHttpTransport.call(SOAP_ACTION, envelope);\n\t\t\tSoapObject result = (SoapObject) envelope.bodyIn;\n\n\t\t\t//SoapObject result = (SoapObject) envelope.response();\n\n\t\t\tif (result != null) {\n\n\t\t\t\tXStream xstreams = new XStream(new DomDriver());\n\t\t\t\tString text = result.getProperty(0).toString();\n\t\t\t}\n\t\t} catch (Exception e) {\n\t\t\t// TODO Auto-generated catch block\n\t\t\tt.setText(\"FEHLER\");\n\n\t\t}\n\n\t}\n\n}","usedLibraries":["jar:android-13.jar:1","jar:ksoap2-android-2.5.2.jar:1","jar:com.thoughtworks.xstream.jar:1"]}