{"status":2,"problems":[{"fileName":"xstream_class_42.java","startLocation":300,"endLocation":317,"lineNumber":11,"column":6,"message":"The value of the field xstream_class_42.AddressServiceConfig.pathToCodeposFiles is not used","problemId":570425421,"problemSeverity":"WARNING"},{"fileName":"xstream_class_42.java","startLocation":466,"endLocation":475,"lineNumber":18,"column":23,"message":"The value of the field xstream_class_42.Region.regionName is not used","problemId":570425421,"problemSeverity":"WARNING"},{"fileName":"xstream_class_42.java","startLocation":631,"endLocation":634,"lineNumber":25,"column":-1,"message":"The value of the field xstream_class_42.Province.code is not used","problemId":570425421,"problemSeverity":"WARNING"},{"fileName":"xstream_class_42.java","startLocation":655,"endLocation":658,"lineNumber":27,"column":-1,"message":"The value of the field xstream_class_42.Province.name is not used","problemId":570425421,"problemSeverity":"WARNING"}],"originalContent":"package xstream;\n//ID=30288175\n\n\npublic class xstream_class_42 {\n\t@XStreamAlias(\"addressServiceConfig\")\n\tpublic class AddressServiceConfig\n\t{\n\t    private String pathToCodeposFiles;\n\t    @XStreamImplicit(itemFieldName = \"region\")\n\t    private List<Region> regions;\n\t}\n\n\t@XStreamAlias(\"region\")\n\tpublic class Region\n\t{\n\t    private String regionName;\n\t    @XStreamImplicit(itemFieldName = \"province\")\n\t    private List<Province> provinces;\n\t}\n\n\t@XStreamAlias(\"province\")\n\tpublic class Province\n\t{\n\t    private int code;\n\n\t    private String name;\n\t}\n}","updatedContent":"package xstream;\n//ID=30288175\n\nimport com.thoughtworks.xstream.annotations.XStreamImplicit;\nimport java.util.List;\nimport com.thoughtworks.xstream.annotations.XStreamAlias;\n\npublic class xstream_class_42 {\n\t@XStreamAlias(\"addressServiceConfig\")\n\tpublic class AddressServiceConfig {\n\t\tprivate String pathToCodeposFiles;\n\t\t@XStreamImplicit(itemFieldName = \"region\")\n\t\tprivate List<Region> regions;\n\t}\n\n\t@XStreamAlias(\"region\")\n\tpublic class Region {\n\t\tprivate String regionName;\n\t\t@XStreamImplicit(itemFieldName = \"province\")\n\t\tprivate List<Province> provinces;\n\t}\n\n\t@XStreamAlias(\"province\")\n\tpublic class Province {\n\t\tprivate int code;\n\n\t\tprivate String name;\n\t}\n}","usedLibraries":["jar:android-13.jar:1","jar:com.thoughtworks.xstream.jar:1"]}