{
  "java_file": "/home/theguy/Documents/research/snr-server/src/test/resources/snippets/so/xstream_class_8.java",
  "output_file": "StatType-Completion-output-json/xstream_class_8.java.json",
  "exit_code": 0,
  "stdout": "/home/theguy/Documents/research/snr-server/benchmark/snippet_log/xstream_class_8.java.stdout.c0ed460ea97f41878d44301182a5fd47.txt",
  "stderr": "/home/theguy/Documents/research/snr-server/benchmark/snippet_log/xstream_class_8.java.stderr.c0ed460ea97f41878d44301182a5fd47.txt",
  "run_time": 8544113898,
  "total_imports": [
    "org.ksoap2.SoapEnvelope",
    "org.ksoap2.serialization.SoapObject",
    "org.ksoap2.serialization.SoapSerializationEnvelope",
    "org.ksoap2.transport.HttpTransportSE",
    "android.app.Activity",
    "android.os.Bundle",
    "android.widget.TextView",
    "com.thoughtworks.xstream.XStream",
    "com.thoughtworks.xstream.io.xml.DomDriver"
  ],
  "correct_imports": [
    "android.widget.TextView",
    "android.os.Bundle",
    "com.thoughtworks.xstream.XStream",
    "org.ksoap2.SoapEnvelope",
    "org.ksoap2.serialization.SoapSerializationEnvelope",
    "com.thoughtworks.xstream.io.xml.DomDriver",
    "android.app.Activity",
    "org.ksoap2.serialization.SoapObject",
    "org.ksoap2.transport.HttpTransportSE"
  ]
}