{
  "java_file": "/home/theguy/Documents/research/snr-server/src/test/resources/snippets/so/xstream_class_15.java",
  "output_file": "StatType-Completion-output-json/xstream_class_15.java.json",
  "exit_code": 0,
  "stdout": "/home/theguy/Documents/research/snr-server/benchmark/snippet_log/xstream_class_15.java.stdout.70ea345cc6a54e4f836a946bfcc40261.txt",
  "stderr": "/home/theguy/Documents/research/snr-server/benchmark/snippet_log/xstream_class_15.java.stderr.70ea345cc6a54e4f836a946bfcc40261.txt",
  "run_time": 10993123738,
  "total_imports": [
    "java.util.HashSet",
    "com.thoughtworks.xstream.XStream",
    "com.thoughtworks.xstream.converters.MarshallingContext",
    "com.thoughtworks.xstream.converters.collections.CollectionConverter",
    "com.thoughtworks.xstream.io.HierarchicalStreamWriter"
  ],
  "correct_imports": [
    "com.thoughtworks.xstream.XStream",
    "com.thoughtworks.xstream.io.HierarchicalStreamWriter",
    "com.thoughtworks.xstream.converters.MarshallingContext",
    "com.thoughtworks.xstream.converters.collections.CollectionConverter"
  ]
}