{"status":2,"problems":[{"fileName":"xstream_class_44.java","startLocation":863,"endLocation":873,"lineNumber":33,"column":15,"message":"Null pointer access: The variable orderRecord can only be null at this location","problemId":536871363,"problemSeverity":"WARNING"}],"originalContent":"package xstream;\n//http://xstream.10960.n7.nabble.com/java-lang-StackOverflowError-while-converting-an-object-to-XML-td5107.html\n\n\npublic class xstream_class_44 { \n\tpublic static int COUNT = 0; \n\tpublic static int MAX_DEPTH = 800; \n\t/** \n\t * @param args \n\t * @throws FileNotFoundException \n\t */ \n\tpublic static void main(String[] args){ \n\t\ttry{ \n\t\t\tTestObject object = getNewTestObject(); \n\t\t\tFile persistFile = new File(\"C:\\\\ABC.xml\"); \n\t\t\tFileOutputStream outStream = new FileOutputStream(persistFile); \n\t\t\tXStream x = new XStream(); \n\t\t\tx.alias(\"testObject\", TestObject.class); \n\t\t\tx.toXML(object,outStream); \n\t\t\toutStream.close(); \n\t\t}catch(Throwable e){ \n\t\t\te.printStackTrace(); \n\t\t} \n\n\t} \n\tpublic static TestObject getNewTestObject(){ \n\t\tTestObject orderRecord = null; \n\t\torderRecord.setName(\"OBJECT_\"+COUNT); \n\t\twhile(COUNT++ < MAX_DEPTH){ \n\t\t\torderRecord.setParentObject(getNewTestObject()); \n\t\t} \n\t\treturn orderRecord; \n\t} \n\tpublic class TestObject{ \n\t\tprivate TestObject parentObject; \n\t\tprivate String name ; \n\t\t/** \n\t\t * @return the parentObject \n\t\t */ \n\t\tpublic TestObject getParentObject() { \n\t\t\treturn parentObject; \n\t\t} \n\t\t/** \n\t\t * @param parentObject the parentObject to set \n\t\t */ \n\t\tpublic void setParentObject(TestObject parentObject) { \n\t\t\tthis.parentObject = parentObject; \n\t\t} \n\t\t/** \n\t\t * @return the name \n\t\t */ \n\t\tpublic String getName() { \n\t\t\treturn name; \n\t\t} \n\t\t/** \n\t\t * @param name the name to set \n\t\t */ \n\t\tpublic void setName(String name) { \n\t\t\tthis.name = name; \n\t\t} \n\t} \n}","updatedContent":"package xstream;\n//http://xstream.10960.n7.nabble.com/java-lang-StackOverflowError-while-converting-an-object-to-XML-td5107.html\n\nimport java.io.File;\nimport com.thoughtworks.xstream.XStream;\nimport java.io.FileOutputStream;\n\npublic class xstream_class_44 {\n\tpublic static int COUNT = 0;\n\tpublic static int MAX_DEPTH = 800;\n\n\t/** \n\t * @param args \n\t * @throws FileNotFoundException \n\t */\n\tpublic static void main(String[] args) {\n\t\ttry {\n\t\t\tTestObject object = getNewTestObject();\n\t\t\tFile persistFile = new File(\"C:\\\\ABC.xml\");\n\t\t\tFileOutputStream outStream = new FileOutputStream(persistFile);\n\t\t\tXStream x = new XStream();\n\t\t\tx.alias(\"testObject\", TestObject.class);\n\t\t\tx.toXML(object, outStream);\n\t\t\toutStream.close();\n\t\t} catch (Throwable e) {\n\t\t\te.printStackTrace();\n\t\t}\n\n\t}\n\n\tpublic static TestObject getNewTestObject() {\n\t\tTestObject orderRecord = null;\n\t\torderRecord.setName(\"OBJECT_\" + COUNT);\n\t\twhile (COUNT++ < MAX_DEPTH) {\n\t\t\torderRecord.setParentObject(getNewTestObject());\n\t\t}\n\t\treturn orderRecord;\n\t}\n\n\tpublic class TestObject {\n\t\tprivate TestObject parentObject;\n\t\tprivate String name;\n\n\t\t/** \n\t\t * @return the parentObject \n\t\t */\n\t\tpublic TestObject getParentObject() {\n\t\t\treturn parentObject;\n\t\t}\n\n\t\t/** \n\t\t * @param parentObject the parentObject to set \n\t\t */\n\t\tpublic void setParentObject(TestObject parentObject) {\n\t\t\tthis.parentObject = parentObject;\n\t\t}\n\n\t\t/** \n\t\t * @return the name \n\t\t */\n\t\tpublic String getName() {\n\t\t\treturn name;\n\t\t}\n\n\t\t/** \n\t\t * @param name the name to set \n\t\t */\n\t\tpublic void setName(String name) {\n\t\t\tthis.name = name;\n\t\t}\n\t}\n}","usedLibraries":["jar:android-13.jar:1","jar:com.thoughtworks.xstream.jar:1"]}