{"status":2,"problems":[{"fileName":"xstream_class_2.java","startLocation":312,"endLocation":318,"lineNumber":12,"column":12,"message":"The value of the local variable xstream is not used","problemId":536870973,"problemSeverity":"WARNING"},{"fileName":"xstream_class_2.java","startLocation":424,"endLocation":425,"lineNumber":14,"column":-1,"message":"Resource leak: 'br' is never closed","problemId":536871799,"problemSeverity":"WARNING"}],"originalContent":"package xstream;\n//ID = 7491195\npublic class xstream_class_2 {\n\tpublic static  void main(String arg[]) throws IOException{\n\t\tXStream xstream = new XStream(new DomDriver()); \n\t\tFileReader fin = new FileReader(\"path_to_file.xml\"); \n\t\tBufferedReader br = new BufferedReader(fin); \n\n\t\tString str = null;\n\t\twhile(br.ready())\n\t\t{ \n\t\t  str += br.readLine() + \"\\n\"; \n\t\t} \n\n\t}\n}","updatedContent":"package xstream;\n\nimport com.thoughtworks.xstream.XStream;\nimport java.io.BufferedReader;\nimport com.thoughtworks.xstream.io.xml.DomDriver;\nimport java.io.FileReader;\nimport java.io.IOException;\n\n//ID = 7491195\npublic class xstream_class_2 {\n\tpublic static void main(String arg[]) throws IOException {\n\t\tXStream xstream = new XStream(new DomDriver());\n\t\tFileReader fin = new FileReader(\"path_to_file.xml\");\n\t\tBufferedReader br = new BufferedReader(fin);\n\n\t\tString str = null;\n\t\twhile (br.ready()) {\n\t\t\tstr += br.readLine() + \"\\n\";\n\t\t}\n\n\t}\n}","usedLibraries":["jar:android-13.jar:1","jar:com.thoughtworks.xstream.jar:1"]}