{
  "java_file": "/home/theguy/Documents/research/snr-server/src/test/resources/snippets/so/xstream_class_39.java",
  "output_file": "StatType-Completion-output-json/xstream_class_39.java.json",
  "exit_code": 0,
  "stdout": "/home/theguy/Documents/research/snr-server/benchmark/snippet_log/xstream_class_39.java.stdout.e091f896bcb34fc5993eb54f24c96f85.txt",
  "stderr": "/home/theguy/Documents/research/snr-server/benchmark/snippet_log/xstream_class_39.java.stderr.e091f896bcb34fc5993eb54f24c96f85.txt",
  "run_time": 9358318636,
  "total_imports": [
    "java.io.Writer",
    "com.thoughtworks.xstream.XStream",
    "com.thoughtworks.xstream.core.util.QuickWriter",
    "com.thoughtworks.xstream.io.HierarchicalStreamWriter",
    "com.thoughtworks.xstream.io.xml.PrettyPrintWriter",
    "com.thoughtworks.xstream.io.xml.XppDriver"
  ],
  "correct_imports": [
    "com.thoughtworks.xstream.io.xml.PrettyPrintWriter",
    "com.thoughtworks.xstream.XStream",
    "com.thoughtworks.xstream.io.xml.XppDriver",
    "com.thoughtworks.xstream.io.HierarchicalStreamWriter",
    "java.io.Writer",
    "com.thoughtworks.xstream.core.util.QuickWriter"
  ]
}