{
  "java_file": "/home/theguy/Documents/research/snr-server/src/test/resources/snippets/so/xstream_class_30.java",
  "output_file": "StatType-Completion-output-json/xstream_class_30.java.json",
  "exit_code": 0,
  "stdout": "/home/theguy/Documents/research/snr-server/benchmark/snippet_log/xstream_class_30.java.stdout.fe40c21357b24292b65be080911c3192.txt",
  "stderr": "/home/theguy/Documents/research/snr-server/benchmark/snippet_log/xstream_class_30.java.stderr.fe40c21357b24292b65be080911c3192.txt",
  "run_time": 6191252966,
  "total_imports": [
    "com.thoughtworks.xstream.converters.Converter",
    "com.thoughtworks.xstream.converters.MarshallingContext",
    "com.thoughtworks.xstream.converters.UnmarshallingContext",
    "com.thoughtworks.xstream.io.HierarchicalStreamReader",
    "com.thoughtworks.xstream.io.HierarchicalStreamWriter"
  ],
  "correct_imports": [
    "com.thoughtworks.xstream.io.HierarchicalStreamWriter",
    "com.thoughtworks.xstream.converters.MarshallingContext",
    "com.thoughtworks.xstream.io.HierarchicalStreamReader"
  ]
}