{"status":2,"problems":[{"fileName":"xstream_class_1.java","startLocation":374,"endLocation":382,"lineNumber":10,"column":3,"message":"The type Converter cannot be a superinterface of xstream_class_1; a superinterface must be an interface","problemId":16777531,"problemSeverity":"ERROR"},{"fileName":"xstream_class_1.java","startLocation":412,"endLocation":483,"lineNumber":12,"column":41,"message":"The method unmarshal(HierarchicalStreamReader, UnmarshallingContext) of type xstream_class_1 must override or implement a supertype method","problemId":67109498,"problemSeverity":"ERROR"},{"fileName":"xstream_class_1.java","startLocation":886,"endLocation":907,"lineNumber":30,"column":9,"message":"The method canConvert(Class) of type xstream_class_1 must override or implement a supertype method","problemId":67109498,"problemSeverity":"ERROR"},{"fileName":"xstream_class_1.java","startLocation":897,"endLocation":901,"lineNumber":30,"column":20,"message":"Class is a raw type. References to generic type Class<T> should be parameterized","problemId":16777788,"problemSeverity":"WARNING"},{"fileName":"xstream_class_1.java","startLocation":992,"endLocation":1067,"lineNumber":36,"column":-1,"message":"The method marshal(Object, HierarchicalStreamWriter, MarshallingContext) of type xstream_class_1 must override or implement a supertype method","problemId":67109498,"problemSeverity":"ERROR"}],"originalContent":"package xstream;\n//ID = 6107965\n\npublic class xstream_class_1 implements Converter {\n\t@Override\n\tpublic Object unmarshal(HierarchicalStreamReader reader,UnmarshallingContext context) {\n\n\t    while (reader.hasMoreChildren()) {\n\t        reader.moveDown();\n\t        String a;\n\t\t\tif(reader.getNodeName().equals(\"a\"))\n\t        {\n\t            a = reader.getValue();\n\t        }\n\t        else if (reader.getNodeName().equals(\"b\")) \n\t        {\n\t            Object b = (Object) context.convertAnother(reader, Object.class);\n\t        } \n\t        else if(reader.getNodeName().equals(\"c\"))\n\t        {\n\t            a = reader.getValue();\n\t        }\n\n\t    }\n\t\treturn context;\n\t}\n\n\t@Override\n\tpublic boolean canConvert(Class arg0) {\n\t\t// TODO Auto-generated method stub\n\t\treturn false;\n\t}\n\n\t@Override\n\tpublic void marshal(Object arg0, HierarchicalStreamWriter arg1, MarshallingContext arg2) {\n\t\t// TODO Auto-generated method stub\n\t\t\n\t}\n}","updatedContent":"package xstream;\n//ID = 6107965\n\nimport com.thoughtworks.xstream.converters.UnmarshallingContext;\nimport com.thoughtworks.xstream.io.HierarchicalStreamWriter;\nimport com.thoughtworks.xstream.converters.MarshallingContext;\nimport com.thoughtworks.xstream.io.HierarchicalStreamReader;\nimport com.extjs.gxt.ui.client.binding.Converter;\n\npublic class xstream_class_1 implements Converter {\n\t@Override\n\tpublic Object unmarshal(HierarchicalStreamReader reader, UnmarshallingContext context) {\n\n\t\twhile (reader.hasMoreChildren()) {\n\t\t\treader.moveDown();\n\t\t\tString a;\n\t\t\tif (reader.getNodeName().equals(\"a\")) {\n\t\t\t\ta = reader.getValue();\n\t\t\t} else if (reader.getNodeName().equals(\"b\")) {\n\t\t\t\tObject b = (Object) context.convertAnother(reader, Object.class);\n\t\t\t} else if (reader.getNodeName().equals(\"c\")) {\n\t\t\t\ta = reader.getValue();\n\t\t\t}\n\n\t\t}\n\t\treturn context;\n\t}\n\n\t@Override\n\tpublic boolean canConvert(Class arg0) {\n\t\t// TODO Auto-generated method stub\n\t\treturn false;\n\t}\n\n\t@Override\n\tpublic void marshal(Object arg0, HierarchicalStreamWriter arg1, MarshallingContext arg2) {\n\t\t// TODO Auto-generated method stub\n\n\t}\n}","usedLibraries":["jar:gxt-2.2.1.jar:1","jar:com.thoughtworks.xstream.jar:1"]}