{
  "java_file": "/home/theguy/Documents/research/snr-server/src/test/resources/snippets/so/xstream_class_31.java",
  "output_file": "StatType-Completion-output-json/xstream_class_31.java.json",
  "exit_code": 0,
  "stdout": "/home/theguy/Documents/research/snr-server/benchmark/snippet_log/xstream_class_31.java.stdout.02b6d90a6c854119882bb830a54651bf.txt",
  "stderr": "/home/theguy/Documents/research/snr-server/benchmark/snippet_log/xstream_class_31.java.stderr.02b6d90a6c854119882bb830a54651bf.txt",
  "run_time": 5598018728,
  "total_imports": [
    "com.thoughtworks.xstream.XStream",
    "com.thoughtworks.xstream.annotations.XStreamAlias"
  ],
  "correct_imports": [
    "com.thoughtworks.xstream.XStream",
    "com.thoughtworks.xstream.annotations.XStreamAlias"
  ]
}