{"status":2,"problems":[{"fileName":"xstream_class_18.java","startLocation":499,"endLocation":507,"lineNumber":13,"column":21,"message":"The type Converter cannot be a superinterface of MapToAttributesConverter; a superinterface must be an interface","problemId":16777531,"problemSeverity":"ERROR"},{"fileName":"xstream_class_18.java","startLocation":584,"endLocation":605,"lineNumber":19,"column":40,"message":"The method canConvert(Class) of type xstream_class_18.MapToAttributesConverter must override or implement a supertype method","problemId":67109498,"problemSeverity":"ERROR"},{"fileName":"xstream_class_18.java","startLocation":595,"endLocation":599,"lineNumber":19,"column":51,"message":"Class is a raw type. References to generic type Class<T> should be parameterized","problemId":16777788,"problemSeverity":"WARNING"},{"fileName":"xstream_class_18.java","startLocation":684,"endLocation":766,"lineNumber":24,"column":27,"message":"The method marshal(Object, HierarchicalStreamWriter, MarshallingContext) of type xstream_class_18.MapToAttributesConverter must override or implement a supertype method","problemId":67109498,"problemSeverity":"ERROR"},{"fileName":"xstream_class_18.java","startLocation":799,"endLocation":826,"lineNumber":25,"column":48,"message":"Type safety: Unchecked cast from Object to Map<String,String>","problemId":16777761,"problemSeverity":"WARNING"},{"fileName":"xstream_class_18.java","startLocation":871,"endLocation":884,"lineNumber":26,"column":54,"message":"Type mismatch: cannot convert from element type Object to Map.Entry<String,String>","problemId":16777796,"problemSeverity":"ERROR"},{"fileName":"xstream_class_18.java","startLocation":997,"endLocation":1068,"lineNumber":32,"column":8,"message":"The method unmarshal(HierarchicalStreamReader, UnmarshallingContext) of type xstream_class_18.MapToAttributesConverter must override or implement a supertype method","problemId":67109498,"problemSeverity":"ERROR"}],"originalContent":"package xstream;\n//ID=23816525\n\n\npublic class xstream_class_18 {\n\tpublic class MapToAttributesConverter implements Converter {\n\n\t    public MapToAttributesConverter() {\n\t    }\n\n\t    @Override\n\t    public boolean canConvert(Class type) {\n\t        return Map.class.isAssignableFrom(type);\n\t    }\n\n\t    @Override\n\t    public void marshal(Object source, HierarchicalStreamWriter writer, MarshallingContext context) {\n\t        Map<String, String> map = (Map<String, String>) source;\n\t        for (Map.Entry<String, String> entry : map.entrySet()) {\n\t            writer.addAttribute(entry.getKey(), entry.getValue().toString());\n\t        }\n\t    }\n\n\t    @Override\n\t    public Object unmarshal(HierarchicalStreamReader reader, UnmarshallingContext context) {\n\t        Map<String, String> map = new HashMap<String, String>();\n\t        for (int i = 0; i < reader.getAttributeCount(); i++) {\n\t            String key = reader.getAttributeName(i);\n\t            String value = reader.getAttribute(key);\n\t            map.put(key, value);\n\t        }\n\t        return map;\n\t    }\n\t}\n}","updatedContent":"package xstream;\n//ID=23816525\n\nimport java.util.Map;\nimport com.thoughtworks.xstream.io.HierarchicalStreamWriter;\nimport com.thoughtworks.xstream.converters.MarshallingContext;\nimport com.thoughtworks.xstream.io.HierarchicalStreamReader;\nimport com.extjs.gxt.ui.client.binding.Converter;\nimport com.google.gwt.dev.util.collect.HashMap;\nimport com.sun.xml.internal.bind.v2.runtime.unmarshaller.UnmarshallingContext;\n\npublic class xstream_class_18 {\n\tpublic class MapToAttributesConverter implements Converter {\n\n\t\tpublic MapToAttributesConverter() {\n\t\t}\n\n\t\t@Override\n\t\tpublic boolean canConvert(Class type) {\n\t\t\treturn Map.class.isAssignableFrom(type);\n\t\t}\n\n\t\t@Override\n\t\tpublic void marshal(Object source, HierarchicalStreamWriter writer, MarshallingContext context) {\n\t\t\tMap<String, String> map = (Map<String, String>) source;\n\t\t\tfor (Map.Entry<String, String> entry : map.entrySet()) {\n\t\t\t\twriter.addAttribute(entry.getKey(), entry.getValue().toString());\n\t\t\t}\n\t\t}\n\n\t\t@Override\n\t\tpublic Object unmarshal(HierarchicalStreamReader reader, UnmarshallingContext context) {\n\t\t\tMap<String, String> map = new HashMap<String, String>();\n\t\t\tfor (int i = 0; i < reader.getAttributeCount(); i++) {\n\t\t\t\tString key = reader.getAttributeName(i);\n\t\t\t\tString value = reader.getAttribute(key);\n\t\t\t\tmap.put(key, value);\n\t\t\t}\n\t\t\treturn map;\n\t\t}\n\t}\n}","usedLibraries":["openjdk:jdk:1.8.0","jar:gwt-dev-2.9.0.jar:1","jar:android-13.jar:1","jar:gxt-2.2.1.jar:1","jar:com.thoughtworks.xstream.jar:1"]}