{
  "java_file": "/home/theguy/Documents/research/snr-server/src/test/resources/snippets/so/xstream_class_7.java",
  "output_file": "StatType-Completion-output-json/xstream_class_7.java.json",
  "exit_code": 0,
  "stdout": "/home/theguy/Documents/research/snr-server/benchmark/snippet_log/xstream_class_7.java.stdout.21d5bac9d00a4d91a2e7a8eea56aaf20.txt",
  "stderr": "/home/theguy/Documents/research/snr-server/benchmark/snippet_log/xstream_class_7.java.stderr.21d5bac9d00a4d91a2e7a8eea56aaf20.txt",
  "run_time": 2095557670,
  "total_imports": [
    "com.thoughtworks.xstream.annotations.XStreamAsAttribute"
  ],
  "correct_imports": [
    "com.thoughtworks.xstream.annotations.XStreamAsAttribute"
  ]
}