{
  "java_file": "/home/theguy/Documents/research/snr-server/src/test/resources/snippets/so/xstream_class_43.java",
  "output_file": "StatType-Completion-output-json/xstream_class_43.java.json",
  "exit_code": 0,
  "stdout": "/home/theguy/Documents/research/snr-server/benchmark/snippet_log/xstream_class_43.java.stdout.ead8574f063a46c88512ad2164a69df5.txt",
  "stderr": "/home/theguy/Documents/research/snr-server/benchmark/snippet_log/xstream_class_43.java.stderr.ead8574f063a46c88512ad2164a69df5.txt",
  "run_time": 15586951806,
  "total_imports": [
    "java.util.ArrayList",
    "java.util.List",
    "com.thoughtworks.xstream.XStream",
    "com.thoughtworks.xstream.io.xml.DomDriver"
  ],
  "correct_imports": [
    "java.util.List",
    "com.thoughtworks.xstream.XStream",
    "com.thoughtworks.xstream.io.xml.DomDriver",
    "java.util.ArrayList"
  ]
}