{"status":2,"problems":[{"fileName":"xstream_class_40.java","startLocation":390,"endLocation":398,"lineNumber":10,"column":21,"message":"The type Converter cannot be a superinterface of xstream_class_40; a superinterface must be an interface","problemId":16777531,"problemSeverity":"ERROR"},{"fileName":"xstream_class_40.java","startLocation":461,"endLocation":483,"lineNumber":14,"column":32,"message":"The method canConvert(Class) of type xstream_class_40 must override or implement a supertype method","problemId":67109498,"problemSeverity":"ERROR"},{"fileName":"xstream_class_40.java","startLocation":553,"endLocation":635,"lineNumber":19,"column":37,"message":"The method marshal(Object, HierarchicalStreamWriter, MarshallingContext) of type xstream_class_40 must override or implement a supertype method","problemId":67109498,"problemSeverity":"ERROR"},{"fileName":"xstream_class_40.java","startLocation":669,"endLocation":740,"lineNumber":23,"column":-1,"message":"The method unmarshal(HierarchicalStreamReader, UnmarshallingContext) of type xstream_class_40 must override or implement a supertype method","problemId":67109498,"problemSeverity":"ERROR"}],"originalContent":"package xstream;\n//ID = 39005622\n\n\npublic class xstream_class_40 implements Converter {\n\n   @SuppressWarnings(\"rawtypes\")\n   @Override\n   public boolean canConvert(Class clazz) {\n       return clazz.equals(Integer.class);\n   }\n\n   @Override\n   public void marshal(Object object, HierarchicalStreamWriter writer,\n        MarshallingContext context) {\n   }\n\n   @Override\n   public Object unmarshal(HierarchicalStreamReader reader,\n        UnmarshallingContext context) {\n      String text = (String)reader.getValue();\n      Integer number = Integer.parseInt(text.trim());\n      return number;\n   }    \n}","updatedContent":"package xstream;\n//ID = 39005622\n\nimport com.thoughtworks.xstream.io.HierarchicalStreamWriter;\nimport com.thoughtworks.xstream.converters.MarshallingContext;\nimport com.thoughtworks.xstream.io.HierarchicalStreamReader;\nimport com.extjs.gxt.ui.client.binding.Converter;\nimport com.sun.xml.internal.bind.v2.runtime.unmarshaller.UnmarshallingContext;\n\npublic class xstream_class_40 implements Converter {\n\n\t@SuppressWarnings(\"rawtypes\")\n\t@Override\n\tpublic boolean canConvert(Class clazz) {\n\t\treturn clazz.equals(Integer.class);\n\t}\n\n\t@Override\n\tpublic void marshal(Object object, HierarchicalStreamWriter writer, MarshallingContext context) {\n\t}\n\n\t@Override\n\tpublic Object unmarshal(HierarchicalStreamReader reader, UnmarshallingContext context) {\n\t\tString text = (String) reader.getValue();\n\t\tInteger number = Integer.parseInt(text.trim());\n\t\treturn number;\n\t}\n}","usedLibraries":["openjdk:jdk:1.8.0","jar:gxt-2.2.1.jar:1","jar:com.thoughtworks.xstream.jar:1"]}