{
  "java_file": "/home/theguy/Documents/research/snr-server/src/test/resources/snippets/so/xstream_class_44.java",
  "output_file": "StatType-Completion-output-json/xstream_class_44.java.json",
  "exit_code": 0,
  "stdout": "/home/theguy/Documents/research/snr-server/benchmark/snippet_log/xstream_class_44.java.stdout.b5149c2eaf2a4104942cd6bd45312e00.txt",
  "stderr": "/home/theguy/Documents/research/snr-server/benchmark/snippet_log/xstream_class_44.java.stderr.b5149c2eaf2a4104942cd6bd45312e00.txt",
  "run_time": 7265380144,
  "total_imports": [
    "java.io.File",
    "java.io.FileOutputStream",
    "com.thoughtworks.xstream.XStream"
  ],
  "correct_imports": [
    "java.io.File",
    "com.thoughtworks.xstream.XStream",
    "java.io.FileOutputStream"
  ]
}