{"status":0,"problems":[],"originalContent":"package xstream;\n//ID=1791178\n\n\npublic class xstream_class_11 {\n    public List<String> tags = new ArrayList<String>();\n    public List<String> notags = new ArrayList<String>();\n    public xstream_class_11(String tag, String tag2) {\n        tags.add(tag); tags.add(tag2);\n        notags.add(tag); notags.add(tag2);\n    }\n    public static void main(String[] args) {\n        xstream_class_11 test = new xstream_class_11(\"foo\", \"bar\");\n        XStream xstream = new XStream();\n\n        ClassAliasingMapper mapper = new ClassAliasingMapper(xstream.getMapper());\n        mapper.addClassAlias(\"tag\", String.class);\n        xstream.registerLocalConverter(\n            xstream_class_11.class,\n            \"tags\",\n            new CollectionConverter(mapper)\n        );\n\n        System.out.println(xstream.toXML(test));\n    }\n}","updatedContent":"package xstream;\n//ID=1791178\n\nimport java.util.List;\nimport com.thoughtworks.xstream.XStream;\nimport java.util.ArrayList;\nimport com.thoughtworks.xstream.mapper.ClassAliasingMapper;\nimport com.thoughtworks.xstream.converters.collections.CollectionConverter;\n\npublic class xstream_class_11 {\n\tpublic List<String> tags = new ArrayList<String>();\n\tpublic List<String> notags = new ArrayList<String>();\n\n\tpublic xstream_class_11(String tag, String tag2) {\n\t\ttags.add(tag);\n\t\ttags.add(tag2);\n\t\tnotags.add(tag);\n\t\tnotags.add(tag2);\n\t}\n\n\tpublic static void main(String[] args) {\n\t\txstream_class_11 test = new xstream_class_11(\"foo\", \"bar\");\n\t\tXStream xstream = new XStream();\n\n\t\tClassAliasingMapper mapper = new ClassAliasingMapper(xstream.getMapper());\n\t\tmapper.addClassAlias(\"tag\", String.class);\n\t\txstream.registerLocalConverter(xstream_class_11.class, \"tags\", new CollectionConverter(mapper));\n\n\t\tSystem.out.println(xstream.toXML(test));\n\t}\n}","usedLibraries":["jar:android-13.jar:1","jar:com.thoughtworks.xstream.jar:1"]}