{
  "java_file": "/home/theguy/Documents/research/snr-server/src/test/resources/snippets/so/xstream_class_4.java",
  "output_file": "StatType-Completion-output-json/xstream_class_4.java.json",
  "exit_code": 0,
  "stdout": "/home/theguy/Documents/research/snr-server/benchmark/snippet_log/xstream_class_4.java.stdout.fd236bef99ea42b4bf0d66d9d0d1387a.txt",
  "stderr": "/home/theguy/Documents/research/snr-server/benchmark/snippet_log/xstream_class_4.java.stderr.fd236bef99ea42b4bf0d66d9d0d1387a.txt",
  "run_time": 14191169088,
  "total_imports": [
    "java.util.ArrayList",
    "com.thoughtworks.xstream.XStream"
  ],
  "correct_imports": [
    "com.thoughtworks.xstream.XStream",
    "java.util.ArrayList"
  ]
}