{
  "java_file": "/home/theguy/Documents/research/snr-server/src/test/resources/snippets/so/xstream_class_33.java",
  "output_file": "StatType-Completion-output-json/xstream_class_33.java.json",
  "exit_code": 0,
  "stdout": "/home/theguy/Documents/research/snr-server/benchmark/snippet_log/xstream_class_33.java.stdout.11b2bebf325c4f329e19af8011544c9e.txt",
  "stderr": "/home/theguy/Documents/research/snr-server/benchmark/snippet_log/xstream_class_33.java.stderr.11b2bebf325c4f329e19af8011544c9e.txt",
  "run_time": 9599965166,
  "total_imports": [
    "com.thoughtworks.xstream.XStream",
    "com.thoughtworks.xstream.io.xml.DomDriver",
    "com.thoughtworks.xstream.mapper.Mapper",
    "flex.messaging.io.amf.ASObject",
    "flex.messaging.io.amf.ActionMessage",
    "flex.messaging.io.amf.MessageBody",
    "flex.messaging.io.amf.MessageHeader",
    "flex.messaging.messages.AcknowledgeMessage",
    "flex.messaging.messages.AcknowledgeMessageExt",
    "flex.messaging.messages.AsyncMessage",
    "flex.messaging.messages.CommandMessage",
    "flex.messaging.messages.CommandMessageExt",
    "flex.messaging.messages.ErrorMessage",
    "flex.messaging.messages.RemotingMessage"
  ],
  "correct_imports": [
    "flex.messaging.messages.RemotingMessage",
    "flex.messaging.io.amf.ActionMessage",
    "com.thoughtworks.xstream.XStream",
    "flex.messaging.messages.CommandMessageExt",
    "flex.messaging.messages.AcknowledgeMessage",
    "flex.messaging.io.amf.ASObject",
    "com.thoughtworks.xstream.mapper.Mapper",
    "flex.messaging.messages.AsyncMessage",
    "flex.messaging.io.amf.MessageHeader",
    "flex.messaging.messages.CommandMessage",
    "flex.messaging.messages.ErrorMessage",
    "com.thoughtworks.xstream.io.xml.DomDriver",
    "flex.messaging.io.amf.MessageBody",
    "flex.messaging.messages.AcknowledgeMessageExt"
  ]
}