{"status":2,"problems":[{"fileName":"xstream_class_28.java","startLocation":492,"endLocation":500,"lineNumber":13,"column":12,"message":"The type Converter cannot be a superinterface of MapEntryConverter; a superinterface must be an interface","problemId":16777531,"problemSeverity":"ERROR"},{"fileName":"xstream_class_28.java","startLocation":560,"endLocation":564,"lineNumber":18,"column":27,"message":"Class is a raw type. References to generic type Class<T> should be parameterized","problemId":16777788,"problemSeverity":"WARNING"},{"fileName":"xstream_class_28.java","startLocation":754,"endLocation":781,"lineNumber":23,"column":33,"message":"Type safety: Unchecked cast from Object to Map<String,Integer>","problemId":16777761,"problemSeverity":"WARNING"},{"fileName":"xstream_class_28.java","startLocation":827,"endLocation":840,"lineNumber":24,"column":40,"message":"Type mismatch: cannot convert from element type Object to Map.Entry<String,Integer>","problemId":16777796,"problemSeverity":"ERROR"}],"originalContent":"package xstream;\n//ID=25098261\n\n\npublic class xstream_class_28 {\n\tpublic class MapEntryConverter implements Converter {\n\t\t  public class java {\n\n\t\t    }\n\n\t\tpublic boolean canConvert(Class clazz) {\n\t\t    return Map.class.isAssignableFrom(clazz);\n\t\t  }\n\n\t\t  public void marshal(Object value, HierarchicalStreamWriter writer, MarshallingContext context) {\n\t\t    Map<String, Integer> map = (Map<String, Integer>) value;\n\t\t    for (Map.Entry<String, Integer> entry : map.entrySet()) {\n\t\t      writer.startNode(entry.getKey().toString());\n\t\t      writer.setValue(entry.getValue().toString());\n\t\t      writer.endNode();\n\t\t    }\n\t\t  }\n\n\t\t  public Object unmarshal(HierarchicalStreamReader reader, UnmarshallingContext context) {\n\t\t    Map<String, Integer> map = new HashMap<String, Integer>();\n\n\t\t    while (reader.hasMoreChildren()) {\n\t\t      reader.moveDown();\n\t\t      map.put(reader.getNodeName(), new Integer(reader.getValue()));\n\t\t      reader.moveUp();\n\t\t    }\n\t\t    return map;\n\t\t  }\n\t\t}\n}","updatedContent":"package xstream;\n//ID=25098261\n\nimport java.util.Map;\nimport com.thoughtworks.xstream.io.HierarchicalStreamWriter;\nimport com.thoughtworks.xstream.converters.MarshallingContext;\nimport com.thoughtworks.xstream.io.HierarchicalStreamReader;\nimport com.extjs.gxt.ui.client.binding.Converter;\nimport com.google.gwt.dev.util.collect.HashMap;\nimport com.sun.xml.internal.bind.v2.runtime.unmarshaller.UnmarshallingContext;\n\npublic class xstream_class_28 {\n\tpublic class MapEntryConverter implements Converter {\n\t\tpublic class java {\n\n\t\t}\n\n\t\tpublic boolean canConvert(Class clazz) {\n\t\t\treturn Map.class.isAssignableFrom(clazz);\n\t\t}\n\n\t\tpublic void marshal(Object value, HierarchicalStreamWriter writer, MarshallingContext context) {\n\t\t\tMap<String, Integer> map = (Map<String, Integer>) value;\n\t\t\tfor (Map.Entry<String, Integer> entry : map.entrySet()) {\n\t\t\t\twriter.startNode(entry.getKey().toString());\n\t\t\t\twriter.setValue(entry.getValue().toString());\n\t\t\t\twriter.endNode();\n\t\t\t}\n\t\t}\n\n\t\tpublic Object unmarshal(HierarchicalStreamReader reader, UnmarshallingContext context) {\n\t\t\tMap<String, Integer> map = new HashMap<String, Integer>();\n\n\t\t\twhile (reader.hasMoreChildren()) {\n\t\t\t\treader.moveDown();\n\t\t\t\tmap.put(reader.getNodeName(), new Integer(reader.getValue()));\n\t\t\t\treader.moveUp();\n\t\t\t}\n\t\t\treturn map;\n\t\t}\n\t}\n}","usedLibraries":["openjdk:jdk:1.8.0","jar:gwt-dev-2.9.0.jar:1","jar:android-13.jar:1","jar:gxt-2.2.1.jar:1","jar:com.thoughtworks.xstream.jar:1"]}