{"status":2,"problems":[{"fileName":"xstream_class_10.java","startLocation":208,"endLocation":246,"lineNumber":9,"column":38,"message":"The method generateResponse(XStream) from the type xstream_class_10 is never used locally","problemId":603979894,"problemSeverity":"WARNING"}],"originalContent":"package xstream;\n//ID=2008043\n\n\npublic class xstream_class_10 {\n\tprivate String generateResponse(final XStream xStream)\n\t{\n\t    StringWriter writer = new StringWriter();\n\t    xStream.marshal(this, new PrettyPrintWriter(writer) {\n\t        @Override\n\t        public void addAttribute(final String key, final String value)\n\t        {\n\t            if (!key.equals(\"class\"))\n\t            {\n\t                super.addAttribute(key, value);\n\t            }\n\t        }\n\t    });\n\t    return writer.toString();\n\t}\n}","updatedContent":"package xstream;\n//ID=2008043\n\nimport com.thoughtworks.xstream.io.xml.PrettyPrintWriter;\nimport com.thoughtworks.xstream.XStream;\nimport java.io.StringWriter;\n\npublic class xstream_class_10 {\n\tprivate String generateResponse(final XStream xStream) {\n\t\tStringWriter writer = new StringWriter();\n\t\txStream.marshal(this, new PrettyPrintWriter(writer) {\n\t\t\t@Override\n\t\t\tpublic void addAttribute(final String key, final String value) {\n\t\t\t\tif (!key.equals(\"class\")) {\n\t\t\t\t\tsuper.addAttribute(key, value);\n\t\t\t\t}\n\t\t\t}\n\t\t});\n\t\treturn writer.toString();\n\t}\n}","usedLibraries":["jar:android-13.jar:1","jar:com.thoughtworks.xstream.jar:1"]}