{"status":2,"problems":[{"fileName":"xstream_class_35.java","startLocation":971,"endLocation":975,"lineNumber":27,"column":30,"message":"Class is a raw type. References to generic type Class<T> should be parameterized","problemId":16777788,"problemSeverity":"WARNING"},{"fileName":"xstream_class_35.java","startLocation":1427,"endLocation":1432,"lineNumber":49,"column":21,"message":"The value of the local variable mapper is not used","problemId":536870973,"problemSeverity":"WARNING"},{"fileName":"xstream_class_35.java","startLocation":1478,"endLocation":1495,"lineNumber":50,"column":37,"message":"The value of the local variable reflectionProvider is not used","problemId":536870973,"problemSeverity":"WARNING"},{"fileName":"xstream_class_35.java","startLocation":1550,"endLocation":1564,"lineNumber":51,"column":0,"message":"The value of the local variable converterLookup is not used","problemId":536870973,"problemSeverity":"WARNING"},{"fileName":"xstream_class_35.java","startLocation":1607,"endLocation":1616,"lineNumber":52,"column":52,"message":"The value of the local variable valueField is not used","problemId":536870973,"problemSeverity":"WARNING"}],"originalContent":"package xstream;\n//http://www.programcreek.com/java-api-examples/index.php?source_dir=sandboxes-master/sandbox-xstream/src/test/java/tryanderror/xstream/EntsoeStyleConverter_Test.java\n\npublic class xstream_class_35 { \n    \n   public static class AClass{ \n       public String value = \"This should be in an attribute\"; \n       public CompositeClass  anotherValue = new CompositeClass(); \n   } \n    \n   public static class CompositeClass { \n       public Integer value = 42; \n   } \n    \n   public static class ToSingleValue implements SingleValueConverter{ \n\n       @Override \n       public boolean canConvert(Class type) { \n           return CompositeClass.class == type; \n       } \n\n       @Override \n       public String toString(Object obj) { \n           CompositeClass cCompositeClass = (CompositeClass)obj; \n           return cCompositeClass.value.toString(); \n       } \n\n       @Override \n       public Object fromString(String str) { \n           return new CompositeClass(); \n       } \n        \n   } \n    \n   @Test \n   public void testName() throws Exception { \n       XStream xStream = new XStream(); \n       xStream.registerConverter(new ToSingleValue()); \n        \n       Mapper mapper = xStream.getMapper(); \n       ReflectionProvider reflectionProvider = xStream.getReflectionProvider(); \n       ConverterLookup converterLookup = xStream.getConverterLookup(); \n       String valueField = null; \n       Converter converter = null;\n       xStream.registerConverter(converter); \n       System.out.println(xStream.toXML(new AClass())); \n   } \n    \n   protected MapperWrapper wrapMapper(MapperWrapper next) { \n       return next; \n   } \n}","updatedContent":"package xstream;\n//http://www.programcreek.com/java-api-examples/index.php?source_dir=sandboxes-master/sandbox-xstream/src/test/java/tryanderror/xstream/EntsoeStyleConverter_Test.java\n\nimport com.thoughtworks.xstream.converters.SingleValueConverter;\nimport com.thoughtworks.xstream.XStream;\nimport com.thoughtworks.xstream.mapper.MapperWrapper;\nimport com.thoughtworks.xstream.converters.Converter;\nimport com.thoughtworks.xstream.converters.ConverterLookup;\nimport com.thoughtworks.xstream.mapper.Mapper;\nimport com.thoughtworks.xstream.converters.reflection.ReflectionProvider;\nimport org.junit.Test;\n\npublic class xstream_class_35 {\n\n\tpublic static class AClass {\n\t\tpublic String value = \"This should be in an attribute\";\n\t\tpublic CompositeClass anotherValue = new CompositeClass();\n\t}\n\n\tpublic static class CompositeClass {\n\t\tpublic Integer value = 42;\n\t}\n\n\tpublic static class ToSingleValue implements SingleValueConverter {\n\n\t\t@Override\n\t\tpublic boolean canConvert(Class type) {\n\t\t\treturn CompositeClass.class == type;\n\t\t}\n\n\t\t@Override\n\t\tpublic String toString(Object obj) {\n\t\t\tCompositeClass cCompositeClass = (CompositeClass) obj;\n\t\t\treturn cCompositeClass.value.toString();\n\t\t}\n\n\t\t@Override\n\t\tpublic Object fromString(String str) {\n\t\t\treturn new CompositeClass();\n\t\t}\n\n\t}\n\n\t@Test\n\tpublic void testName() throws Exception {\n\t\tXStream xStream = new XStream();\n\t\txStream.registerConverter(new ToSingleValue());\n\n\t\tMapper mapper = xStream.getMapper();\n\t\tReflectionProvider reflectionProvider = xStream.getReflectionProvider();\n\t\tConverterLookup converterLookup = xStream.getConverterLookup();\n\t\tString valueField = null;\n\t\tConverter converter = null;\n\t\txStream.registerConverter(converter);\n\t\tSystem.out.println(xStream.toXML(new AClass()));\n\t}\n\n\tprotected MapperWrapper wrapMapper(MapperWrapper next) {\n\t\treturn next;\n\t}\n}","usedLibraries":["jar:junit-4.11.jar:1","jar:com.thoughtworks.xstream.jar:1"]}