{
  "java_file": "/home/theguy/Documents/research/snr-server/src/test/resources/snippets/so/xstream_class_20.java",
  "output_file": "StatType-Completion-output-json/xstream_class_20.java.json",
  "exit_code": 0,
  "stdout": "/home/theguy/Documents/research/snr-server/benchmark/snippet_log/xstream_class_20.java.stdout.cff119843ac64cfcb8e689e9fdde0a77.txt",
  "stderr": "/home/theguy/Documents/research/snr-server/benchmark/snippet_log/xstream_class_20.java.stderr.cff119843ac64cfcb8e689e9fdde0a77.txt",
  "run_time": 29000868115,
  "total_imports": [
    "java.io.File",
    "java.io.InputStream",
    "java.io.InputStreamReader",
    "java.io.Reader",
    "java.nio.charset.Charset",
    "com.thoughtworks.xstream.XStream"
  ],
  "correct_imports": [
    "java.io.File",
    "com.thoughtworks.xstream.XStream",
    "java.nio.charset.Charset",
    "java.io.Reader",
    "java.io.InputStream",
    "java.io.InputStreamReader"
  ]
}