{
  "java_file": "/home/theguy/Documents/research/snr-server/src/test/resources/snippets/so/xstream_class_9.java",
  "output_file": "StatType-Completion-output-json/xstream_class_9.java.json",
  "exit_code": 0,
  "stdout": "/home/theguy/Documents/research/snr-server/benchmark/snippet_log/xstream_class_9.java.stdout.5dda8fab785f4f3599a6cf6bbfea2064.txt",
  "stderr": "/home/theguy/Documents/research/snr-server/benchmark/snippet_log/xstream_class_9.java.stderr.5dda8fab785f4f3599a6cf6bbfea2064.txt",
  "run_time": 8878354000,
  "total_imports": [
    "java.io.FileInputStream",
    "java.io.FileNotFoundException",
    "com.thoughtworks.xstream.XStream",
    "com.thoughtworks.xstream.io.xml.DomDriver"
  ],
  "correct_imports": [
    "java.io.FileNotFoundException",
    "com.thoughtworks.xstream.XStream",
    "java.io.FileInputStream",
    "com.thoughtworks.xstream.io.xml.DomDriver"
  ]
}