{
  "java_file": "/home/theguy/Documents/research/snr-server/src/test/resources/snippets/so/xstream_class_36.java",
  "output_file": "StatType-Completion-output-json/xstream_class_36.java.json",
  "exit_code": 0,
  "stdout": "/home/theguy/Documents/research/snr-server/benchmark/snippet_log/xstream_class_36.java.stdout.2aa610ae2f884b0b8dcddc13318e2bf9.txt",
  "stderr": "/home/theguy/Documents/research/snr-server/benchmark/snippet_log/xstream_class_36.java.stderr.2aa610ae2f884b0b8dcddc13318e2bf9.txt",
  "run_time": 9024438475,
  "total_imports": [
    "java.util.HashMap",
    "java.util.Map",
    "com.thoughtworks.xstream.XStream",
    "com.thoughtworks.xstream.io.xml.StaxDriver"
  ],
  "correct_imports": [
    "java.util.Map",
    "com.thoughtworks.xstream.XStream",
    "com.thoughtworks.xstream.io.xml.StaxDriver"
  ]
}