{
  "java_file": "/home/theguy/Documents/research/snr-server/src/test/resources/snippets/so/xstream_class_37.java",
  "output_file": "StatType-Completion-output-json/xstream_class_37.java.json",
  "exit_code": 0,
  "stdout": "/home/theguy/Documents/research/snr-server/benchmark/snippet_log/xstream_class_37.java.stdout.40c091c4dd9445d8810d111a933a2f5a.txt",
  "stderr": "/home/theguy/Documents/research/snr-server/benchmark/snippet_log/xstream_class_37.java.stderr.40c091c4dd9445d8810d111a933a2f5a.txt",
  "run_time": 11952722231,
  "total_imports": [
    "java.util.ArrayList",
    "com.thoughtworks.xstream.converters.Converter",
    "com.thoughtworks.xstream.converters.MarshallingContext",
    "com.thoughtworks.xstream.converters.UnmarshallingContext",
    "com.thoughtworks.xstream.io.HierarchicalStreamReader",
    "com.thoughtworks.xstream.io.HierarchicalStreamWriter"
  ],
  "correct_imports": [
    "com.thoughtworks.xstream.io.HierarchicalStreamWriter",
    "com.thoughtworks.xstream.converters.MarshallingContext",
    "com.thoughtworks.xstream.io.HierarchicalStreamReader",
    "java.util.ArrayList"
  ]
}