{"status":2,"problems":[{"fileName":"xstream_class_12.java","startLocation":457,"endLocation":465,"lineNumber":12,"column":78,"message":"The type Converter cannot be a superinterface of ListToStringXStreamConverter; a superinterface must be an interface","problemId":16777531,"problemSeverity":"ERROR"},{"fileName":"xstream_class_12.java","startLocation":650,"endLocation":671,"lineNumber":23,"column":14,"message":"The method canConvert(Class) of type xstream_class_12.ListToStringXStreamConverter must override or implement a supertype method","problemId":67109498,"problemSeverity":"ERROR"},{"fileName":"xstream_class_12.java","startLocation":722,"endLocation":804,"lineNumber":28,"column":9,"message":"The method marshal(Object, HierarchicalStreamWriter, MarshallingContext) of type xstream_class_12.ListToStringXStreamConverter must override or implement a supertype method","problemId":67109498,"problemSeverity":"ERROR"},{"fileName":"xstream_class_12.java","startLocation":1041,"endLocation":1112,"lineNumber":42,"column":-1,"message":"The method unmarshal(HierarchicalStreamReader, UnmarshallingContext) of type xstream_class_12.ListToStringXStreamConverter must override or implement a supertype method","problemId":67109498,"problemSeverity":"ERROR"}],"originalContent":"package xstream;\n//ID = 1791178\n\npublic class xstream_class_12 {\n\tpublic class ListToStringXStreamConverter implements Converter {\n\n\t\tprivate String alias;\n\n\t\tpublic ListToStringXStreamConverter(String alias) {\n\t\t    super();\n\t\t    this.alias = alias;\n\t\t}\n\n\t\t@SuppressWarnings(\"rawtypes\")\n\t\t@Override\n\t\tpublic boolean canConvert(Class type) {\n\t\t    return true;\n\t\t}\n\n\t\t@Override\n\t\tpublic void marshal(Object source, HierarchicalStreamWriter writer, MarshallingContext context) {\n\n\t\t    @SuppressWarnings(\"unchecked\")\n\t\t    List<String> list = (List<String>)source;\n\n\t\t    for (String string : list) {\n\t\t        writer.startNode(alias);\n\t\t        writer.setValue(string);\n\t\t        writer.endNode();\n\t\t    }\n\n\t\t}\n\n\t\t@Override\n\t\tpublic Object unmarshal(HierarchicalStreamReader reader, UnmarshallingContext context) {\n\t\t    throw new UnsupportedOperationException(\"ListToStringXStreamConverter does not offer suport for unmarshal operation\");\n\t\t}\n\n\t\t}\n\n}","updatedContent":"package xstream;\n//ID = 1791178\n\nimport java.util.List;\nimport com.thoughtworks.xstream.io.HierarchicalStreamWriter;\nimport com.thoughtworks.xstream.converters.MarshallingContext;\nimport com.thoughtworks.xstream.io.HierarchicalStreamReader;\nimport com.extjs.gxt.ui.client.binding.Converter;\nimport com.sun.xml.internal.bind.v2.runtime.unmarshaller.UnmarshallingContext;\n\npublic class xstream_class_12 {\n\tpublic class ListToStringXStreamConverter implements Converter {\n\n\t\tprivate String alias;\n\n\t\tpublic ListToStringXStreamConverter(String alias) {\n\t\t\tsuper();\n\t\t\tthis.alias = alias;\n\t\t}\n\n\t\t@SuppressWarnings(\"rawtypes\")\n\t\t@Override\n\t\tpublic boolean canConvert(Class type) {\n\t\t\treturn true;\n\t\t}\n\n\t\t@Override\n\t\tpublic void marshal(Object source, HierarchicalStreamWriter writer, MarshallingContext context) {\n\n\t\t\t@SuppressWarnings(\"unchecked\")\n\t\t\tList<String> list = (List<String>) source;\n\n\t\t\tfor (String string : list) {\n\t\t\t\twriter.startNode(alias);\n\t\t\t\twriter.setValue(string);\n\t\t\t\twriter.endNode();\n\t\t\t}\n\n\t\t}\n\n\t\t@Override\n\t\tpublic Object unmarshal(HierarchicalStreamReader reader, UnmarshallingContext context) {\n\t\t\tthrow new UnsupportedOperationException(\n\t\t\t\t\t\"ListToStringXStreamConverter does not offer suport for unmarshal operation\");\n\t\t}\n\n\t}\n\n}","usedLibraries":["openjdk:jdk:1.8.0","jar:android-13.jar:1","jar:gxt-2.2.1.jar:1","jar:com.thoughtworks.xstream.jar:1"]}