{
  "java_file": "/home/theguy/Documents/research/snr-server/src/test/resources/snippets/so/xstream_class_38.java",
  "output_file": "StatType-Completion-output-json/xstream_class_38.java.json",
  "exit_code": 0,
  "stdout": "/home/theguy/Documents/research/snr-server/benchmark/snippet_log/xstream_class_38.java.stdout.07d204e4f8084ecc9b25ddff4b1a3a83.txt",
  "stderr": "/home/theguy/Documents/research/snr-server/benchmark/snippet_log/xstream_class_38.java.stderr.07d204e4f8084ecc9b25ddff4b1a3a83.txt",
  "run_time": 11444655230,
  "total_imports": [
    "java.util.ArrayList",
    "java.util.List",
    "com.thoughtworks.xstream.XStream",
    "com.thoughtworks.xstream.annotations.XStreamAlias"
  ],
  "correct_imports": [
    "java.util.List",
    "com.thoughtworks.xstream.XStream",
    "com.thoughtworks.xstream.annotations.XStreamAlias",
    "java.util.ArrayList"
  ]
}