{"status":2,"problems":[{"fileName":"xstream_class_16.java","startLocation":212,"endLocation":218,"lineNumber":9,"column":55,"message":"The value of the local variable xstream is not used","problemId":536870973,"problemSeverity":"WARNING"},{"fileName":"xstream_class_16.java","startLocation":405,"endLocation":409,"lineNumber":14,"column":30,"message":"Class is a raw type. References to generic type Class<T> should be parameterized","problemId":16777788,"problemSeverity":"WARNING"}],"originalContent":"package xstream;\n//ID = 5377380\n\npublic class xstream_class_16 {\n\tpublic static void main(String arg[]){\n\t\tXStream xstream = new XStream() {\n\t\t    @Override\n\t\t    protected MapperWrapper wrapMapper(MapperWrapper next) {\n\t\t        return new MapperWrapper(next) {\n\t\t            @Override\n\t\t            public boolean shouldSerializeMember(Class definedIn, String fieldName) {\n\t\t                if (definedIn == Object.class) {\n\t\t                    return false;\n\t\t                }\n\t\t                return super.shouldSerializeMember(definedIn, fieldName);\n\t\t            }\n\t\t        };\n\t\t    }\n\t\t};\n\t}\n}","updatedContent":"package xstream;\n//ID = 5377380\n\nimport com.thoughtworks.xstream.XStream;\nimport com.thoughtworks.xstream.mapper.MapperWrapper;\n\npublic class xstream_class_16 {\n\tpublic static void main(String arg[]) {\n\t\tXStream xstream = new XStream() {\n\t\t\t@Override\n\t\t\tprotected MapperWrapper wrapMapper(MapperWrapper next) {\n\t\t\t\treturn new MapperWrapper(next) {\n\t\t\t\t\t@Override\n\t\t\t\t\tpublic boolean shouldSerializeMember(Class definedIn, String fieldName) {\n\t\t\t\t\t\tif (definedIn == Object.class) {\n\t\t\t\t\t\t\treturn false;\n\t\t\t\t\t\t}\n\t\t\t\t\t\treturn super.shouldSerializeMember(definedIn, fieldName);\n\t\t\t\t\t}\n\t\t\t\t};\n\t\t\t}\n\t\t};\n\t}\n}","usedLibraries":["jar:com.thoughtworks.xstream.jar:1"]}