{"status":2,"problems":[{"fileName":"xstream_class_26.java","startLocation":358,"endLocation":362,"lineNumber":12,"column":43,"message":"Class is a raw type. References to generic type Class<T> should be parameterized","problemId":16777788,"problemSeverity":"WARNING"},{"fileName":"xstream_class_26.java","startLocation":903,"endLocation":912,"lineNumber":31,"column":19,"message":"Can only iterate over an array or an instance of java.lang.Iterable","problemId":536871493,"problemSeverity":"ERROR"}],"originalContent":"package xstream;\n//ID=17871210\n\n\npublic class xstream_class_26 {\n\tpublic class IntegerListConverter implements SingleValueConverter {\n\t    @Override\n\t    public boolean canConvert(Class clazz) {\n\t        return List.class.isAssignableFrom(clazz);\n\t    }\n\n\t    @Override\n\t    public Object fromString(String arg0) {\n\t        Collection<Integer> collection = new ArrayList<Integer>();\n\t        String[] integerStrings = arg0.split(\" \");\n\t        for (int i = 0; i < integerStrings.length; i++) {\n\t            collection.add(Integer.valueOf(integerStrings[i]));\n\t        }\n\t        return collection;\n\t    }\n\n\t    @Override\n\t    public String toString(Object arg0) {\n\t        List collection = (List) arg0;\n\t        StringBuffer sb = new StringBuffer();\n\t        boolean first = true;\n\t        for (Object object : collection) {\n\t            if (first) {\n\t                first = false;\n\t            } else {\n\t                sb.append(' ');\n\t            }\n\t            sb.append(object.toString());\n\t        }\n\t        return sb.toString();\n\t    }\n\t}\n}","updatedContent":"package xstream;\n//ID=17871210\n\nimport com.thoughtworks.xstream.converters.SingleValueConverter;\nimport com.sun.xml.internal.bind.v2.schemagen.xmlschema.List;\nimport java.util.Collection;\nimport java.util.ArrayList;\n\npublic class xstream_class_26 {\n\tpublic class IntegerListConverter implements SingleValueConverter {\n\t\t@Override\n\t\tpublic boolean canConvert(Class clazz) {\n\t\t\treturn List.class.isAssignableFrom(clazz);\n\t\t}\n\n\t\t@Override\n\t\tpublic Object fromString(String arg0) {\n\t\t\tCollection<Integer> collection = new ArrayList<Integer>();\n\t\t\tString[] integerStrings = arg0.split(\" \");\n\t\t\tfor (int i = 0; i < integerStrings.length; i++) {\n\t\t\t\tcollection.add(Integer.valueOf(integerStrings[i]));\n\t\t\t}\n\t\t\treturn collection;\n\t\t}\n\n\t\t@Override\n\t\tpublic String toString(Object arg0) {\n\t\t\tList collection = (List) arg0;\n\t\t\tStringBuffer sb = new StringBuffer();\n\t\t\tboolean first = true;\n\t\t\tfor (Object object : collection) {\n\t\t\t\tif (first) {\n\t\t\t\t\tfirst = false;\n\t\t\t\t} else {\n\t\t\t\t\tsb.append(' ');\n\t\t\t\t}\n\t\t\t\tsb.append(object.toString());\n\t\t\t}\n\t\t\treturn sb.toString();\n\t\t}\n\t}\n}","usedLibraries":["openjdk:jdk:1.8.0","jar:android-13.jar:1","jar:com.thoughtworks.xstream.jar:1"]}