{"status":2,"problems":[{"fileName":"xstream_class_33.java","startLocation":1583,"endLocation":1588,"lineNumber":39,"column":-1,"message":"The value of the local variable mapper is not used","problemId":536870973,"problemSeverity":"WARNING"}],"originalContent":"package xstream;\n//http://www.programcreek.com/java-api-examples/index.php?api=com.thoughtworks.xstream.XStream\n\n\n\npublic class xstream_class_33 {\n\tprivate static XStream xstream; \n\tpublic static XStream getXStream() {\n\t\tif (xstream == null) {\n\t\t\txstream = new XStream(new DomDriver());\n\n\t\t\txstream.alias(\"ActionMessage\", ActionMessage.class);\n\t\t\txstream.alias(\"MessageHeader\", MessageHeader.class);\n\t\t\txstream.alias(\"MessageBody\", MessageBody.class);\n\t\t\txstream.alias(\"RemotingMessage\", RemotingMessage.class);\n\t\t\txstream.alias(\"CommandMessage\", CommandMessage.class);\n\t\t\txstream.alias(\"AcknowledgeMessage\", AcknowledgeMessage.class);\n\t\t\txstream.alias(\"ErrorMessage\", ErrorMessage.class);\n\t\t\txstream.alias(\"ASObject\", ASObject.class);\n\t\t\txstream.alias(\"AsyncMessage\", AsyncMessage.class);\n\t\t\txstream.alias(\"DSC\", CommandMessageExt.class);\n\t\t\txstream.alias(\"DSK\", AcknowledgeMessageExt.class);\n\n\t\t\t// Better ASObject Converter\n\t\t\tMapper mapper = xstream.getMapper();\n\t\t}\n\n\t\treturn xstream;\n\t}\n}","updatedContent":"package xstream;\n//http://www.programcreek.com/java-api-examples/index.php?api=com.thoughtworks.xstream.XStream\n\nimport flex.messaging.messages.RemotingMessage;\nimport flex.messaging.io.amf.ActionMessage;\nimport com.thoughtworks.xstream.XStream;\nimport flex.messaging.messages.CommandMessageExt;\nimport flex.messaging.messages.AcknowledgeMessage;\nimport flex.messaging.io.amf.ASObject;\nimport com.thoughtworks.xstream.mapper.Mapper;\nimport flex.messaging.messages.AsyncMessage;\nimport flex.messaging.io.amf.MessageHeader;\nimport flex.messaging.messages.CommandMessage;\nimport flex.messaging.messages.ErrorMessage;\nimport com.thoughtworks.xstream.io.xml.DomDriver;\nimport flex.messaging.io.amf.MessageBody;\nimport flex.messaging.messages.AcknowledgeMessageExt;\n\npublic class xstream_class_33 {\n\tprivate static XStream xstream;\n\n\tpublic static XStream getXStream() {\n\t\tif (xstream == null) {\n\t\t\txstream = new XStream(new DomDriver());\n\n\t\t\txstream.alias(\"ActionMessage\", ActionMessage.class);\n\t\t\txstream.alias(\"MessageHeader\", MessageHeader.class);\n\t\t\txstream.alias(\"MessageBody\", MessageBody.class);\n\t\t\txstream.alias(\"RemotingMessage\", RemotingMessage.class);\n\t\t\txstream.alias(\"CommandMessage\", CommandMessage.class);\n\t\t\txstream.alias(\"AcknowledgeMessage\", AcknowledgeMessage.class);\n\t\t\txstream.alias(\"ErrorMessage\", ErrorMessage.class);\n\t\t\txstream.alias(\"ASObject\", ASObject.class);\n\t\t\txstream.alias(\"AsyncMessage\", AsyncMessage.class);\n\t\t\txstream.alias(\"DSC\", CommandMessageExt.class);\n\t\t\txstream.alias(\"DSK\", AcknowledgeMessageExt.class);\n\n\t\t\t// Better ASObject Converter\n\t\t\tMapper mapper = xstream.getMapper();\n\t\t}\n\n\t\treturn xstream;\n\t}\n}","usedLibraries":["jar:flex-messaging-core-3.2.0.jar:1","jar:com.thoughtworks.xstream.jar:1"]}