{
  "java_file": "/home/theguy/Documents/research/snr-server/src/test/resources/snippets/so/xstream_class_22.java",
  "output_file": "StatType-Completion-output-json/xstream_class_22.java.json",
  "exit_code": 0,
  "stdout": "/home/theguy/Documents/research/snr-server/benchmark/snippet_log/xstream_class_22.java.stdout.5c08b50367a6432481267168d9efacd0.txt",
  "stderr": "/home/theguy/Documents/research/snr-server/benchmark/snippet_log/xstream_class_22.java.stderr.5c08b50367a6432481267168d9efacd0.txt",
  "run_time": 10836972803,
  "total_imports": [
    "com.thoughtworks.xstream.XStream",
    "com.thoughtworks.xstream.annotations.XStreamAlias",
    "com.thoughtworks.xstream.annotations.XStreamConverter",
    "com.thoughtworks.xstream.annotations.XStreamImplicit",
    "com.thoughtworks.xstream.converters.extended.ToAttributedValueConverter",
    "java.util.List",
    "java.util.Arrays",
    "java.io.File"
  ],
  "correct_imports": [
    "com.thoughtworks.xstream.annotations.XStreamImplicit",
    "com.thoughtworks.xstream.converters.extended.ToAttributedValueConverter",
    "java.util.List",
    "java.io.File",
    "com.thoughtworks.xstream.XStream",
    "com.thoughtworks.xstream.annotations.XStreamConverter",
    "com.thoughtworks.xstream.annotations.XStreamAlias"
  ]
}