{
  "java_file": "/home/theguy/Documents/research/snr-server/src/test/resources/snippets/so/xstream_class_29.java",
  "output_file": "StatType-Completion-output-json/xstream_class_29.java.json",
  "exit_code": 0,
  "stdout": "/home/theguy/Documents/research/snr-server/benchmark/snippet_log/xstream_class_29.java.stdout.310b1db6557d46378f6680de86de1d0f.txt",
  "stderr": "/home/theguy/Documents/research/snr-server/benchmark/snippet_log/xstream_class_29.java.stderr.310b1db6557d46378f6680de86de1d0f.txt",
  "run_time": 13313473370,
  "total_imports": [
    "java.util.ArrayList",
    "java.util.List",
    "com.thoughtworks.xstream.XStream",
    "com.thoughtworks.xstream.io.xml.DomDriver"
  ],
  "correct_imports": [
    "java.util.List",
    "com.thoughtworks.xstream.XStream",
    "com.thoughtworks.xstream.io.xml.DomDriver",
    "java.util.ArrayList"
  ]
}