{"status":2,"problems":[{"fileName":"xstream_class_13.java","startLocation":332,"endLocation":336,"lineNumber":15,"column":4,"message":"Class is a raw type. References to generic type Class<T> should be parameterized","problemId":16777788,"problemSeverity":"WARNING"},{"fileName":"xstream_class_13.java","startLocation":557,"endLocation":561,"lineNumber":24,"column":19,"message":"Class is a raw type. References to generic type Class<T> should be parameterized","problemId":16777788,"problemSeverity":"WARNING"}],"originalContent":"package xstream;\n//ID=1372467\n\npublic class xstream_class_13 {\n\tpublic class MyClassAliasingMapper extends ClassAliasingMapper {\n\n\t    public MyClassAliasingMapper(Mapper wrapped) {\n\t        super(wrapped);\n\t    }\n\n\t    @Override\n\t    public Class realClass(String elementName) {\n\t        try {\n\t        } catch (Exception e) {\n\t            // do nothing we fall back on super's implementation\n\t        }\n\t        return super.realClass(elementName);\n\t    }\n\n\t    @Override\n\t    public String serializedClass(Class type) {\n\t        try {\n\t        } catch (Exception e) {\n\t            // do nothing we fall back on super's implementation\n\t        }\n\t        return super.serializedClass(type);\n\t    }\n\t}\n}","updatedContent":"package xstream;\n//ID=1372467\n\nimport com.thoughtworks.xstream.mapper.Mapper;\nimport com.thoughtworks.xstream.mapper.ClassAliasingMapper;\n\npublic class xstream_class_13 {\n\tpublic class MyClassAliasingMapper extends ClassAliasingMapper {\n\n\t\tpublic MyClassAliasingMapper(Mapper wrapped) {\n\t\t\tsuper(wrapped);\n\t\t}\n\n\t\t@Override\n\t\tpublic Class realClass(String elementName) {\n\t\t\ttry {\n\t\t\t} catch (Exception e) {\n\t\t\t\t// do nothing we fall back on super's implementation\n\t\t\t}\n\t\t\treturn super.realClass(elementName);\n\t\t}\n\n\t\t@Override\n\t\tpublic String serializedClass(Class type) {\n\t\t\ttry {\n\t\t\t} catch (Exception e) {\n\t\t\t\t// do nothing we fall back on super's implementation\n\t\t\t}\n\t\t\treturn super.serializedClass(type);\n\t\t}\n\t}\n}","usedLibraries":["jar:com.thoughtworks.xstream.jar:1"]}