{
  "java_file": "/home/theguy/Documents/research/snr-server/src/test/resources/snippets/so/xstream_class_2.java",
  "output_file": "StatType-Completion-output-json/xstream_class_2.java.json",
  "exit_code": 0,
  "stdout": "/home/theguy/Documents/research/snr-server/benchmark/snippet_log/xstream_class_2.java.stdout.b69e946839604fbb97f8e79f1c1bce48.txt",
  "stderr": "/home/theguy/Documents/research/snr-server/benchmark/snippet_log/xstream_class_2.java.stderr.b69e946839604fbb97f8e79f1c1bce48.txt",
  "run_time": 7522315952,
  "total_imports": [
    "java.io.BufferedReader",
    "java.io.FileReader",
    "java.io.IOException",
    "com.thoughtworks.xstream.XStream",
    "com.thoughtworks.xstream.io.xml.DomDriver"
  ],
  "correct_imports": [
    "com.thoughtworks.xstream.XStream",
    "java.io.BufferedReader",
    "com.thoughtworks.xstream.io.xml.DomDriver",
    "java.io.FileReader",
    "java.io.IOException"
  ]
}