{"status":2,"problems":[{"fileName":"xstream_class_19.java","startLocation":403,"endLocation":411,"lineNumber":11,"column":84,"message":"The type Converter cannot be a superinterface of CustomConverter; a superinterface must be an interface","problemId":16777531,"problemSeverity":"ERROR"},{"fileName":"xstream_class_19.java","startLocation":806,"endLocation":810,"lineNumber":19,"column":13,"message":"Class is a raw type. References to generic type Class<T> should be parameterized","problemId":16777788,"problemSeverity":"WARNING"},{"fileName":"xstream_class_19.java","startLocation":1030,"endLocation":1034,"lineNumber":24,"column":-1,"message":"Class is a raw type. References to generic type Class<T> should be parameterized","problemId":16777788,"problemSeverity":"WARNING"}],"originalContent":"package xstream;\n//11484532\n\npublic class xstream_class_19 {\n\tpublic class CustomConverter implements Converter {\n\n\t\t   public void marshal(Object source, HierarchicalStreamWriter writer,\n\t\t        MarshallingContext context) {\n\t\t     // TODO: Get annotation value from object 'source' with name of tag via Reflection.\n\t\t     // Or add a method to the AnimalConfig interface giving you tag name to put to serialization output.\n\t\t   }\n\n\t\t   public Object unmarshal(HierarchicalStreamReader reader,\n\t\t        UnmarshallingContext context) {\n\t\t     Class canConvert = null;\n\t\t\t// TODO: use reflection to create animal object based on what you xml tag you have at hahd.\n\t\t     return context.convertAnother(context.currentObject(),canConvert);\n\t\t   }\n\n\t\t   public boolean canConvert(Class type) {\n\t\t     return true;\n\t\t   }\n\t\t }\n}","updatedContent":"package xstream;\n//11484532\n\nimport com.thoughtworks.xstream.io.HierarchicalStreamWriter;\nimport com.thoughtworks.xstream.converters.UnmarshallingContext;\nimport com.thoughtworks.xstream.converters.MarshallingContext;\nimport com.thoughtworks.xstream.io.HierarchicalStreamReader;\nimport com.extjs.gxt.ui.client.binding.Converter;\n\npublic class xstream_class_19 {\n\tpublic class CustomConverter implements Converter {\n\n\t\tpublic void marshal(Object source, HierarchicalStreamWriter writer, MarshallingContext context) {\n\t\t\t// TODO: Get annotation value from object 'source' with name of tag via Reflection.\n\t\t\t// Or add a method to the AnimalConfig interface giving you tag name to put to serialization output.\n\t\t}\n\n\t\tpublic Object unmarshal(HierarchicalStreamReader reader, UnmarshallingContext context) {\n\t\t\tClass canConvert = null;\n\t\t\t// TODO: use reflection to create animal object based on what you xml tag you have at hahd.\n\t\t\treturn context.convertAnother(context.currentObject(), canConvert);\n\t\t}\n\n\t\tpublic boolean canConvert(Class type) {\n\t\t\treturn true;\n\t\t}\n\t}\n}","usedLibraries":["jar:gxt-2.2.1.jar:1","jar:com.thoughtworks.xstream.jar:1"]}