{
  "java_file": "/home/theguy/Documents/research/snr-server/src/test/resources/snippets/so/xstream_class_32.java",
  "output_file": "StatType-Completion-output-json/xstream_class_32.java.json",
  "exit_code": 0,
  "stdout": "/home/theguy/Documents/research/snr-server/benchmark/snippet_log/xstream_class_32.java.stdout.57716ca6fd5c4e53a5704e09eb2f0a41.txt",
  "stderr": "/home/theguy/Documents/research/snr-server/benchmark/snippet_log/xstream_class_32.java.stderr.57716ca6fd5c4e53a5704e09eb2f0a41.txt",
  "run_time": 6798855139,
  "total_imports": [
    "com.thoughtworks.xstream.XStream",
    "com.thoughtworks.xstream.hibernate.converter.HibernatePersistentCollectionConverter",
    "com.thoughtworks.xstream.hibernate.converter.HibernatePersistentMapConverter",
    "com.thoughtworks.xstream.hibernate.converter.HibernatePersistentSortedMapConverter",
    "com.thoughtworks.xstream.hibernate.converter.HibernatePersistentSortedSetConverter",
    "com.thoughtworks.xstream.hibernate.converter.HibernateProxyConverter",
    "com.thoughtworks.xstream.hibernate.mapper.HibernateMapper",
    "com.thoughtworks.xstream.mapper.MapperWrapper"
  ],
  "correct_imports": [
    "com.thoughtworks.xstream.XStream",
    "com.thoughtworks.xstream.mapper.MapperWrapper",
    "com.thoughtworks.xstream.hibernate.mapper.HibernateMapper",
    "com.thoughtworks.xstream.hibernate.converter.HibernatePersistentMapConverter",
    "com.thoughtworks.xstream.hibernate.converter.HibernatePersistentCollectionConverter",
    "com.thoughtworks.xstream.hibernate.converter.HibernatePersistentSortedSetConverter",
    "com.thoughtworks.xstream.hibernate.converter.HibernateProxyConverter",
    "com.thoughtworks.xstream.hibernate.converter.HibernatePersistentSortedMapConverter"
  ]
}