ad1.java,
Node,DL_pred,DL_truth,DL_correct,Rule_pred,Rule_truth,Rule_correct,Total_correct
Activity,android.app.Activity,android.app.Activity,1,android.app.Activity,android.app.Activity,1,1
InputMethodManager,android.view.inputmethod.InputMethodManager,sun.awt.im.InputMethodManager,0,android.view.inputmethod.InputMethodManager,sun.awt.im.InputMethodManager,0,0
View,android.view.View,-,1,android.view.View,android.view.View,1,1
dl_correct:2,dl_accuracy:0.6667,,rule_correct:2,rule_checked:3,rule_accuracy:0.6667,rule_recall:0.6667
checked:3,total correct:2,total accuracy:0.6667
