ad6.java,
Node,DL_pred,DL_truth,DL_correct,Rule_pred,Rule_truth,Rule_correct,Total_correct
DisplayMetrics,android.util.DisplayMetrics,android.util.DisplayMetrics,1,android.util.DisplayMetrics,android.util.DisplayMetrics,1,1
new DisplayMetrics(),android.util.DisplayMetrics,android.util.DisplayMetrics,1,android.util.DisplayMetrics,android.util.DisplayMetrics,1,1
dl_correct:2,dl_accuracy:1.0,,rule_correct:2,rule_checked:2,rule_accuracy:1.0,rule_recall:1.0
checked:2,total correct:2,total accuracy:1.0
