hb14.java,
Node,DL_pred,DL_truth,DL_correct,Rule_pred,Rule_truth,Rule_correct,Total_correct
List,java.util.List,org.hibernate.mapping.List,0,org.hibernate.mapping.List,org.hibernate.mapping.List,1,1
SimpleValue,org.hibernate.mapping.SimpleValue,org.hibernate.mapping.SimpleValue,1,org.hibernate.mapping.SimpleValue,org.hibernate.mapping.SimpleValue,1,1
SimpleValue,com.sun.tools.hat.internal.model.SimpleValue,org.hibernate.mapping.SimpleValue,0,org.hibernate.mapping.SimpleValue,org.hibernate.mapping.SimpleValue,1,1
dl_correct:1,dl_accuracy:0.3333,,rule_correct:3,rule_checked:3,rule_accuracy:1.0,rule_recall:1.0
checked:3,total correct:3,total accuracy:1.0
