hb18.java,
Node,DL_pred,DL_truth,DL_correct,Rule_pred,Rule_truth,Rule_correct,Total_correct
List,java.util.List,org.hibernate.mapping.List,0,org.hibernate.mapping.List,org.hibernate.mapping.List,1,1
SimpleValue,com.google.gwt.olver.client.SimpleValue,org.hibernate.mapping.SimpleValue,0,org.hibernate.mapping.SimpleValue,org.hibernate.mapping.SimpleValue,1,1
SimpleValue,com.google.gwt.antics.client.SimpleValue,org.hibernate.mapping.SimpleValue,0,org.hibernate.mapping.SimpleValue,org.hibernate.mapping.SimpleValue,1,1
dl_correct:0,dl_accuracy:0.0,,rule_correct:3,rule_checked:3,rule_accuracy:1.0,rule_recall:1.0
checked:3,total correct:3,total accuracy:1.0
