jdk10.java,
Node,DL_pred,DL_truth,DL_correct,Rule_pred,Rule_truth,Rule_correct,Total_correct
File,java.io.File,java.io.File,1,java.io.File,java.io.File,1,1
FileInputStream,java.io.FileInputStream,java.io.FileInputStream,1,java.io.FileInputStream,java.io.FileInputStream,1,1
FileInputStream,java.io.FileInputStream,java.io.FileInputStream,1,java.io.FileInputStream,java.io.FileInputStream,1,1
FileNotFoundException,java.io.FileNotFoundException,java.io.FileNotFoundException,1,java.io.FileNotFoundException,java.io.FileNotFoundException,1,1
dl_correct:4,dl_accuracy:1.0,,rule_correct:4,rule_checked:4,rule_accuracy:1.0,rule_recall:1.0
checked:4,total correct:4,total accuracy:1.0
