jdk20.java,
Node,DL_pred,DL_truth,DL_correct,Rule_pred,Rule_truth,Rule_correct,Total_correct
InputStream,java.io.InputStream,java.io.InputStream,1,java.io.InputStream,java.io.InputStream,1,1
IOException,java.io.IOException,java.io.IOException,1,java.io.IOException,java.io.IOException,1,1
BufferedInputStream,java.io.BufferedInputStream,java.io.BufferedInputStream,1,java.io.BufferedInputStream,java.io.BufferedInputStream,1,1
BufferedInputStream,java.io.BufferedInputStream,java.io.BufferedInputStream,1,java.io.BufferedInputStream,java.io.BufferedInputStream,1,1
ByteArrayOutputStream,java.io.ByteArrayOutputStream,java.io.ByteArrayOutputStream,1,java.io.ByteArrayOutputStream,java.io.ByteArrayOutputStream,1,1
new ByteArrayOutputStream(),java.io.ByteArrayOutputStream,java.io.ByteArrayOutputStream,1,java.io.ByteArrayOutputStream,java.io.ByteArrayOutputStream,1,1
dl_correct:6,dl_accuracy:1.0,,rule_correct:6,rule_checked:6,rule_accuracy:1.0,rule_recall:1.0
checked:6,total correct:6,total accuracy:1.0
