jdk3.java,
Node,DL_pred,DL_truth,DL_correct,Rule_pred,Rule_truth,Rule_correct,Total_correct
ParseException,java.text.ParseException,java.text.ParseException,1,java.text.ParseException,java.text.ParseException,1,1
DateTimeFormatter,java.time.format.DateTimeFormatter,java.time.format.DateTimeFormatter,1,-,-,0,1
LocalDateTime,java.time.LocalDateTime,java.time.LocalDateTime,1,java.time.LocalDateTime,java.time.LocalDateTime,1,1
ZonedDateTime,java.time.ZonedDateTime,java.time.ZonedDateTime,1,java.time.ZonedDateTime,java.time.ZonedDateTime,1,1
ZoneId,java.time.ZoneId,java.time.ZoneId,1,java.time.ZoneId,java.time.ZoneId,1,1
dl_correct:5,dl_accuracy:1.0,,rule_correct:4,rule_checked:4,rule_accuracy:1.0,rule_recall:0.8
checked:5,total correct:5,total accuracy:1.0
