jdk5.java,
Node,DL_pred,DL_truth,DL_correct,Rule_pred,Rule_truth,Rule_correct,Total_correct
MalformedURLException,java.net.MalformedURLException,java.net.MalformedURLException,1,java.net.MalformedURLException,java.net.MalformedURLException,1,1
File,java.io.File,java.io.File,1,java.io.File,java.io.File,1,1
File,java.io.File,java.io.File,1,java.io.File,java.io.File,1,1
URLClassLoader,java.net.URLClassLoader,java.net.URLClassLoader,1,java.net.URLClassLoader,java.net.URLClassLoader,1,1
new URL[]jar,java.net.URL,java.net.URL,1,-,-,0,1
dl_correct:5,dl_accuracy:1.0,,rule_correct:4,rule_checked:4,rule_accuracy:1.0,rule_recall:0.8
checked:5,total correct:5,total accuracy:1.0
