jdk7.java,
Node,DL_pred,DL_truth,DL_correct,Rule_pred,Rule_truth,Rule_correct,Total_correct
ParseException,java.text.ParseException,java.text.ParseException,1,java.text.ParseException,java.text.ParseException,1,1
SimpleDateFormat,java.text.SimpleDateFormat,java.text.SimpleDateFormat,1,java.text.SimpleDateFormat,java.text.SimpleDateFormat,1,1
SimpleDateFormat,java.text.SimpleDateFormat,java.text.SimpleDateFormat,1,java.text.SimpleDateFormat,java.text.SimpleDateFormat,1,1
TimeZone,java.util.TimeZone,java.util.TimeZone,1,java.util.TimeZone,java.util.TimeZone,1,1
Date,java.util.Date,java.util.Date,1,java.util.Date,java.util.Date,1,1
dl_correct:5,dl_accuracy:1.0,,rule_correct:5,rule_checked:5,rule_accuracy:1.0,rule_recall:1.0
checked:5,total correct:5,total accuracy:1.0
