jdk8.java,
Node,DL_pred,DL_truth,DL_correct,Rule_pred,Rule_truth,Rule_correct,Total_correct
DecimalFormat,java.text.DecimalFormat,java.text.DecimalFormat,1,java.text.DecimalFormat,java.text.DecimalFormat,1,1
DecimalFormat,java.text.DecimalFormat,java.text.DecimalFormat,1,java.text.DecimalFormat,java.text.DecimalFormat,1,1
DecimalFormatSymbols,java.text.DecimalFormatSymbols,java.text.DecimalFormatSymbols,1,java.text.DecimalFormatSymbols,java.text.DecimalFormatSymbols,1,1
Locale,java.util.Locale,java.util.Locale,1,java.util.Locale,java.util.Locale,1,1
dl_correct:4,dl_accuracy:1.0,,rule_correct:4,rule_checked:4,rule_accuracy:1.0,rule_recall:1.0
checked:4,total correct:4,total accuracy:1.0
