jdk9.java,
Node,DL_pred,DL_truth,DL_correct,Rule_pred,Rule_truth,Rule_correct,Total_correct
DateTimeFormatter,java.time.format.DateTimeFormatter,java.time.format.DateTimeFormatter,1,java.time.format.DateTimeFormatter,java.time.format.DateTimeFormatter,1,1
new DateTimeFormatterBuilder(),java.time.format.DateTimeFormatterBuilder,java.time.format.DateTimeFormatterBuilder,1,java.time.format.DateTimeFormatterBuilder,java.time.format.DateTimeFormatterBuilder,1,1
ChronoField,java.time.temporal.ChronoField,java.time.temporal.ChronoField,1,java.time.temporal.ChronoField,java.time.temporal.ChronoField,1,1
dl_correct:3,dl_accuracy:1.0,,rule_correct:3,rule_checked:3,rule_accuracy:1.0,rule_recall:1.0
checked:3,total correct:3,total accuracy:1.0
