jt11.java,
Node,DL_pred,DL_truth,DL_correct,Rule_pred,Rule_truth,Rule_correct,Total_correct
DateTimeZone,org.joda.time.DateTimeZone,org.joda.time.DateTimeZone,1,-,-,0,1
DateTime,org.joda.time.DateTime,org.joda.time.DateTime,1,org.joda.time.DateTime,org.joda.time.DateTime,1,1
DateTime,org.joda.time.DateTime,org.joda.time.DateTime,1,org.joda.time.DateTime,org.joda.time.DateTime,1,1
dl_correct:3,dl_accuracy:1.0,,rule_correct:2,rule_checked:2,rule_accuracy:1.0,rule_recall:0.6667
checked:3,total correct:3,total accuracy:1.0
