jt12.java,
Node,DL_pred,DL_truth,DL_correct,Rule_pred,Rule_truth,Rule_correct,Total_correct
DateTime,org.joda.time.DateTime,org.joda.time.DateTime,1,org.joda.time.DateTime,org.joda.time.DateTime,1,1
Days,org.joda.time.Days,org.joda.time.Days,1,org.joda.time.Days,org.joda.time.Days,1,1
LocalDate,org.joda.time.LocalDate,org.joda.time.LocalDate,1,org.joda.time.LocalDate,org.joda.time.LocalDate,1,1
dl_correct:3,dl_accuracy:1.0,,rule_correct:3,rule_checked:3,rule_accuracy:1.0,rule_recall:1.0
checked:3,total correct:3,total accuracy:1.0
