jt17.java,
Node,DL_pred,DL_truth,DL_correct,Rule_pred,Rule_truth,Rule_correct,Total_correct
DateTimeFormatter,org.joda.time.format.DateTimeFormatter,org.joda.time.format.DateTimeFormatter,1,org.joda.time.format.DateTimeFormatter,org.joda.time.format.DateTimeFormatter,1,1
DateTimeFormat,org.joda.time.format.DateTimeFormat,org.joda.time.format.DateTimeFormat,1,-,-,0,1
Locale,java.util.Locale,java.util.Locale,1,java.util.Locale,java.util.Locale,1,1
ISOChronology,org.joda.time.chrono.ISOChronology,org.joda.time.chrono.ISOChronology,1,-,-,0,1
DateTime,org.joda.time.DateTime,org.joda.time.DateTime,1,org.joda.time.DateTime,org.joda.time.DateTime,1,1
dl_correct:5,dl_accuracy:1.0,,rule_correct:3,rule_checked:3,rule_accuracy:1.0,rule_recall:0.6
checked:5,total correct:5,total accuracy:1.0
