jt18.java,
Node,DL_pred,DL_truth,DL_correct,Rule_pred,Rule_truth,Rule_correct,Total_correct
ParseException,java.text.ParseException,java.text.ParseException,1,java.text.ParseException,java.text.ParseException,1,1
SimpleDateFormat,java.text.SimpleDateFormat,java.text.SimpleDateFormat,1,java.text.SimpleDateFormat,java.text.SimpleDateFormat,1,1
SimpleDateFormat,java.text.SimpleDateFormat,java.text.SimpleDateFormat,1,java.text.SimpleDateFormat,java.text.SimpleDateFormat,1,1
Date,.time.util.Date,java.util.Date,0,java.util.Date,java.util.Date,1,1
dl_correct:3,dl_accuracy:0.75,,rule_correct:4,rule_checked:4,rule_accuracy:1.0,rule_recall:1.0
checked:4,total correct:4,total accuracy:1.0
