jt2.java,
Node,DL_pred,DL_truth,DL_correct,Rule_pred,Rule_truth,Rule_correct,Total_correct
Date,java.util.Date,java.util.Date,1,java.sql.Date,java.util.Date,0,0
Date,java.util.Date,java.util.Date,1,java.sql.Date,java.util.Date,0,0
Days,org.joda.time.Days,org.joda.time.Days,1,org.joda.time.Days,org.joda.time.Days,1,1
DateTime,org.joda.time.DateTime,org.joda.time.DateTime,1,org.joda.time.DateTime,org.joda.time.DateTime,1,1
dl_correct:4,dl_accuracy:1.0,,rule_correct:2,rule_checked:4,rule_accuracy:0.5,rule_recall:0.5
checked:4,total correct:2,total accuracy:0.5
