jt3.java,
Node,DL_pred,DL_truth,DL_correct,Rule_pred,Rule_truth,Rule_correct,Total_correct
LocalDateTime,java.time.LocalDateTime,java.time.LocalDateTime,1,java.time.LocalDateTime,java.time.LocalDateTime,1,1
ZonedDateTime,java.time.ZonedDateTime,java.time.ZonedDateTime,1,java.time.ZonedDateTime,java.time.ZonedDateTime,1,1
ZoneId,java.time.ZoneId,java.time.ZoneId,1,java.time.ZoneId,java.time.ZoneId,1,1
Instant,java.time.Instant,java.time.Instant,1,java.time.Instant,java.time.Instant,1,1
dl_correct:4,dl_accuracy:1.0,,rule_correct:4,rule_checked:4,rule_accuracy:1.0,rule_recall:1.0
checked:4,total correct:4,total accuracy:1.0
