jt4.java,
Node,DL_pred,DL_truth,DL_correct,Rule_pred,Rule_truth,Rule_correct,Total_correct
Period,org.joda.time.Period,org.joda.time.Period,1,org.joda.time.Period,org.joda.time.Period,1,1
Instant,org.joda.time.Instant,org.joda.time.Instant,1,-,-,0,1
Duration,org.joda.time.Duration,org.joda.time.Duration,1,org.joda.time.Duration,org.joda.time.Duration,1,1
dl_correct:3,dl_accuracy:1.0,,rule_correct:2,rule_checked:2,rule_accuracy:1.0,rule_recall:0.6667
checked:3,total correct:3,total accuracy:1.0
