xt1.java,
Node,DL_pred,DL_truth,DL_correct,Rule_pred,Rule_truth,Rule_correct,Total_correct
XmlFriendlyNameCoder,com.thoughtworks.xstream.io.xml.XmlFriendlyNameCoder,com.thoughtworks.xstream.io.xml.XmlFriendlyNameCoder,1,com.thoughtworks.xstream.io.xml.XmlFriendlyNameCoder,com.thoughtworks.xstream.io.xml.XmlFriendlyNameCoder,1,1
XmlFriendlyNameCoder,com.thoughtworks.xstream.io.xml.XmlFriendlyNameCoder,com.thoughtworks.xstream.io.xml.XmlFriendlyNameCoder,1,com.thoughtworks.xstream.io.xml.XmlFriendlyNameCoder,com.thoughtworks.xstream.io.xml.XmlFriendlyNameCoder,1,1
XStream,com.thoughtworks.xstream.XStream,com.thoughtworks.xstream.XStream,1,com.thoughtworks.xstream.XStream,com.thoughtworks.xstream.XStream,1,1
XStream,com.thoughtworks.xstream.XStream,com.thoughtworks.xstream.XStream,1,com.thoughtworks.xstream.XStream,com.thoughtworks.xstream.XStream,1,1
Dom4JDriver,com.thoughtworks.xstream.io.xml.Dom,com.thoughtworks.xstream.io.xml.Dom,1,com.thoughtworks.xstream.io.xml.Dom4JDriver,com.thoughtworks.xstream.io.xml.Dom4JDriver,1,1
dl_correct:5,dl_accuracy:1.0,,rule_correct:5,rule_checked:5,rule_accuracy:1.0,rule_recall:1.0
checked:5,total correct:5,total accuracy:1.0
