xt11.java,
Node,DL_pred,DL_truth,DL_correct,Rule_pred,Rule_truth,Rule_correct,Total_correct
ByteArrayOutputStream,java.io.ByteArrayOutputStream,java.io.ByteArrayOutputStream,1,java.io.ByteArrayOutputStream,java.io.ByteArrayOutputStream,1,1
new ByteArrayOutputStream(),java.io.ByteArrayOutputStream,java.io.ByteArrayOutputStream,1,java.io.ByteArrayOutputStream,java.io.ByteArrayOutputStream,1,1
Node,javax.xml.transform.Node,org.w3c.dom.Node,0,org.w3c.dom.Node,org.w3c.dom.Node,1,1
Source,javax.xml.transform.Source,javax.xml.transform.Source,1,javax.xml.transform.Source,javax.xml.transform.Source,1,1
DOMSource,javax.xml.transform.dom.DOMSource,javax.xml.transform.dom.DOMSource,1,javax.xml.transform.dom.DOMSource,javax.xml.transform.dom.DOMSource,1,1
dl_correct:4,dl_accuracy:0.8,,rule_correct:5,rule_checked:5,rule_accuracy:1.0,rule_recall:1.0
checked:5,total correct:5,total accuracy:1.0
