xt12.java,
Node,DL_pred,DL_truth,DL_correct,Rule_pred,Rule_truth,Rule_correct,Total_correct
ByteArrayOutputStream,java.io.ByteArrayOutputStream,java.io.ByteArrayOutputStream,1,java.io.ByteArrayOutputStream,java.io.ByteArrayOutputStream,1,1
new ByteArrayOutputStream(),java.io.ByteArrayOutputStream,java.io.ByteArrayOutputStream,1,java.io.ByteArrayOutputStream,java.io.ByteArrayOutputStream,1,1
Transformer,javax.xml.transform.Transformer,javax.xml.transform.Transformer,1,javax.xml.transform.Transformer,javax.xml.transform.Transformer,1,1
TransformerFactory,javax.xml.transform.TransformerFactory,javax.xml.transform.TransformerFactory,1,javax.xml.transform.TransformerFactory,javax.xml.transform.TransformerFactory,1,1
TransformerConfigurationException,javax.xml.transform.TransformerConfigurationException,javax.xml.transform.TransformerConfigurationException,1,javax.xml.transform.TransformerConfigurationException,javax.xml.transform.TransformerConfigurationException,1,1
dl_correct:5,dl_accuracy:1.0,,rule_correct:5,rule_checked:5,rule_accuracy:1.0,rule_recall:1.0
checked:5,total correct:5,total accuracy:1.0
