xt13.java,
Node,DL_pred,DL_truth,DL_correct,Rule_pred,Rule_truth,Rule_correct,Total_correct
IOException,java.io.IOException,java.io.IOException,1,java.io.IOException,java.io.IOException,1,1
ByteArrayOutputStream,java.io.ByteArrayOutputStream,java.io.ByteArrayOutputStream,1,java.io.ByteArrayOutputStream,java.io.ByteArrayOutputStream,1,1
new ByteArrayOutputStream(),java.io.ByteArrayOutputStream,java.io.ByteArrayOutputStream,1,java.io.ByteArrayOutputStream,java.io.ByteArrayOutputStream,1,1
XMLWriter,java.io.XMLWriter,org.dom4j.io.XMLWriter,0,com.sun.xml.internal.txw2.output.XMLWriter,org.dom4j.io.XMLWriter,0,0
XMLWriter,com.sun.xml.internal.stream.writers.XMLWriter,org.dom4j.io.XMLWriter,0,com.sun.xml.internal.txw2.output.XMLWriter,org.dom4j.io.XMLWriter,0,0
OutputFormat,java.io.OutputFormat,org.dom4j.io.OutputFormat,0,-,-,0,0
dl_correct:3,dl_accuracy:0.5,,rule_correct:3,rule_checked:5,rule_accuracy:0.6,rule_recall:0.5
checked:6,total correct:3,total accuracy:0.5
