xt14.java,
Node,DL_pred,DL_truth,DL_correct,Rule_pred,Rule_truth,Rule_correct,Total_correct
XStream,com.thoughtworks.xstream.XStream,com.thoughtworks.xstream.XStream,1,com.thoughtworks.xstream.XStream,com.thoughtworks.xstream.XStream,1,1
XStream,com.thoughtworks.xstream.XStream,com.thoughtworks.xstream.XStream,1,com.thoughtworks.xstream.XStream,com.thoughtworks.xstream.XStream,1,1
new DomDriver(),com.thoughtworks.xstream.io.xml.DomDriver,com.thoughtworks.xstream.io.xml.DomDriver,1,com.thoughtworks.xstream.io.xml.DomDriver,com.thoughtworks.xstream.io.xml.DomDriver,1,1
dl_correct:3,dl_accuracy:1.0,,rule_correct:3,rule_checked:3,rule_accuracy:1.0,rule_recall:1.0
checked:3,total correct:3,total accuracy:1.0
