xt17.java,
Node,DL_pred,DL_truth,DL_correct,Rule_pred,Rule_truth,Rule_correct,Total_correct
ParserConfigurationException,javax.xml.parsers.ParserConfigurationException,javax.xml.parsers.ParserConfigurationException,1,javax.xml.parsers.ParserConfigurationException,javax.xml.parsers.ParserConfigurationException,1,1
IOException,java.io.IOException,java.io.IOException,1,java.io.IOException,java.io.IOException,1,1
SAXException,org.xml.sax.SAXException,org.xml.sax.SAXException,1,org.xml.sax.SAXException,org.xml.sax.SAXException,1,1
File,java.io.File,java.io.File,1,java.io.File,java.io.File,1,1
File,java.io.File,java.io.File,1,java.io.File,java.io.File,1,1
DocumentBuilderFactory,javax.xml.parsers.DocumentBuilderFactory,javax.xml.parsers.DocumentBuilderFactory,1,javax.xml.parsers.DocumentBuilderFactory,javax.xml.parsers.DocumentBuilderFactory,1,1
DocumentBuilder,javax.xml.parsers.DocumentBuilder,javax.xml.parsers.DocumentBuilder,1,javax.xml.parsers.DocumentBuilder,javax.xml.parsers.DocumentBuilder,1,1
dl_correct:7,dl_accuracy:1.0,,rule_correct:7,rule_checked:7,rule_accuracy:1.0,rule_recall:1.0
checked:7,total correct:7,total accuracy:1.0
