xt2.java,
Node,DL_pred,DL_truth,DL_correct,Rule_pred,Rule_truth,Rule_correct,Total_correct
XStream,com.thoughtworks.xstream.XStream,com.thoughtworks.xstream.XStream,1,com.thoughtworks.xstream.XStream,com.thoughtworks.xstream.XStream,1,1
XStream,com.thoughtworks.xstream.XStream,com.thoughtworks.xstream.XStream,1,com.thoughtworks.xstream.XStream,com.thoughtworks.xstream.XStream,1,1
DomDriver,com.thoughtworks.xstream.io.xml.DomDriver,com.thoughtworks.xstream.io.xml.DomDriver,1,com.thoughtworks.xstream.io.xml.DomDriver,com.thoughtworks.xstream.io.xml.DomDriver,1,1
new NoNameCoder(),com.thoughtworks.xstream.io.xml.NoNameCoder,com.thoughtworks.xstream.io.naming.NoNameCoder,0,com.thoughtworks.xstream.io.naming.NoNameCoder,com.thoughtworks.xstream.io.naming.NoNameCoder,1,1
dl_correct:3,dl_accuracy:0.75,,rule_correct:4,rule_checked:4,rule_accuracy:1.0,rule_recall:1.0
checked:4,total correct:4,total accuracy:1.0
