xt20.java,
Node,DL_pred,DL_truth,DL_correct,Rule_pred,Rule_truth,Rule_correct,Total_correct
XStream,com.thoughtworks.xstream.XStream,com.thoughtworks.xstream.XStream,1,com.thoughtworks.xstream.XStream,com.thoughtworks.xstream.XStream,1,1
new XStream(),com.thoughtworks.xstream.XStream,com.thoughtworks.xstream.XStream,1,com.thoughtworks.xstream.XStream,com.thoughtworks.xstream.XStream,1,1
ClassAliasingMapper,com.thoughtworks.xstream.mapper.ClassAliasingMapper,com.thoughtworks.xstream.mapper.ClassAliasingMapper,1,com.thoughtworks.xstream.mapper.ClassAliasingMapper,com.thoughtworks.xstream.mapper.ClassAliasingMapper,1,1
ClassAliasingMapper,com.thoughtworks.xstream.mapper.ClassAliasingMapper,com.thoughtworks.xstream.mapper.ClassAliasingMapper,1,com.thoughtworks.xstream.mapper.ClassAliasingMapper,com.thoughtworks.xstream.mapper.ClassAliasingMapper,1,1
Test,com.thoughtworks.acceptance.ImplicitMapTest.Test,junit.framework.Test,0,junit.framework.Test,junit.framework.Test,1,1
CollectionConverter,com.thoughtworks.xstream.converters.collections.CollectionConverter,com.thoughtworks.xstream.converters.collections.CollectionConverter,1,com.thoughtworks.xstream.converters.collections.CollectionConverter,com.thoughtworks.xstream.converters.collections.CollectionConverter,1,1
dl_correct:5,dl_accuracy:0.8333,,rule_correct:6,rule_checked:6,rule_accuracy:1.0,rule_recall:1.0
checked:6,total correct:6,total accuracy:1.0
