xt4.java,
Node,DL_pred,DL_truth,DL_correct,Rule_pred,Rule_truth,Rule_correct,Total_correct
XStream,com.thoughtworks.xstream.XStream,com.thoughtworks.xstream.XStream,1,com.thoughtworks.xstream.XStream,com.thoughtworks.xstream.XStream,1,1
XStream,com.thoughtworks.xstream.XStream,com.thoughtworks.xstream.XStream,1,com.thoughtworks.xstream.XStream,com.thoughtworks.xstream.XStream,1,1
new JettisonMappedXmlDriver(),com.thoughtworks.xstream.io.xml.JettisonMappedXmlDriver,com.thoughtworks.xstream.io.json.JettisonMappedXmlDriver,0,com.thoughtworks.xstream.io.json.JettisonMappedXmlDriver,com.thoughtworks.xstream.io.json.JettisonMappedXmlDriver,1,1
Entity[],java.lang.Entity,javax.swing.text.html.parser.Entity,0,org.w3c.dom.Entity[],javax.swing.text.html.parser.Entity[],0,0
dl_correct:2,dl_accuracy:0.5,,rule_correct:3,rule_checked:4,rule_accuracy:0.75,rule_recall:0.75
checked:4,total correct:3,total accuracy:0.75
