xt6.java,
Node,DL_pred,DL_truth,DL_correct,Rule_pred,Rule_truth,Rule_correct,Total_correct
JettisonMappedXmlDriver,com.thoughtworks.xstream.io.json.JettisonMappedXmlDriver,com.thoughtworks.xstream.io.json.JettisonMappedXmlDriver,1,com.thoughtworks.xstream.io.json.JettisonMappedXmlDriver,com.thoughtworks.xstream.io.json.JettisonMappedXmlDriver,1,1
new JettisonMappedXmlDriver(),com.thoughtworks.xstream.io.json.JettisonMappedXmlDriver,com.thoughtworks.xstream.io.json.JettisonMappedXmlDriver,1,com.thoughtworks.xstream.io.json.JettisonMappedXmlDriver,com.thoughtworks.xstream.io.json.JettisonMappedXmlDriver,1,1
XStream,com.thoughtworks.xstream.XStream,com.thoughtworks.xstream.XStream,1,com.thoughtworks.xstream.XStream,com.thoughtworks.xstream.XStream,1,1
XStream,com.thoughtworks.xstream.XStream,com.thoughtworks.xstream.XStream,1,com.thoughtworks.xstream.XStream,com.thoughtworks.xstream.XStream,1,1
dl_correct:4,dl_accuracy:1.0,,rule_correct:4,rule_checked:4,rule_accuracy:1.0,rule_recall:1.0
checked:4,total correct:4,total accuracy:1.0
