xt7.java,
Node,DL_pred,DL_truth,DL_correct,Rule_pred,Rule_truth,Rule_correct,Total_correct
XStream,com.thoughtworks.xstream.XStream,com.thoughtworks.xstream.XStream,1,com.thoughtworks.xstream.XStream,com.thoughtworks.xstream.XStream,1,1
new XStream(),com.thoughtworks.xstream.XStream,com.thoughtworks.xstream.XStream,1,com.thoughtworks.xstream.XStream,com.thoughtworks.xstream.XStream,1,1
dl_correct:2,dl_accuracy:1.0,,rule_correct:2,rule_checked:2,rule_accuracy:1.0,rule_recall:1.0
checked:2,total correct:2,total accuracy:1.0
