xt8.java,
Node,DL_pred,DL_truth,DL_correct,Rule_pred,Rule_truth,Rule_correct,Total_correct
List,java.util.List,java.util.List,1,java.util.List,java.util.List,1,1
Comment,java.text.Comment,javax.xml.stream.events.Comment,0,org.w3c.dom.Comment,javax.xml.stream.events.Comment,0,0
ArrayList,java.util.ArrayList,java.util.ArrayList,1,java.util.ArrayList,java.util.ArrayList,1,1
dl_correct:2,dl_accuracy:0.6667,,rule_correct:2,rule_checked:3,rule_accuracy:0.6667,rule_recall:0.6667
checked:3,total correct:2,total accuracy:0.6667
