xt9.java,
Node,DL_pred,DL_truth,DL_correct,Rule_pred,Rule_truth,Rule_correct,Total_correct
ByteArrayOutputStream,java.io.ByteArrayOutputStream,java.io.ByteArrayOutputStream,1,java.io.ByteArrayOutputStream,java.io.ByteArrayOutputStream,1,1
new ByteArrayOutputStream(),java.io.ByteArrayOutputStream,java.io.ByteArrayOutputStream,1,java.io.ByteArrayOutputStream,java.io.ByteArrayOutputStream,1,1
Result,javax.xml.transform.Result,javax.xml.transform.Result,1,javax.xml.transform.Result,javax.xml.transform.Result,1,1
StreamResult,javax.xml.transform.stream.StreamResult,javax.xml.transform.stream.StreamResult,1,javax.xml.transform.stream.StreamResult,javax.xml.transform.stream.StreamResult,1,1
Transformer,javax.xml.transform.Transformer,javax.xml.transform.Transformer,1,javax.xml.transform.Transformer,javax.xml.transform.Transformer,1,1
TransformerFactory,javax.xml.transform.TransformerFactory,javax.xml.transform.TransformerFactory,1,javax.xml.transform.TransformerFactory,javax.xml.transform.TransformerFactory,1,1
TransformerConfigurationException,javax.xml.transform.TransformerConfigurationException,javax.xml.transform.TransformerConfigurationException,1,javax.xml.transform.TransformerConfigurationException,javax.xml.transform.TransformerConfigurationException,1,1
dl_correct:7,dl_accuracy:1.0,,rule_correct:7,rule_checked:7,rule_accuracy:1.0,rule_recall:1.0
checked:7,total correct:7,total accuracy:1.0
