JodaTime19.java,
Node,DL_pred,DL_truth,DL_correct,Rule_pred,Rule_truth,Rule_correct,Total_correct
Instant,org.joda.time.Instant,org.joda.time.Instant,1,org.joda.time.Instant,org.joda.time.Instant,1,1
Instant,org.joda.time.Instant,org.joda.time.Instant,1,org.joda.time.Instant,org.joda.time.Instant,1,1
new Date(),java.util.Date,java.util.Date,1,java.util.Date,java.util.Date,1,1
Interval,org.joda.time.Interval,org.joda.time.Interval,1,org.joda.time.Interval,org.joda.time.Interval,1,1
Interval,org.joda.time.Interval,org.joda.time.Interval,1,org.joda.time.Interval,org.joda.time.Interval,1,1
ReadableInstant,org.joda.time.ReadableInstant,org.joda.time.ReadableInstant,1,org.joda.time.ReadableInstant,org.joda.time.ReadableInstant,1,1
dl_correct:6,dl_accuracy:1.0,,rule_correct:6,rule_checked:6,rule_accuracy:1.0,rule_recall:1.0
checked:6,total correct:6,total accuracy:1.0
