JodaTime13.java,
Node,DL_pred,DL_truth,DL_correct,Rule_pred,Rule_truth,Rule_correct,Total_correct
Test,org.junit.Test,org.junit.Test,1,org.junit.Test,org.junit.Test,1,1
PeriodFormatter,org.joda.time.format.PeriodFormatter,org.joda.time.format.PeriodFormatter,1,org.joda.time.format.PeriodFormatter,org.joda.time.format.PeriodFormatter,1,1
new PeriodFormatterBuilder(),org.joda.time.format.PeriodFormatterBuilder,org.joda.time.format.PeriodFormatterBuilder,1,org.joda.time.format.PeriodFormatterBuilder,org.joda.time.format.PeriodFormatterBuilder,1,1
Period,org.joda.time.Period,org.joda.time.Period,1,org.joda.time.Period,org.joda.time.Period,1,1
dl_correct:4,dl_accuracy:1.0,,rule_correct:4,rule_checked:4,rule_accuracy:1.0,rule_recall:1.0
checked:4,total correct:4,total accuracy:1.0
