JodaTime02.java,
Node,DL_pred,DL_truth,DL_correct,Rule_pred,Rule_truth,Rule_correct,Total_correct
DateMidnight,org.joda.time.DateMidnight,org.joda.time.DateMidnight,1,org.joda.time.DateMidnight,org.joda.time.DateMidnight,1,1
DateMidnight,org.joda.time.DateMidnight,org.joda.time.DateMidnight,1,org.joda.time.DateMidnight,org.joda.time.DateMidnight,1,1
DateTimeZone,org.joda.time.DateTimeZone,org.joda.time.DateTimeZone,1,org.joda.time.DateTimeZone,org.joda.time.DateTimeZone,1,1
DateTime,org.joda.time.DateTime,org.joda.time.DateTime,1,org.joda.time.DateTime,org.joda.time.DateTime,1,1
DateTime,org.joda.time.DateTime,org.joda.time.DateTime,1,org.joda.time.DateTime,org.joda.time.DateTime,1,1
dl_correct:5,dl_accuracy:1.0,,rule_correct:5,rule_checked:5,rule_accuracy:1.0,rule_recall:1.0
checked:5,total correct:5,total accuracy:1.0
