JodaTime01.java,
Node,DL_pred,DL_truth,DL_correct,Rule_pred,Rule_truth,Rule_correct,Total_correct
DateTimeFormatter,org.joda.time.format.DateTimeFormatter,org.joda.time.format.DateTimeFormatter,1,org.joda.time.format.DateTimeFormatter,org.joda.time.format.DateTimeFormatter,1,1
ISODateTimeFormat,org.joda.time.format.ISODateTimeFormat,org.joda.time.format.ISODateTimeFormat,1,org.joda.time.format.ISODateTimeFormat,org.joda.time.format.ISODateTimeFormat,1,1
TimeZone,java.util.TimeZone,java.util.TimeZone,1,-,-,0,1
DateTimeZone,org.joda.time.DateTimeZone,org.joda.time.DateTimeZone,1,org.joda.time.DateTimeZone,org.joda.time.DateTimeZone,1,1
DateTime,org.joda.time.DateTime,org.joda.time.DateTime,1,org.joda.time.DateTime,org.joda.time.DateTime,1,1
new DateTime(),org.joda.time.DateTime,org.joda.time.DateTime,1,org.joda.time.DateTime,org.joda.time.DateTime,1,1
dl_correct:6,dl_accuracy:1.0,,rule_correct:5,rule_checked:5,rule_accuracy:1.0,rule_recall:0.8333
checked:6,total correct:6,total accuracy:1.0
