JodaTime15.java,
Node,DL_pred,DL_truth,DL_correct,Rule_pred,Rule_truth,Rule_correct,Total_correct
MutableDateTime,org.joda.time.MutableDateTime,org.joda.time.MutableDateTime,1,org.joda.time.MutableDateTime,org.joda.time.MutableDateTime,1,1
new MutableDateTime(),org.joda.time.MutableDateTime,org.joda.time.MutableDateTime,1,org.joda.time.MutableDateTime,org.joda.time.MutableDateTime,1,1
DateTime,org.joda.time.DateTime,org.joda.time.DateTime,1,org.joda.time.DateTime,org.joda.time.DateTime,1,1
dl_correct:3,dl_accuracy:1.0,,rule_correct:3,rule_checked:3,rule_accuracy:1.0,rule_recall:1.0
checked:3,total correct:3,total accuracy:1.0
