JodaTime08.java,
Node,DL_pred,DL_truth,DL_correct,Rule_pred,Rule_truth,Rule_correct,Total_correct
TimeUnit,java.util.concurrent.TimeUnit,java.util.concurrent.TimeUnit,1,java.util.concurrent.TimeUnit,java.util.concurrent.TimeUnit,1,1
Period,org.joda.time.Period,org.joda.time.Period,1,org.joda.time.Period,org.joda.time.Period,1,1
Period,org.joda.time.Period,org.joda.time.Period,1,org.joda.time.Period,org.joda.time.Period,1,1
PeriodType,org.joda.time.PeriodType,org.joda.time.PeriodType,1,-,-,0,1
dl_correct:4,dl_accuracy:1.0,,rule_correct:3,rule_checked:3,rule_accuracy:1.0,rule_recall:0.75
checked:4,total correct:4,total accuracy:1.0
