JodaTime18.java,
Node,DL_pred,DL_truth,DL_correct,Rule_pred,Rule_truth,Rule_correct,Total_correct
DateTimeZone,org.joda.time.DateTimeZone,org.joda.time.DateTimeZone,1,-,-,0,1
DateTimeFormatter,org.joda.time.format.DateTimeFormatter,org.joda.time.format.DateTimeFormatter,1,java.time.format.DateTimeFormatter,org.joda.time.format.DateTimeFormatter,0,0
new DateTimeFormatterBuilder(),java.time.format.DateTimeFormatterBuilder,org.joda.time.format.DateTimeFormatterBuilder,0,org.joda.time.format.DateTimeFormatterBuilder,org.joda.time.format.DateTimeFormatterBuilder,1,1
dl_correct:2,dl_accuracy:0.6667,,rule_correct:1,rule_checked:2,rule_accuracy:0.5,rule_recall:0.3333
checked:3,total correct:2,total accuracy:0.6667
