JodaTime06.java,
Node,DL_pred,DL_truth,DL_correct,Rule_pred,Rule_truth,Rule_correct,Total_correct
Duration,org.joda.time.Duration,org.joda.time.Duration,1,org.joda.time.Duration,org.joda.time.Duration,1,1
Duration,org.joda.time.Duration,org.joda.time.Duration,1,org.joda.time.Duration,org.joda.time.Duration,1,1
PeriodType,org.joda.time.PeriodType,org.joda.time.PeriodType,1,-,-,0,1
new PeriodFormatterBuilder(),org.joda.time.format.PeriodFormatterBuilder,org.joda.time.format.PeriodFormatterBuilder,1,org.joda.time.format.PeriodFormatterBuilder,org.joda.time.format.PeriodFormatterBuilder,1,1
dl_correct:4,dl_accuracy:1.0,,rule_correct:3,rule_checked:3,rule_accuracy:1.0,rule_recall:0.75
checked:4,total correct:4,total accuracy:1.0
