JodaTime05.java,
Node,DL_pred,DL_truth,DL_correct,Rule_pred,Rule_truth,Rule_correct,Total_correct
DateTimeZone,org.joda.time.DateTimeZone,org.joda.time.DateTimeZone,1,-,-,0,1
Chronology,org.joda.time.Chronology,org.joda.time.Chronology,1,org.joda.time.Chronology,org.joda.time.Chronology,1,1
GJChronology,org.joda.time.chrono.GJChronology,org.joda.time.chrono.GJChronology,1,org.joda.time.chrono.GJChronology,org.joda.time.chrono.GJChronology,1,1
DateTime,org.joda.time.DateTime,org.joda.time.DateTime,1,org.joda.time.DateTime,org.joda.time.DateTime,1,1
DateTime,org.joda.time.DateTime,org.joda.time.DateTime,1,org.joda.time.DateTime,org.joda.time.DateTime,1,1
dl_correct:5,dl_accuracy:1.0,,rule_correct:4,rule_checked:4,rule_accuracy:1.0,rule_recall:0.8
checked:5,total correct:5,total accuracy:1.0
