JodaTime20.java,
Node,DL_pred,DL_truth,DL_correct,Rule_pred,Rule_truth,Rule_correct,Total_correct
DateTimeFormatter,org.joda.time.format.DateTimeFormatter,org.joda.time.format.DateTimeFormatter,1,-,-,0,1
DateTimeFormat,org.joda.time.format.DateTimeFormat,org.joda.time.format.DateTimeFormat,1,-,-,0,1
DateTimeZone,org.joda.time.DateTimeZone,org.joda.time.DateTimeZone,1,-,-,0,1
DateTime,java.time.DateTime,org.joda.time.DateTime,0,-,-,0,0
dl_correct:3,dl_accuracy:0.75,,rule_correct:0,rule_checked:0,rule_accuracy:0,rule_recall:0.0
checked:4,total correct:3,total accuracy:0.75
