JodaTime11.java,
Node,DL_pred,DL_truth,DL_correct,Rule_pred,Rule_truth,Rule_correct,Total_correct
DateTimeFormatter,org.joda.time.format.DateTimeFormatter,org.joda.time.format.DateTimeFormatter,1,-,-,0,1
DateTimeFormat,org.joda.time.format.DateTimeFormat,org.joda.time.format.DateTimeFormat,1,-,-,0,1
SimpleDateFormat,java.text.SimpleDateFormat,java.text.SimpleDateFormat,1,java.text.SimpleDateFormat,java.text.SimpleDateFormat,1,1
ParseException,java.text.ParseException,java.text.ParseException,1,java.text.ParseException,java.text.ParseException,1,1
dl_correct:4,dl_accuracy:1.0,,rule_correct:2,rule_checked:2,rule_accuracy:1.0,rule_recall:0.5
checked:4,total correct:4,total accuracy:1.0
