JodaTime10.java,
Node,DL_pred,DL_truth,DL_correct,Rule_pred,Rule_truth,Rule_correct,Total_correct
Serializable,java.io.Serializable,java.io.Serializable,1,java.io.Serializable,java.io.Serializable,1,1
DateTimeZone,org.joda.time.DateTimeZone,org.joda.time.DateTimeZone,1,org.joda.time.DateTimeZone,org.joda.time.DateTimeZone,1,1
ISOChronology,org.joda.time.chrono.ISOChronology,org.joda.time.chrono.ISOChronology,1,org.joda.time.chrono.ISOChronology,org.joda.time.chrono.ISOChronology,1,1
ObjectOutputStream,java.io.ObjectOutputStream,java.io.ObjectOutputStream,1,java.io.ObjectOutputStream,java.io.ObjectOutputStream,1,1
IOException,java.io.IOException,java.io.IOException,1,java.io.IOException,java.io.IOException,1,1
ObjectInputStream,java.io.ObjectInputStream,java.io.ObjectInputStream,1,java.io.ObjectInputStream,java.io.ObjectInputStream,1,1
dl_correct:6,dl_accuracy:1.0,,rule_correct:6,rule_checked:6,rule_accuracy:1.0,rule_recall:1.0
checked:6,total correct:6,total accuracy:1.0
