JodaTime07.java,
Node,DL_pred,DL_truth,DL_correct,Rule_pred,Rule_truth,Rule_correct,Total_correct
DateFormat,java.text.DateFormat,java.text.DateFormat,1,java.text.DateFormat,java.text.DateFormat,1,1
SimpleDateFormat,java.text.SimpleDateFormat,java.text.SimpleDateFormat,1,java.text.SimpleDateFormat,java.text.SimpleDateFormat,1,1
Date,java.util.Date,java.util.Date,1,java.util.Date,java.util.Date,1,1
new Date(),java.util.Date,java.util.Date,1,java.util.Date,java.util.Date,1,1
Calendar,java.util.Calendar,java.util.Calendar,1,java.util.Calendar,java.util.Calendar,1,1
ParseException,java.text.ParseException,java.text.ParseException,1,java.text.ParseException,java.text.ParseException,1,1
Days,org.joda.time.Days,org.joda.time.Days,1,org.joda.time.Days,org.joda.time.Days,1,1
DateTime,org.joda.time.DateTime,org.joda.time.DateTime,1,org.joda.time.DateTime,org.joda.time.DateTime,1,1
dl_correct:8,dl_accuracy:1.0,,rule_correct:8,rule_checked:8,rule_accuracy:1.0,rule_recall:1.0
checked:8,total correct:8,total accuracy:1.0
