ad10.java,
Node,DL_pred,DL_truth,DL_correct,Rule_pred,Rule_truth,Rule_correct,Total_correct
Bitmap,android.graphics.Bitmap,android.graphics.Bitmap,1,-,-,0,1
View,android.view.View,android.view.View,1,android.view.View,android.view.View,1,1
Canvas,android.graphics.Canvas,android.graphics.Canvas,1,android.graphics.Canvas,android.graphics.Canvas,1,1
Canvas,android.graphics.Canvas,android.graphics.Canvas,1,android.graphics.Canvas,android.graphics.Canvas,1,1
dl_correct:4,dl_accuracy:1.0,,rule_correct:3,rule_checked:3,rule_accuracy:1.0,rule_recall:0.75
checked:4,total correct:4,total accuracy:1.0
