ad9.java,
Node,DL_pred,DL_truth,DL_correct,Rule_pred,Rule_truth,Rule_correct,Total_correct
Locale,java.util.Locale,java.util.Locale,1,java.util.Locale,java.util.Locale,1,1
Locale,java.util.Locale,java.util.Locale,1,java.util.Locale,java.util.Locale,1,1
Configuration,javax.security.auth.login.Configuration,android.content.res.Configuration,0,javax.security.auth.login.Configuration,android.content.res.Configuration,0,0
new Configuration(),javax.security.auth.login.Configuration,android.content.res.Configuration,0,javax.security.auth.login.Configuration,android.content.res.Configuration,0,0
dl_correct:2,dl_accuracy:0.5,,rule_correct:2,rule_checked:4,rule_accuracy:0.5,rule_recall:0.5
checked:4,total correct:2,total accuracy:0.5
