Class_12.java,
Node,DL_pred,DL_truth,DL_correct,Rule_pred,Rule_truth,Rule_correct,Total_correct
Calendar,java.util.Calendar,java.util.Calendar,1,java.util.Calendar,java.util.Calendar,1,1
Date,java.util.Date,java.util.Date,1,java.util.Date,java.util.Date,1,1
SimpleDateFormat,java.text.SimpleDateFormat,java.text.SimpleDateFormat,1,java.text.SimpleDateFormat,java.text.SimpleDateFormat,1,1
GregorianCalendar,java.util.GregorianCalendar,java.util.GregorianCalendar,1,java.util.GregorianCalendar,java.util.GregorianCalendar,1,1
ParseException,java.text.ParseException,java.text.ParseException,1,java.text.ParseException,java.text.ParseException,1,1
ParseException,java.text.ParseException,java.text.ParseException,1,java.text.ParseException,java.text.ParseException,1,1
DateFormat,java.text.DateFormat,java.text.DateFormat,1,java.text.DateFormat,java.text.DateFormat,1,1
dl_correct:7,dl_accuracy:1.0,,rule_correct:7,rule_checked:7,rule_accuracy:1.0,rule_recall:1.0
checked:7,total correct:7,total accuracy:1.0
