Class_19.java,
Node,DL_pred,DL_truth,DL_correct,Rule_pred,Rule_truth,Rule_correct,Total_correct
Random,java.util.Random,java.util.Random,1,java.util.Random,java.util.Random,1,1
ThreadLocalRandom,java.util.concurrent.ThreadLocalRandom,java.util.concurrent.ThreadLocalRandom,1,java.util.concurrent.ThreadLocalRandom,java.util.concurrent.ThreadLocalRandom,1,1
List,java.util.List,java.util.List,1,java.util.List,java.util.List,1,1
ArrayList,java.util.ArrayList,java.util.ArrayList,1,java.util.ArrayList,java.util.ArrayList,1,1
Collection,java.util.Collection,java.util.Collection,1,java.util.Collection,java.util.Collection,1,1
Iterator,java.util.Iterator,java.util.Iterator,1,java.util.Iterator,java.util.Iterator,1,1
Iterator,java.util.Iterator,java.util.Iterator,1,java.util.Iterator,java.util.Iterator,1,1
dl_correct:7,dl_accuracy:1.0,,rule_correct:7,rule_checked:7,rule_accuracy:1.0,rule_recall:1.0
checked:7,total correct:7,total accuracy:1.0
