Class_4.java,
Node,DL_pred,DL_truth,DL_correct,Rule_pred,Rule_truth,Rule_correct,Total_correct
Pattern,java.util.regex.Pattern,java.util.regex.Pattern,1,java.util.regex.Pattern,java.util.regex.Pattern,1,1
Matcher,java.util.regex.Matcher,java.util.regex.Matcher,1,java.util.regex.Matcher,java.util.regex.Matcher,1,1
List,java.util.List,java.util.List,1,java.util.List,java.util.List,1,1
ArrayList,java.util.ArrayList,java.util.ArrayList,1,java.util.ArrayList,java.util.ArrayList,1,1
dl_correct:4,dl_accuracy:1.0,,rule_correct:4,rule_checked:4,rule_accuracy:1.0,rule_recall:1.0
checked:4,total correct:4,total accuracy:1.0
