Class_9.java,
Node,DL_pred,DL_truth,DL_correct,Rule_pred,Rule_truth,Rule_correct,Total_correct
Connection,java.sql.Connection,java.sql.Connection,1,java.sql.Connection,java.sql.Connection,1,1
Properties,java.util.Properties,java.util.Properties,1,java.util.Properties,java.util.Properties,1,1
new Properties(),java.util.Properties,java.util.Properties,1,java.util.Properties,java.util.Properties,1,1
DriverManager,java.sql.DriverManager,java.sql.DriverManager,1,java.sql.DriverManager,java.sql.DriverManager,1,1
SQLException,java.sql.SQLException,java.sql.SQLException,1,java.sql.SQLException,java.sql.SQLException,1,1
dl_correct:5,dl_accuracy:1.0,,rule_correct:5,rule_checked:5,rule_accuracy:1.0,rule_recall:1.0
checked:5,total correct:5,total accuracy:1.0
