Class_3.java,
Node,DL_pred,DL_truth,DL_correct,Rule_pred,Rule_truth,Rule_correct,Total_correct
DecimalFormat,java.text.DecimalFormat,java.text.DecimalFormat,1,java.text.DecimalFormat,java.text.DecimalFormat,1,1
DecimalFormatSymbols,java.text.DecimalFormatSymbols,java.text.DecimalFormatSymbols,1,java.text.DecimalFormatSymbols,java.text.DecimalFormatSymbols,1,1
DecimalFormatSymbols,java.text.DecimalFormatSymbols,java.text.DecimalFormatSymbols,1,java.text.DecimalFormatSymbols,java.text.DecimalFormatSymbols,1,1
Locale,java.util.Locale,java.util.Locale,1,java.util.Locale,java.util.Locale,1,1
DecimalFormat,java.text.DecimalFormat,java.text.DecimalFormat,1,java.text.DecimalFormat,java.text.DecimalFormat,1,1
RoundingMode,java.math.RoundingMode,java.math.RoundingMode,1,java.math.RoundingMode,java.math.RoundingMode,1,1
ParseException,java.text.ParseException,java.text.ParseException,1,java.text.ParseException,java.text.ParseException,1,1
dl_correct:7,dl_accuracy:1.0,,rule_correct:7,rule_checked:7,rule_accuracy:1.0,rule_recall:1.0
checked:7,total correct:7,total accuracy:1.0
