Class_13.java,
Node,DL_pred,DL_truth,DL_correct,Rule_pred,Rule_truth,Rule_correct,Total_correct
JFrame,javax.swing.JFrame,javax.swing.JFrame,1,javax.swing.JFrame,javax.swing.JFrame,1,1
JFrame,javax.swing.JFrame,javax.swing.JFrame,1,javax.swing.JFrame,javax.swing.JFrame,1,1
JTextArea,javax.swing.JTextArea,javax.swing.JTextArea,1,javax.swing.JTextArea,javax.swing.JTextArea,1,1
SwingUtilities,javax.swing.SwingUtilities,javax.swing.SwingUtilities,1,javax.swing.SwingUtilities,javax.swing.SwingUtilities,1,1
UIManager,javax.swing.UIManager,javax.swing.UIManager,1,javax.swing.UIManager,javax.swing.UIManager,1,1
dl_correct:5,dl_accuracy:1.0,,rule_correct:5,rule_checked:5,rule_accuracy:1.0,rule_recall:1.0
checked:5,total correct:5,total accuracy:1.0
