hb19.java,
Node,DL_pred,DL_truth,DL_correct,Rule_pred,Rule_truth,Rule_correct,Total_correct
Type,org.hibernate.type.Type,org.hibernate.annotations.Type,0,org.hibernate.type.Type,org.hibernate.annotations.Type,0,0
TypeFactory,org.hibernate.type.TypeFactory,org.hibernate.type.TypeFactory,1,org.hibernate.type.TypeFactory,org.hibernate.type.TypeFactory,1,1
SerializableType,org.hibernate.type.SerializableType,org.hibernate.type.SerializableType,1,org.hibernate.type.SerializableType,org.hibernate.type.SerializableType,1,1
dl_correct:2,dl_accuracy:0.6667,,rule_correct:2,rule_checked:3,rule_accuracy:0.6667,rule_recall:0.6667
checked:3,total correct:2,total accuracy:0.6667
