hb2.java,
Node,DL_pred,DL_truth,DL_correct,Rule_pred,Rule_truth,Rule_correct,Total_correct
Entity,jakarta.persistence.Entity,javax.persistence.Entity,0,javax.persistence.Entity,javax.persistence.Entity,1,1
OneToMany,jakarta.persistence.OneToMany,javax.persistence.OneToMany,0,javax.persistence.OneToMany,javax.persistence.OneToMany,1,1
List,java.util.List,java.util.List,1,java.util.List,java.util.List,1,1
dl_correct:1,dl_accuracy:0.3333,,rule_correct:3,rule_checked:3,rule_accuracy:1.0,rule_recall:1.0
checked:3,total correct:3,total accuracy:1.0
