hb20.java,
Node,DL_pred,DL_truth,DL_correct,Rule_pred,Rule_truth,Rule_correct,Total_correct
HibernateUtil,org.hibernate.util.HibernateUtil,net.sf.gilead.core.hibernate.HibernateUtil,0,net.sf.gilead.core.hibernate.HibernateUtil,net.sf.gilead.core.hibernate.HibernateUtil,1,1
Transaction,org.hibernate.Transaction,org.hibernate.Transaction,1,org.hibernate.Transaction,org.hibernate.Transaction,1,1
FragmentManager,org.hibernate.service.FragmentManager,android.app.FragmentManager,0,android.app.FragmentManager,android.app.FragmentManager,1,1
dl_correct:1,dl_accuracy:0.3333,,rule_correct:3,rule_checked:3,rule_accuracy:1.0,rule_recall:1.0
checked:3,total correct:3,total accuracy:1.0
