hb1.java,
Node,DL_pred,DL_truth,DL_correct,Rule_pred,Rule_truth,Rule_correct,Total_correct
Configuration,org.hibernate.cfg.Configuration,org.hibernate.cfg.Configuration,1,org.hibernate.cfg.Configuration,org.hibernate.cfg.Configuration,1,1
new Configuration(),org.hibernate.cfg.Configuration,org.hibernate.cfg.Configuration,1,org.hibernate.cfg.Configuration,org.hibernate.cfg.Configuration,1,1
dl_correct:2,dl_accuracy:1.0,,rule_correct:2,rule_checked:2,rule_accuracy:1.0,rule_recall:1.0
checked:2,total correct:2,total accuracy:1.0

hb10.java,
Node,DL_pred,DL_truth,DL_correct,Rule_pred,Rule_truth,Rule_correct,Total_correct
SpringApplication,java.lang.SpringApplication,org.springframework.boot.SpringApplication,0,-,-,0,0
Application,android.util.Application,javafx.application.Application,0,android.app.Application,-,0,0
dl_correct:0,dl_accuracy:0.0,,rule_correct:0,rule_checked:1,rule_accuracy:0.0,rule_recall:0.0
checked:2,total correct:0,total accuracy:0.0

hb11.java,
Node,DL_pred,DL_truth,DL_correct,Rule_pred,Rule_truth,Rule_correct,Total_correct
Configuration,org.hibernate.cfg.Configuration,org.hibernate.cfg.Configuration,1,org.hibernate.cfg.Configuration,org.hibernate.cfg.Configuration,1,1
SessionFactory,org.hibernate.SessionFactory,org.hibernate.SessionFactory,1,org.hibernate.SessionFactory,org.hibernate.SessionFactory,1,1
Session,org.hibernate.Session,org.hibernate.Session,1,org.hibernate.Session,org.hibernate.Session,1,1
Transaction,org.hibernate.Transaction,org.hibernate.Transaction,1,org.hibernate.Transaction,org.hibernate.Transaction,1,1
dl_correct:4,dl_accuracy:1.0,,rule_correct:4,rule_checked:4,rule_accuracy:1.0,rule_recall:1.0
checked:4,total correct:4,total accuracy:1.0

hb12.java,
Node,DL_pred,DL_truth,DL_correct,Rule_pred,Rule_truth,Rule_correct,Total_correct
Type,java.lang.reflect.Type,org.hibernate.annotations.Type,0,java.lang.reflect.Type,org.hibernate.annotations.Type,0,0
Mapping,org.hibernate.engine.Mapping,org.hibernate.engine.Mapping,1,org.hibernate.engine.Mapping,org.hibernate.engine.Mapping,1,1
QueryException,org.hibernate.QueryException,org.hibernate.QueryException,1,org.hibernate.QueryException,org.hibernate.QueryException,1,1
QueryException,org.hibernate.QueryException,org.hibernate.QueryException,1,org.hibernate.QueryException,org.hibernate.QueryException,1,1
dl_correct:3,dl_accuracy:0.75,,rule_correct:3,rule_checked:4,rule_accuracy:0.75,rule_recall:0.75
checked:4,total correct:3,total accuracy:0.75

hb13.java,
Node,DL_pred,DL_truth,DL_correct,Rule_pred,Rule_truth,Rule_correct,Total_correct
Type,org.hibernate.type.Type,org.hibernate.annotations.Type,0,org.hibernate.type.Type,org.hibernate.annotations.Type,0,0
HibernateException,org.hibernate.HibernateException,org.hibernate.HibernateException,1,org.hibernate.HibernateException,org.hibernate.HibernateException,1,1
Hibernate,org.hibernate.Hibernate,org.hibernate.Hibernate,1,org.hibernate.Hibernate,org.hibernate.Hibernate,1,1
dl_correct:2,dl_accuracy:0.6667,,rule_correct:2,rule_checked:3,rule_accuracy:0.6667,rule_recall:0.6667
checked:3,total correct:2,total accuracy:0.6667

hb14.java,
Node,DL_pred,DL_truth,DL_correct,Rule_pred,Rule_truth,Rule_correct,Total_correct
List,java.util.List,org.hibernate.mapping.List,0,org.hibernate.mapping.List,org.hibernate.mapping.List,1,1
SimpleValue,org.hibernate.mapping.SimpleValue,org.hibernate.mapping.SimpleValue,1,org.hibernate.mapping.SimpleValue,org.hibernate.mapping.SimpleValue,1,1
SimpleValue,org.hibernate.mapping.SimpleValue,org.hibernate.mapping.SimpleValue,1,org.hibernate.mapping.SimpleValue,org.hibernate.mapping.SimpleValue,1,1
dl_correct:2,dl_accuracy:0.6667,,rule_correct:3,rule_checked:3,rule_accuracy:1.0,rule_recall:1.0
checked:3,total correct:3,total accuracy:1.0

hb15.java,
Node,DL_pred,DL_truth,DL_correct,Rule_pred,Rule_truth,Rule_correct,Total_correct
OneToMany,jakarta.persistence.OneToMany,javax.persistence.OneToMany,0,javax.persistence.OneToMany,javax.persistence.OneToMany,1,1
Set,java.util.Set,java.util.Set,1,java.util.Set,java.util.Set,1,1
dl_correct:1,dl_accuracy:0.5,,rule_correct:2,rule_checked:2,rule_accuracy:1.0,rule_recall:1.0
checked:2,total correct:2,total accuracy:1.0

hb16.java,
Node,DL_pred,DL_truth,DL_correct,Rule_pred,Rule_truth,Rule_correct,Total_correct
OneToMany,jakarta.persistence.OneToMany,javax.persistence.OneToMany,0,javax.persistence.OneToMany,javax.persistence.OneToMany,1,1
Column,jakarta.persistence.Column,javax.persistence.Column,0,javax.persistence.Column,javax.persistence.Column,1,1
List,java.util.List,java.util.List,1,java.util.List,java.util.List,1,1
ArrayList,java.util.ArrayList,java.util.ArrayList,1,java.util.ArrayList,java.util.ArrayList,1,1
dl_correct:2,dl_accuracy:0.5,,rule_correct:4,rule_checked:4,rule_accuracy:1.0,rule_recall:1.0
checked:4,total correct:4,total accuracy:1.0

hb17.java,
Node,DL_pred,DL_truth,DL_correct,Rule_pred,Rule_truth,Rule_correct,Total_correct
Appender,java.lang.Appender,org.apache.log4j.Appender,0,org.apache.log4j.Appender,org.apache.log4j.Appender,1,1
Type,org.hibernate.type.Type,org.hibernate.annotations.Type,0,org.hibernate.type.Type,org.hibernate.annotations.Type,0,0
TypeFactory,org.hibernate.type.TypeFactory,org.hibernate.type.TypeFactory,1,org.hibernate.type.TypeFactory,org.hibernate.type.TypeFactory,1,1
SerializableType,org.hibernate.type.SerializableType,org.hibernate.type.SerializableType,1,org.hibernate.type.SerializableType,org.hibernate.type.SerializableType,1,1
dl_correct:2,dl_accuracy:0.5,,rule_correct:3,rule_checked:4,rule_accuracy:0.75,rule_recall:0.75
checked:4,total correct:3,total accuracy:0.75

hb18.java,
Node,DL_pred,DL_truth,DL_correct,Rule_pred,Rule_truth,Rule_correct,Total_correct
List,java.util.List,org.hibernate.mapping.List,0,org.hibernate.mapping.List,org.hibernate.mapping.List,1,1
SimpleValue,org.hibernate.mapping.SimpleValue,org.hibernate.mapping.SimpleValue,1,org.hibernate.mapping.SimpleValue,org.hibernate.mapping.SimpleValue,1,1
SimpleValue,org.hibernate.mapping.SimpleValue,org.hibernate.mapping.SimpleValue,1,org.hibernate.mapping.SimpleValue,org.hibernate.mapping.SimpleValue,1,1
dl_correct:2,dl_accuracy:0.6667,,rule_correct:3,rule_checked:3,rule_accuracy:1.0,rule_recall:1.0
checked:3,total correct:3,total accuracy:1.0

hb19.java,
Node,DL_pred,DL_truth,DL_correct,Rule_pred,Rule_truth,Rule_correct,Total_correct
Type,org.hibernate.type.Type,org.hibernate.annotations.Type,0,org.hibernate.type.Type,org.hibernate.annotations.Type,0,0
TypeFactory,org.hibernate.type.TypeFactory,org.hibernate.type.TypeFactory,1,org.hibernate.type.TypeFactory,org.hibernate.type.TypeFactory,1,1
SerializableType,org.hibernate.type.SerializableType,org.hibernate.type.SerializableType,1,org.hibernate.type.SerializableType,org.hibernate.type.SerializableType,1,1
dl_correct:2,dl_accuracy:0.6667,,rule_correct:2,rule_checked:3,rule_accuracy:0.6667,rule_recall:0.6667
checked:3,total correct:2,total accuracy:0.6667

hb2.java,
Node,DL_pred,DL_truth,DL_correct,Rule_pred,Rule_truth,Rule_correct,Total_correct
Entity,jakarta.persistence.Entity,javax.persistence.Entity,0,javax.persistence.Entity,javax.persistence.Entity,1,1
OneToMany,jakarta.persistence.OneToMany,javax.persistence.OneToMany,0,javax.persistence.OneToMany,javax.persistence.OneToMany,1,1
List,java.util.List,java.util.List,1,java.util.List,java.util.List,1,1
dl_correct:1,dl_accuracy:0.3333,,rule_correct:3,rule_checked:3,rule_accuracy:1.0,rule_recall:1.0
checked:3,total correct:3,total accuracy:1.0

hb20.java,
Node,DL_pred,DL_truth,DL_correct,Rule_pred,Rule_truth,Rule_correct,Total_correct
HibernateUtil,org.hibernate.internal.HibernateUtil,net.sf.gilead.core.hibernate.HibernateUtil,0,net.sf.gilead.core.hibernate.HibernateUtil,net.sf.gilead.core.hibernate.HibernateUtil,1,1
Transaction,org.hibernate.Transaction,org.hibernate.Transaction,1,org.hibernate.Transaction,org.hibernate.Transaction,1,1
FragmentManager,org.hibernate.service.FragmentManager,android.app.FragmentManager,0,android.app.FragmentManager,android.app.FragmentManager,1,1
dl_correct:1,dl_accuracy:0.3333,,rule_correct:3,rule_checked:3,rule_accuracy:1.0,rule_recall:1.0
checked:3,total correct:3,total accuracy:1.0

hb4.java,
Node,DL_pred,DL_truth,DL_correct,Rule_pred,Rule_truth,Rule_correct,Total_correct
Session,org.hibernate.Session,org.hibernate.Session,1,org.hibernate.Session,org.hibernate.Session,1,1
SessionFactory,org.hibernate.SessionFactory,org.hibernate.SessionFactory,1,org.hibernate.SessionFactory,org.hibernate.SessionFactory,1,1
dl_correct:2,dl_accuracy:1.0,,rule_correct:2,rule_checked:2,rule_accuracy:1.0,rule_recall:1.0
checked:2,total correct:2,total accuracy:1.0

hb5.java,
Node,DL_pred,DL_truth,DL_correct,Rule_pred,Rule_truth,Rule_correct,Total_correct
Test,org.junit.Test,org.junit.Test,1,org.junit.Test,org.junit.Test,1,1
SessionFactory,org.hibernate.SessionFactory,org.hibernate.SessionFactory,1,org.hibernate.SessionFactory,org.hibernate.SessionFactory,1,1
Session,org.hibernate.Session,org.hibernate.Session,1,org.hibernate.Session,org.hibernate.Session,1,1
Transaction,org.hibernate.Transaction,org.hibernate.Transaction,1,org.hibernate.Transaction,org.hibernate.Transaction,1,1
dl_correct:4,dl_accuracy:1.0,,rule_correct:4,rule_checked:4,rule_accuracy:1.0,rule_recall:1.0
checked:4,total correct:4,total accuracy:1.0

hb6.java,
Node,DL_pred,DL_truth,DL_correct,Rule_pred,Rule_truth,Rule_correct,Total_correct
Configuration,org.hibernate.cfg.Configuration,org.hibernate.cfg.Configuration,1,org.hibernate.cfg.Configuration,org.hibernate.cfg.Configuration,1,1
new Configuration(),org.hibernate.cfg.Configuration,org.hibernate.cfg.Configuration,1,org.hibernate.cfg.Configuration,org.hibernate.cfg.Configuration,1,1
SessionFactory,org.hibernate.SessionFactory,org.hibernate.SessionFactory,1,org.hibernate.SessionFactory,org.hibernate.SessionFactory,1,1
dl_correct:3,dl_accuracy:1.0,,rule_correct:3,rule_checked:3,rule_accuracy:1.0,rule_recall:1.0
checked:3,total correct:3,total accuracy:1.0

hb7.java,
Node,DL_pred,DL_truth,DL_correct,Rule_pred,Rule_truth,Rule_correct,Total_correct
Configuration,org.hibernate.cfg.Configuration,org.hibernate.cfg.Configuration,1,org.hibernate.cfg.Configuration,org.hibernate.cfg.Configuration,1,1
new Configuration(),org.hibernate.cfg.Configuration,org.hibernate.cfg.Configuration,1,org.hibernate.cfg.Configuration,org.hibernate.cfg.Configuration,1,1
SessionFactory,org.hibernate.SessionFactory,org.hibernate.SessionFactory,1,org.hibernate.SessionFactory,org.hibernate.SessionFactory,1,1
Session,org.hibernate.Session,org.hibernate.Session,1,org.hibernate.Session,org.hibernate.Session,1,1
dl_correct:4,dl_accuracy:1.0,,rule_correct:4,rule_checked:4,rule_accuracy:1.0,rule_recall:1.0
checked:4,total correct:4,total accuracy:1.0

hb8.java,
Node,DL_pred,DL_truth,DL_correct,Rule_pred,Rule_truth,Rule_correct,Total_correct
SessionFactory,org.hibernate.SessionFactory,org.hibernate.SessionFactory,1,org.hibernate.SessionFactory,org.hibernate.SessionFactory,1,1
Session,org.hibernate.Session,org.hibernate.Session,1,org.hibernate.Session,org.hibernate.Session,1,1
dl_correct:2,dl_accuracy:1.0,,rule_correct:2,rule_checked:2,rule_accuracy:1.0,rule_recall:1.0
checked:2,total correct:2,total accuracy:1.0

hb9.java,
Node,DL_pred,DL_truth,DL_correct,Rule_pred,Rule_truth,Rule_correct,Total_correct
HibernateException,org.hibernate.HibernateException,org.hibernate.HibernateException,1,org.hibernate.HibernateException,org.hibernate.HibernateException,1,1
TransactionException,org.hibernate.TransactionException,org.hibernate.TransactionException,1,org.hibernate.TransactionException,org.hibernate.TransactionException,1,1
dl_correct:2,dl_accuracy:1.0,,rule_correct:2,rule_checked:2,rule_accuracy:1.0,rule_recall:1.0
checked:2,total correct:2,total accuracy:1.0

total status,
total checked:57,rule correct:51,rule checked:56,dl correct:41,total correct:51
dl precision:0.7193,rule precision:0.9107,rule recall:0.8947,total_precision:0.8947
