ad20.java,
Node,DL_pred,DL_truth,DL_correct,Rule_pred,Rule_truth,Rule_correct,Total_correct
SimpleDateFormat,java.text.SimpleDateFormat,java.text.SimpleDateFormat,1,java.text.SimpleDateFormat,java.text.SimpleDateFormat,1,1
Locale,java.util.Locale,java.util.Locale,1,java.util.Locale,java.util.Locale,1,1
new Date(),java.util.Date,java.util.Date,1,java.util.Date,java.util.Date,1,1
Instant,java.time.Instant,org.joda.time.Instant,0,-,-,0,0
dl_correct:3,dl_accuracy:0.75,,rule_correct:3,rule_checked:3,rule_accuracy:1.0,rule_recall:0.75
checked:4,total correct:3,total accuracy:0.75
