gwt_class_24.java,
Node,DL_pred,DL_truth,DL_correct,Rule_pred,Rule_truth,Rule_correct,Total_correct
Composite,com.google.gwt.user.client.ui.Composite,com.google.gwt.user.client.ui.Composite,1,com.google.gwt.user.client.ui.Composite,com.google.gwt.user.client.ui.Composite,1,1
ClickHandler,com.google.gwt.event.dom.client.ClickHandler,com.google.gwt.event.dom.client.ClickHandler,1,com.google.gwt.event.dom.client.ClickHandler,com.google.gwt.event.dom.client.ClickHandler,1,1
HasClickHandlers,com.google.gwt.event.dom.client.HasClickHandlers,com.google.gwt.event.dom.client.HasClickHandlers,1,com.google.gwt.event.dom.client.HasClickHandlers,com.google.gwt.event.dom.client.HasClickHandlers,1,1
HandlerRegistration,com.google.gwt.event.shared.HandlerRegistration,com.google.gwt.event.shared.HandlerRegistration,1,com.google.gwt.event.shared.HandlerRegistration,com.google.gwt.event.shared.HandlerRegistration,1,1
ClickEvent,com.google.gwt.event.dom.client.ClickEvent,com.google.gwt.event.dom.client.ClickEvent,1,com.google.gwt.event.dom.client.ClickEvent,com.google.gwt.event.dom.client.ClickEvent,1,1
DOM,com.google.gwt.user.client.DOM,com.google.gwt.user.client.DOM,1,com.google.gwt.user.client.DOM,com.google.gwt.user.client.DOM,1,1
Widget,com.google.gwt.user.client.ui.Widget,com.google.gwt.user.client.ui.Widget,1,-,-,0,1
dl_correct:7,dl_accuracy:1.0,,rule_correct:6,rule_checked:6,rule_accuracy:1.0,rule_recall:0.8571
checked:7,total correct:7,total accuracy:1.0
