gwt_class_45.java,
Node,DL_pred,DL_truth,DL_correct,Rule_pred,Rule_truth,Rule_correct,Total_correct
EntryPoint,com.google.gwt.core.client.EntryPoint,com.google.gwt.core.client.EntryPoint,1,com.google.gwt.core.client.EntryPoint,com.google.gwt.core.client.EntryPoint,1,1
Label,com.google.gwt.user.client.ui.Label,com.google.gwt.user.client.ui.Label,1,-,-,0,1
new Label,com.google.gwt.user.client.ui.Label,com.google.gwt.user.client.ui.Label,1,-,-,0,1
Button,com.google.gwt.user.client.ui.Button,com.google.gwt.user.client.ui.Button,1,-,-,0,1
new Button,com.google.gwt.user.client.ui.Button,com.google.gwt.user.client.ui.Button,1,-,-,0,1
new ClickHandler(),com.google.gwt.event.dom.client.ClickHandler,com.google.gwt.event.dom.client.ClickHandler,1,-,-,0,1
RootPanel,com.google.gwt.user.client.ui.RootPanel,com.google.gwt.user.client.ui.RootPanel,1,-,-,0,1
dl_correct:7,dl_accuracy:1.0,,rule_correct:1,rule_checked:1,rule_accuracy:1.0,rule_recall:0.1429
checked:7,total correct:7,total accuracy:1.0
