gwt_class_29.java,
Node,DL_pred,DL_truth,DL_correct,Rule_pred,Rule_truth,Rule_correct,Total_correct
JsonpRequestBuilder,com.google.gwt.jsonp.client.JsonpRequestBuilder,com.google.gwt.jsonp.client.JsonpRequestBuilder,1,com.google.gwt.jsonp.client.JsonpRequestBuilder,com.google.gwt.jsonp.client.JsonpRequestBuilder,1,1
new JsonpRequestBuilder(),com.google.gwt.jsonp.client.JsonpRequestBuilder,com.google.gwt.jsonp.client.JsonpRequestBuilder,1,com.google.gwt.jsonp.client.JsonpRequestBuilder,com.google.gwt.jsonp.client.JsonpRequestBuilder,1,1
AsyncCallback,com.google.gwt.user.client.rpc.AsyncCallback,com.google.gwt.user.client.rpc.AsyncCallback,1,com.google.gwt.user.client.rpc.AsyncCallback,com.google.gwt.user.client.rpc.AsyncCallback,1,1
Article,com.google.gwt.user.client.Article,org.apache.commons.net.nntp.Article,0,org.apache.commons.net.nntp.Article,org.apache.commons.net.nntp.Article,1,1
Window,com.google.gwt.user.client.Window,com.google.gwt.user.client.Window,1,com.google.gwt.user.client.Window,com.google.gwt.user.client.Window,1,1
dl_correct:4,dl_accuracy:0.8,,rule_correct:5,rule_checked:5,rule_accuracy:1.0,rule_recall:1.0
checked:5,total correct:5,total accuracy:1.0
