gwt_class_23.java,
Node,DL_pred,DL_truth,DL_correct,Rule_pred,Rule_truth,Rule_correct,Total_correct
UUID,java.util.UUID,java.util.UUID,1,java.util.UUID,java.util.UUID,1,1
RequestBuilder,com.google.gwt.http.client.RequestBuilder,com.google.gwt.http.client.RequestBuilder,1,com.google.gwt.http.client.RequestBuilder,com.google.gwt.http.client.RequestBuilder,1,1
RequestBuilder,com.google.gwt.http.client.RequestBuilder,com.google.gwt.http.client.RequestBuilder,1,com.google.gwt.http.client.RequestBuilder,com.google.gwt.http.client.RequestBuilder,1,1
RequestCallback,com.google.gwt.http.client.RequestCallback,com.google.gwt.http.client.RequestCallback,1,com.google.gwt.http.client.RequestCallback,com.google.gwt.http.client.RequestCallback,1,1
RequestException,com.google.gwt.http.client.RequestException,com.google.gwt.http.client.RequestException,1,com.google.gwt.http.client.RequestException,com.google.gwt.http.client.RequestException,1,1
dl_correct:5,dl_accuracy:1.0,,rule_correct:5,rule_checked:5,rule_accuracy:1.0,rule_recall:1.0
checked:5,total correct:5,total accuracy:1.0
