gwt_class_1.java,
Node,DL_pred,DL_truth,DL_correct,Rule_pred,Rule_truth,Rule_correct,Total_correct
Composite,com.google.gwt.user.client.ui.Composite,com.google.gwt.user.client.ui.Composite,1,com.google.gwt.user.client.ui.Composite,com.google.gwt.user.client.ui.Composite,1,1
MouseDownHandler,com.google.gwt.event.dom.client.MouseDownHandler,com.google.gwt.event.dom.client.MouseDownHandler,1,com.google.gwt.event.dom.client.MouseDownHandler,com.google.gwt.event.dom.client.MouseDownHandler,1,1
AbsolutePanel,com.google.gwt.user.client.ui.AbsolutePanel,com.google.gwt.user.client.ui.AbsolutePanel,1,com.google.gwt.user.client.ui.AbsolutePanel,com.google.gwt.user.client.ui.AbsolutePanel,1,1
new AbsolutePanel(),com.google.gwt.user.client.ui.AbsolutePanel,com.google.gwt.user.client.ui.AbsolutePanel,1,com.google.gwt.user.client.ui.AbsolutePanel,com.google.gwt.user.client.ui.AbsolutePanel,1,1
MouseDownEvent,com.google.gwt.event.dom.client.MouseDownEvent,com.google.gwt.event.dom.client.MouseDownEvent,1,com.google.gwt.event.dom.client.MouseDownEvent,com.google.gwt.event.dom.client.MouseDownEvent,1,1
dl_correct:5,dl_accuracy:1.0,,rule_correct:5,rule_checked:5,rule_accuracy:1.0,rule_recall:1.0
checked:5,total correct:5,total accuracy:1.0
