gwt_class_9.java,
Node,DL_pred,DL_truth,DL_correct,Rule_pred,Rule_truth,Rule_correct,Total_correct
VerticalPanel,com.google.gwt.user.client.ui.VerticalPanel,com.google.gwt.user.client.ui.VerticalPanel,1,com.google.gwt.user.client.ui.VerticalPanel,com.google.gwt.user.client.ui.VerticalPanel,1,1
new VerticalPanel(),com.google.gwt.user.client.ui.VerticalPanel,com.google.gwt.user.client.ui.VerticalPanel,1,com.google.gwt.user.client.ui.VerticalPanel,com.google.gwt.user.client.ui.VerticalPanel,1,1
Command,com.google.gwt.user.client.Command,com.google.gwt.user.client.Command,1,com.google.gwt.user.client.Command,com.google.gwt.user.client.Command,1,1
Command,com.google.gwt.user.client.Command,com.google.gwt.user.client.Command,1,com.google.gwt.user.client.Command,com.google.gwt.user.client.Command,1,1
MenuBar,com.google.gwt.user.client.ui.MenuBar,com.google.gwt.user.client.ui.MenuBar,1,com.google.gwt.user.client.ui.MenuBar,com.google.gwt.user.client.ui.MenuBar,1,1
new MenuBar(),com.google.gwt.user.client.ui.MenuBar,com.google.gwt.user.client.ui.MenuBar,1,com.google.gwt.user.client.ui.MenuBar,com.google.gwt.user.client.ui.MenuBar,1,1
MenuBar,com.google.gwt.user.client.ui.MenuBar,com.google.gwt.user.client.ui.MenuBar,1,com.google.gwt.user.client.ui.MenuBar,com.google.gwt.user.client.ui.MenuBar,1,1
dl_correct:7,dl_accuracy:1.0,,rule_correct:7,rule_checked:7,rule_accuracy:1.0,rule_recall:1.0
checked:7,total correct:7,total accuracy:1.0
