gwt_class_40.java,
Node,DL_pred,DL_truth,DL_correct,Rule_pred,Rule_truth,Rule_correct,Total_correct
HorizontalPanel,com.google.gwt.user.client.ui.HorizontalPanel,com.google.gwt.user.client.ui.HorizontalPanel,1,com.google.gwt.user.client.ui.HorizontalPanel,com.google.gwt.user.client.ui.HorizontalPanel,1,1
new HorizontalPanel(),com.google.gwt.user.client.ui.HorizontalPanel,com.google.gwt.user.client.ui.HorizontalPanel,1,com.google.gwt.user.client.ui.HorizontalPanel,com.google.gwt.user.client.ui.HorizontalPanel,1,1
Label,com.google.gwt.user.client.ui.Label,com.google.gwt.user.client.ui.Label,1,com.google.gwt.user.client.ui.Label,com.google.gwt.user.client.ui.Label,1,1
LayoutContainer,javax.swing.LayoutContainer,com.extjs.gxt.ui.client.widget.LayoutContainer,0,com.extjs.gxt.ui.client.widget.LayoutContainer,com.extjs.gxt.ui.client.widget.LayoutContainer,1,1
new LayoutContainer(),android.widget.LayoutContainer,com.extjs.gxt.ui.client.widget.LayoutContainer,0,com.extjs.gxt.ui.client.widget.LayoutContainer,com.extjs.gxt.ui.client.widget.LayoutContainer,1,1
dl_correct:3,dl_accuracy:0.6,,rule_correct:5,rule_checked:5,rule_accuracy:1.0,rule_recall:1.0
checked:5,total correct:5,total accuracy:1.0
