gwt_class_40.java,
Node,DL_pred,DL_truth,DL_correct,Rule_pred,Rule_truth,Rule_correct,Total_correct
HorizontalPanel,com.google.gwt.user.client.ui.HorizontalPanel,com.google.gwt.user.client.ui.HorizontalPanel,1,com.extjs.gxt.ui.client.widget.HorizontalPanel,com.google.gwt.user.client.ui.HorizontalPanel,0,0
new HorizontalPanel(),android.widget.HorizontalPanel,com.google.gwt.user.client.ui.HorizontalPanel,0,com.extjs.gxt.ui.client.widget.HorizontalPanel,com.google.gwt.user.client.ui.HorizontalPanel,0,0
Label,com.google.gwt.user.client.ui.Label,com.google.gwt.user.client.ui.Label,1,com.extjs.gxt.ui.client.widget.Label,com.google.gwt.user.client.ui.Label,0,0
LayoutContainer,java.awt.LayoutContainer,com.extjs.gxt.ui.client.widget.LayoutContainer,0,com.extjs.gxt.ui.client.widget.LayoutContainer,com.extjs.gxt.ui.client.widget.LayoutContainer,1,1
new LayoutContainer(),com.extjs.gxt.ui.client.widget.LayoutContainer,com.extjs.gxt.ui.client.widget.LayoutContainer,1,com.extjs.gxt.ui.client.widget.LayoutContainer,com.extjs.gxt.ui.client.widget.LayoutContainer,1,1
dl_correct:3,dl_accuracy:0.6,,rule_correct:2,rule_checked:5,rule_accuracy:0.4,rule_recall:0.4
checked:5,total correct:2,total accuracy:0.4
