gwt_class_5.java,
Node,DL_pred,DL_truth,DL_correct,Rule_pred,Rule_truth,Rule_correct,Total_correct
JsArray,com.google.gwt.core.client.JsArray,com.google.gwt.core.client.JsArray,1,com.google.gwt.core.client.JsArray,com.google.gwt.core.client.JsArray,1,1
JsArrayInteger,com.google.gwt.core.client.JsArrayInteger,com.google.gwt.core.client.JsArrayInteger,1,com.google.gwt.core.client.JsArrayInteger,com.google.gwt.core.client.JsArrayInteger,1,1
dl_correct:2,dl_accuracy:1.0,,rule_correct:2,rule_checked:2,rule_accuracy:1.0,rule_recall:1.0
checked:2,total correct:2,total accuracy:1.0
