gwt_class_7.java,
Node,DL_pred,DL_truth,DL_correct,Rule_pred,Rule_truth,Rule_correct,Total_correct
EntryPoint,com.google.gwt.core.client.EntryPoint,com.google.gwt.core.client.EntryPoint,1,com.google.gwt.core.client.EntryPoint,com.google.gwt.core.client.EntryPoint,1,1
Panel,com.google.gwt.user.client.ui.Panel,com.google.gwt.user.client.ui.Panel,1,com.google.gwt.user.client.ui.Panel,com.google.gwt.user.client.ui.Panel,1,1
Timer,com.google.gwt.user.client.Timer,com.google.gwt.user.client.Timer,1,com.google.gwt.user.client.Timer,com.google.gwt.user.client.Timer,1,1
Table,com.google.gwt.user.client.Table,com.extjs.gxt.ui.client.widget.table.Table,0,com.extjs.gxt.ui.client.widget.table.Table,com.extjs.gxt.ui.client.widget.table.Table,1,1
RootPanel,com.google.gwt.user.client.ui.RootPanel,com.google.gwt.user.client.ui.RootPanel,1,com.google.gwt.user.client.ui.RootPanel,com.google.gwt.user.client.ui.RootPanel,1,1
new VerticalPanel(),com.google.gwt.user.client.ui.VerticalPanel,com.google.gwt.user.client.ui.VerticalPanel,1,com.google.gwt.user.client.ui.VerticalPanel,com.google.gwt.user.client.ui.VerticalPanel,1,1
Timer,java.util.Timer,com.google.gwt.user.client.Timer,0,com.google.gwt.user.client.Timer,com.google.gwt.user.client.Timer,1,1
dl_correct:5,dl_accuracy:0.7143,,rule_correct:7,rule_checked:7,rule_accuracy:1.0,rule_recall:1.0
checked:7,total correct:7,total accuracy:1.0
