gwt_class_41.java,
Node,DL_pred,DL_truth,DL_correct,Rule_pred,Rule_truth,Rule_correct,Total_correct
Composite,com.google.gwt.user.client.ui.Composite,com.google.gwt.user.client.ui.Composite,1,com.google.gwt.user.client.ui.Composite,com.google.gwt.user.client.ui.Composite,1,1
Element,com.google.gwt.dom.client.Element,com.google.gwt.dom.client.Element,1,com.google.gwt.dom.client.Element,com.google.gwt.dom.client.Element,1,1
RootPanel,com.google.gwt.user.client.ui.RootPanel,com.google.gwt.user.client.ui.RootPanel,1,com.google.gwt.user.client.ui.RootPanel,com.google.gwt.user.client.ui.RootPanel,1,1
VerticalPanel,com.google.gwt.user.client.ui.VerticalPanel,com.google.gwt.user.client.ui.VerticalPanel,1,com.google.gwt.user.client.ui.VerticalPanel,com.google.gwt.user.client.ui.VerticalPanel,1,1
new VerticalPanel(),com.google.gwt.user.client.ui.VerticalPanel,com.google.gwt.user.client.ui.VerticalPanel,1,com.google.gwt.user.client.ui.VerticalPanel,com.google.gwt.user.client.ui.VerticalPanel,1,1
Label,com.google.gwt.user.client.ui.Label,com.google.gwt.user.client.ui.Label,1,com.google.gwt.user.client.ui.Label,com.google.gwt.user.client.ui.Label,1,1
Button,com.google.gwt.user.client.ui.Button,com.google.gwt.user.client.ui.Button,1,com.google.gwt.user.client.ui.Button,com.google.gwt.user.client.ui.Button,1,1
Button,com.google.gwt.user.client.ui.Button,com.google.gwt.user.client.ui.Button,1,com.google.gwt.user.client.ui.Button,com.google.gwt.user.client.ui.Button,1,1
ClickHandler,com.google.gwt.event.dom.client.ClickHandler,com.google.gwt.event.dom.client.ClickHandler,1,com.google.gwt.event.dom.client.ClickHandler,com.google.gwt.event.dom.client.ClickHandler,1,1
dl_correct:9,dl_accuracy:1.0,,rule_correct:9,rule_checked:9,rule_accuracy:1.0,rule_recall:1.0
checked:9,total correct:9,total accuracy:1.0
