gwt_class_48.java,
Node,DL_pred,DL_truth,DL_correct,Rule_pred,Rule_truth,Rule_correct,Total_correct
EntryPoint,com.google.gwt.core.client.EntryPoint,com.google.gwt.core.client.EntryPoint,1,com.google.gwt.core.client.EntryPoint,com.google.gwt.core.client.EntryPoint,1,1
TabBar,com.google.gwt.user.client.ui.TabBar,com.google.gwt.user.client.ui.TabBar,1,com.google.gwt.user.client.ui.TabBar,com.google.gwt.user.client.ui.TabBar,1,1
new TabBar(),com.google.gwt.user.client.ui.TabBar,com.google.gwt.user.client.ui.TabBar,1,com.google.gwt.user.client.ui.TabBar,com.google.gwt.user.client.ui.TabBar,1,1
SelectionHandler,com.google.gwt.event.logical.shared.SelectionHandler,com.google.gwt.event.logical.shared.SelectionHandler,1,com.google.gwt.event.logical.shared.SelectionHandler,com.google.gwt.event.logical.shared.SelectionHandler,1,1
BeforeSelectionHandler,com.google.gwt.event.logical.shared.BeforeSelectionHandler,com.google.gwt.event.logical.shared.BeforeSelectionHandler,1,com.google.gwt.event.logical.shared.BeforeSelectionHandler,com.google.gwt.event.logical.shared.BeforeSelectionHandler,1,1
dl_correct:5,dl_accuracy:1.0,,rule_correct:5,rule_checked:5,rule_accuracy:1.0,rule_recall:1.0
checked:5,total correct:5,total accuracy:1.0
