gwt_class_47.java,
Node,DL_pred,DL_truth,DL_correct,Rule_pred,Rule_truth,Rule_correct,Total_correct
EntryPoint,com.google.gwt.core.client.EntryPoint,com.google.gwt.core.client.EntryPoint,1,com.google.gwt.core.client.EntryPoint,com.google.gwt.core.client.EntryPoint,1,1
Unit,com.google.gwt.dom.client.Unit,com.google.gwt.dom.client.Style.Unit,0,com.google.gwt.dom.client.Style.Unit,com.google.gwt.dom.client.Style.Unit,1,1
Widget,com.google.gwt.user.client.ui.Widget,com.google.gwt.user.client.ui.Widget,1,com.google.gwt.user.client.ui.Widget,com.google.gwt.user.client.ui.Widget,1,1
HTML,com.google.gwt.user.client.ui.HTML,com.google.gwt.user.client.ui.HTML,1,com.google.gwt.user.client.ui.HTML,com.google.gwt.user.client.ui.HTML,1,1
LayoutPanel,com.google.gwt.user.client.ui.LayoutPanel,com.google.gwt.user.client.ui.LayoutPanel,1,com.google.gwt.user.client.ui.LayoutPanel,com.google.gwt.user.client.ui.LayoutPanel,1,1
new LayoutPanel(),com.google.gwt.user.client.ui.LayoutPanel,com.google.gwt.user.client.ui.LayoutPanel,1,com.google.gwt.user.client.ui.LayoutPanel,com.google.gwt.user.client.ui.LayoutPanel,1,1
RootLayoutPanel,com.google.gwt.user.client.ui.RootLayoutPanel,com.google.gwt.user.client.ui.RootLayoutPanel,1,com.google.gwt.user.client.ui.RootLayoutPanel,com.google.gwt.user.client.ui.RootLayoutPanel,1,1
dl_correct:6,dl_accuracy:0.8571,,rule_correct:7,rule_checked:7,rule_accuracy:1.0,rule_recall:1.0
checked:7,total correct:7,total accuracy:1.0
