gwt_class_6.java,
Node,DL_pred,DL_truth,DL_correct,Rule_pred,Rule_truth,Rule_correct,Total_correct
Widget,com.google.gwt.user.client.ui.Widget,com.google.gwt.user.client.ui.Widget,1,com.google.gwt.user.client.ui.Widget,com.google.gwt.user.client.ui.Widget,1,1
Element,com.google.gwt.dom.client.Element,com.google.gwt.user.client.Element,0,com.google.gwt.user.client.Element,com.google.gwt.user.client.Element,1,1
DOM,com.google.gwt.user.client.DOM,com.google.gwt.user.client.DOM,1,com.google.gwt.user.client.DOM,com.google.gwt.user.client.DOM,1,1
dl_correct:2,dl_accuracy:0.6667,,rule_correct:3,rule_checked:3,rule_accuracy:1.0,rule_recall:1.0
checked:3,total correct:3,total accuracy:1.0
