gwt_class_36.java,
Node,DL_pred,DL_truth,DL_correct,Rule_pred,Rule_truth,Rule_correct,Total_correct
AbsolutePanel,com.google.gwt.user.client.ui.AbsolutePanel,com.google.gwt.user.client.ui.AbsolutePanel,1,com.google.gwt.user.client.ui.AbsolutePanel,com.google.gwt.user.client.ui.AbsolutePanel,1,1
new AbsolutePanel(),com.google.gwt.user.client.ui.AbsolutePanel,com.google.gwt.user.client.ui.AbsolutePanel,1,com.google.gwt.user.client.ui.AbsolutePanel,com.google.gwt.user.client.ui.AbsolutePanel,1,1
SimplePanel,com.google.gwt.user.client.ui.SimplePanel,com.google.gwt.user.client.ui.SimplePanel,1,com.google.gwt.user.client.ui.SimplePanel,com.google.gwt.user.client.ui.SimplePanel,1,1
new SimplePanel(),com.google.gwt.user.client.ui.SimplePanel,com.google.gwt.user.client.ui.SimplePanel,1,com.google.gwt.user.client.ui.SimplePanel,com.google.gwt.user.client.ui.SimplePanel,1,1
RootPanel,com.google.gwt.user.client.ui.RootPanel,com.google.gwt.user.client.ui.RootPanel,1,-,-,0,1
dl_correct:5,dl_accuracy:1.0,,rule_correct:4,rule_checked:4,rule_accuracy:1.0,rule_recall:0.8
checked:5,total correct:5,total accuracy:1.0
