gwt_class_38.java,
Node,DL_pred,DL_truth,DL_correct,Rule_pred,Rule_truth,Rule_correct,Total_correct
Composite,com.google.gwt.user.client.ui.Composite,com.google.gwt.user.client.ui.Composite,1,com.google.gwt.user.client.ui.Composite,com.google.gwt.user.client.ui.Composite,1,1
VerticalPanel,com.google.gwt.user.client.ui.VerticalPanel,com.google.gwt.user.client.ui.VerticalPanel,1,com.google.gwt.user.client.ui.VerticalPanel,com.google.gwt.user.client.ui.VerticalPanel,1,1
Hyperlink,com.google.gwt.user.client.ui.Hyperlink,com.google.gwt.user.client.ui.Hyperlink,1,com.google.gwt.user.client.ui.Hyperlink,com.google.gwt.user.client.ui.Hyperlink,1,1
new VerticalPanel(),com.google.gwt.user.client.ui.VerticalPanel,com.google.gwt.user.client.ui.VerticalPanel,1,com.google.gwt.user.client.ui.VerticalPanel,com.google.gwt.user.client.ui.VerticalPanel,1,1
Widget,com.google.gwt.user.client.ui.Widget,com.google.gwt.user.client.ui.Widget,1,com.google.gwt.user.client.ui.Widget,com.google.gwt.user.client.ui.Widget,1,1
Hyperlink,com.google.gwt.user.client.ui.Hyperlink,com.google.gwt.user.client.ui.Hyperlink,1,com.google.gwt.user.client.ui.Hyperlink,com.google.gwt.user.client.ui.Hyperlink,1,1
HasClickHandlers,com.google.gwt.event.dom.client.HasClickHandlers,com.google.gwt.event.dom.client.HasClickHandlers,1,com.google.gwt.event.dom.client.HasClickHandlers,com.google.gwt.event.dom.client.HasClickHandlers,1,1
dl_correct:7,dl_accuracy:1.0,,rule_correct:7,rule_checked:7,rule_accuracy:1.0,rule_recall:1.0
checked:7,total correct:7,total accuracy:1.0
