gwt_class_16.java,
Node,DL_pred,DL_truth,DL_correct,Rule_pred,Rule_truth,Rule_correct,Total_correct
RequestBuilder,com.google.gwt.http.client.RequestBuilder,com.google.gwt.http.client.RequestBuilder,1,com.google.gwt.http.client.RequestBuilder,com.google.gwt.http.client.RequestBuilder,1,1
RequestBuilder,com.google.gwt.http.client.RequestBuilder,com.google.gwt.http.client.RequestBuilder,1,com.google.gwt.http.client.RequestBuilder,com.google.gwt.http.client.RequestBuilder,1,1
RequestCallback,com.google.gwt.http.client.RequestCallback,com.google.gwt.http.client.RequestCallback,1,com.google.gwt.http.client.RequestCallback,com.google.gwt.http.client.RequestCallback,1,1
RootPanel,com.google.gwt.user.client.ui.RootPanel,com.google.gwt.user.client.ui.RootPanel,1,-,-,0,1
HTML,com.google.gwt.user.client.ui.HTML,com.google.gwt.user.client.ui.HTML,1,com.google.gwt.user.client.ui.HTML,com.google.gwt.user.client.ui.HTML,1,1
dl_correct:5,dl_accuracy:1.0,,rule_correct:4,rule_checked:4,rule_accuracy:1.0,rule_recall:0.8
checked:5,total correct:5,total accuracy:1.0
