gwt_class_18.java,
Node,DL_pred,DL_truth,DL_correct,Rule_pred,Rule_truth,Rule_correct,Total_correct
Composite,com.google.gwt.user.client.ui.Composite,com.google.gwt.user.client.ui.Composite,1,com.google.gwt.user.client.ui.Composite,com.google.gwt.user.client.ui.Composite,1,1
GWT,com.google.gwt.core.client.GWT,com.google.gwt.core.client.GWT,1,com.google.gwt.core.client.GWT,com.google.gwt.core.client.GWT,1,1
UiBinder,com.google.gwt.uibinder.client.UiBinder,com.google.gwt.uibinder.client.UiBinder,1,com.google.gwt.uibinder.client.UiBinder,com.google.gwt.uibinder.client.UiBinder,1,1
Widget,com.google.gwt.user.client.ui.Widget,com.google.gwt.user.client.ui.Widget,1,com.google.gwt.user.client.ui.Widget,com.google.gwt.user.client.ui.Widget,1,1
dl_correct:4,dl_accuracy:1.0,,rule_correct:4,rule_checked:4,rule_accuracy:1.0,rule_recall:1.0
checked:4,total correct:4,total accuracy:1.0
