gwt_class_41.java,
Node,DL_pred,DL_truth,DL_correct,Rule_pred,Rule_truth,Rule_correct,Total_correct
Composite,com.google.gwt.user.client.ui.Composite,com.google.gwt.user.client.ui.Composite,1,com.google.gwt.user.client.ui.Composite,com.google.gwt.user.client.ui.Composite,1,1
Element,com.google.gwt.dom.client.Element,com.google.gwt.dom.client.Element,1,org.w3c.dom.Element,com.google.gwt.dom.client.Element,0,0
RootPanel,com.google.gwt.user.client.ui.RootPanel,com.google.gwt.user.client.ui.RootPanel,1,-,-,0,1
VerticalPanel,com.google.gwt.user.client.ui.VerticalPanel,com.google.gwt.user.client.ui.VerticalPanel,1,com.google.gwt.user.client.ui.VerticalPanel,com.google.gwt.user.client.ui.VerticalPanel,1,1
new VerticalPanel(),com.google.gwt.user.client.ui.VerticalPanel,com.google.gwt.user.client.ui.VerticalPanel,1,com.google.gwt.user.client.ui.VerticalPanel,com.google.gwt.user.client.ui.VerticalPanel,1,1
Label,com.google.gwt.user.client.ui.Label,com.google.gwt.user.client.ui.Label,1,com.google.gwt.user.client.ui.Label,com.google.gwt.user.client.ui.Label,1,1
Button,com.google.gwt.user.client.ui.Button,com.google.gwt.user.client.ui.Button,1,com.google.gwt.user.client.ui.Button,com.google.gwt.user.client.ui.Button,1,1
Button,com.google.gwt.user.client.ui.Button,com.google.gwt.user.client.ui.Button,1,com.google.gwt.user.client.ui.Button,com.google.gwt.user.client.ui.Button,1,1
ClickHandler,com.google.gwt.event.dom.client.ClickHandler,com.google.gwt.event.dom.client.ClickHandler,1,com.google.gwt.event.dom.client.ClickHandler,com.google.gwt.event.dom.client.ClickHandler,1,1
dl_correct:9,dl_accuracy:1.0,,rule_correct:7,rule_checked:8,rule_accuracy:0.875,rule_recall:0.7778
checked:9,total correct:8,total accuracy:0.8889
