gwt_class_27.java,
Node,DL_pred,DL_truth,DL_correct,Rule_pred,Rule_truth,Rule_correct,Total_correct
Button,com.google.gwt.user.client.ui.Button,com.google.gwt.user.client.ui.Button,1,com.google.gwt.user.client.ui.Button,com.google.gwt.user.client.ui.Button,1,1
Button,com.google.gwt.user.client.ui.Button,com.google.gwt.user.client.ui.Button,1,com.google.gwt.user.client.ui.Button,com.google.gwt.user.client.ui.Button,1,1
RootPanel,com.google.gwt.user.client.ui.RootPanel,com.google.gwt.user.client.ui.RootPanel,1,-,-,0,1
NodeList,com.google.gwt.dom.client.NodeList,com.google.gwt.dom.client.NodeList,1,com.google.gwt.dom.client.NodeList,com.google.gwt.dom.client.NodeList,1,1
Document,com.google.gwt.dom.client.Document,com.google.gwt.dom.client.Document,1,com.google.gwt.dom.client.Document,com.google.gwt.dom.client.Document,1,1
GWT,com.google.gwt.dev.client.GWT,com.google.gwt.core.client.GWT,0,com.google.gwt.core.client.GWT,com.google.gwt.core.client.GWT,1,1
dl_correct:5,dl_accuracy:0.8333,,rule_correct:5,rule_checked:5,rule_accuracy:1.0,rule_recall:0.8333
checked:6,total correct:6,total accuracy:1.0
