gwt_class_12.java,
Node,DL_pred,DL_truth,DL_correct,Rule_pred,Rule_truth,Rule_correct,Total_correct
EntryPoint,com.google.gwt.core.client.EntryPoint,com.google.gwt.core.client.EntryPoint,1,com.google.gwt.core.client.EntryPoint,com.google.gwt.core.client.EntryPoint,1,1
AbsolutePanel,com.google.gwt.user.client.ui.AbsolutePanel,com.google.gwt.user.client.ui.AbsolutePanel,1,com.google.gwt.user.client.ui.AbsolutePanel,com.google.gwt.user.client.ui.AbsolutePanel,1,1
new AbsolutePanel(),com.google.gwt.user.client.ui.AbsolutePanel,com.google.gwt.user.client.ui.AbsolutePanel,1,com.google.gwt.user.client.ui.AbsolutePanel,com.google.gwt.user.client.ui.AbsolutePanel,1,1
RootPanel,com.google.gwt.user.client.ui.RootPanel,com.google.gwt.user.client.ui.RootPanel,1,-,-,0,1
Label,com.google.gwt.user.client.ui.Label,com.google.gwt.user.client.ui.Label,1,com.google.gwt.user.client.ui.Label,com.google.gwt.user.client.ui.Label,1,1
Label,com.google.gwt.user.client.ui.Label,com.google.gwt.user.client.ui.Label,1,com.google.gwt.user.client.ui.Label,com.google.gwt.user.client.ui.Label,1,1
TextBox,com.google.gwt.user.client.ui.TextBox,com.google.gwt.user.client.ui.TextBox,1,com.google.gwt.user.client.ui.TextBox,com.google.gwt.user.client.ui.TextBox,1,1
new TextBox(),com.google.gwt.user.client.ui.TextBox,com.google.gwt.user.client.ui.TextBox,1,com.google.gwt.user.client.ui.TextBox,com.google.gwt.user.client.ui.TextBox,1,1
VerticalPanel,com.google.gwt.user.client.ui.VerticalPanel,com.google.gwt.user.client.ui.VerticalPanel,1,com.google.gwt.user.client.ui.VerticalPanel,com.google.gwt.user.client.ui.VerticalPanel,1,1
new VerticalPanel(),com.google.gwt.user.client.ui.VerticalPanel,com.google.gwt.user.client.ui.VerticalPanel,1,com.google.gwt.user.client.ui.VerticalPanel,com.google.gwt.user.client.ui.VerticalPanel,1,1
dl_correct:10,dl_accuracy:1.0,,rule_correct:9,rule_checked:9,rule_accuracy:1.0,rule_recall:0.9
checked:10,total correct:10,total accuracy:1.0
