gwt_class_31.java,
Node,DL_pred,DL_truth,DL_correct,Rule_pred,Rule_truth,Rule_correct,Total_correct
RequestException,com.google.gwt.http.client.RequestException,com.google.gwt.http.client.RequestException,1,com.google.gwt.http.client.RequestException,com.google.gwt.http.client.RequestException,1,1
RequestBuilder,com.google.gwt.http.client.RequestBuilder,com.google.gwt.http.client.RequestBuilder,1,com.google.gwt.http.client.RequestBuilder,com.google.gwt.http.client.RequestBuilder,1,1
RequestBuilder,com.google.gwt.http.client.RequestBuilder,com.google.gwt.http.client.RequestBuilder,1,com.google.gwt.http.client.RequestBuilder,com.google.gwt.http.client.RequestBuilder,1,1
URL,java.net.URL,com.google.gwt.http.client.URL,0,com.google.gwt.http.client.URL,com.google.gwt.http.client.URL,1,1
RequestCallback,com.google.gwt.http.client.RequestCallback,com.google.gwt.http.client.RequestCallback,1,com.google.gwt.http.client.RequestCallback,com.google.gwt.http.client.RequestCallback,1,1
dl_correct:4,dl_accuracy:0.8,,rule_correct:5,rule_checked:5,rule_accuracy:1.0,rule_recall:1.0
checked:5,total correct:5,total accuracy:1.0
