gwt_class_4.java,
Node,DL_pred,DL_truth,DL_correct,Rule_pred,Rule_truth,Rule_correct,Total_correct
Composite,com.google.gwt.user.client.ui.Composite,com.google.gwt.user.client.ui.Composite,1,com.google.gwt.user.client.ui.Composite,com.google.gwt.user.client.ui.Composite,1,1
VerticalSplitPanel,com.google.gwt.user.client.ui.VerticalSplitPanel,com.google.gwt.user.client.ui.VerticalSplitPanel,1,-,-,0,1
new VerticalSplitPanel(),com.google.gwt.user.client.ui.VerticalSplitPanel,com.google.gwt.user.client.ui.VerticalSplitPanel,1,-,-,0,1
new HTML,com.google.gwt.user.client.ui.HTML,com.google.gwt.user.client.ui.HTML,1,-,-,0,1
dl_correct:4,dl_accuracy:1.0,,rule_correct:1,rule_checked:1,rule_accuracy:1.0,rule_recall:0.25
checked:4,total correct:4,total accuracy:1.0
