gwt_class_35.java,
Node,DL_pred,DL_truth,DL_correct,Rule_pred,Rule_truth,Rule_correct,Total_correct
Animation,com.google.gwt.animation.client.Animation,com.google.gwt.animation.client.Animation,1,-,-,0,1
FlowPanel,com.google.gwt.user.client.ui.FlowPanel,com.google.gwt.user.client.ui.FlowPanel,1,com.google.gwt.user.client.ui.FlowPanel,com.google.gwt.user.client.ui.FlowPanel,1,1
Element,com.google.gwt.dom.client.Element,com.google.gwt.dom.client.Element,1,com.google.gwt.dom.client.Element,com.google.gwt.dom.client.Element,1,1
new FlowPanel(),com.google.gwt.user.client.ui.FlowPanel,com.google.gwt.user.client.ui.FlowPanel,1,com.google.gwt.user.client.ui.FlowPanel,com.google.gwt.user.client.ui.FlowPanel,1,1
GWT,com.google.gwt.core.client.GWT,com.google.gwt.core.client.GWT,1,-,-,0,1
Unit,com.google.gwt.dom.client.Style.Unit,com.google.gwt.dom.client.Style.Unit,1,com.google.gwt.dom.client.Style.Unit,com.google.gwt.dom.client.Style.Unit,1,1
dl_correct:6,dl_accuracy:1.0,,rule_correct:4,rule_checked:4,rule_accuracy:1.0,rule_recall:0.6667
checked:6,total correct:6,total accuracy:1.0
