gwt_class_11.java,
Node,DL_pred,DL_truth,DL_correct,Rule_pred,Rule_truth,Rule_correct,Total_correct
EntryPoint,com.google.gwt.core.client.EntryPoint,com.google.gwt.core.client.EntryPoint,1,com.google.gwt.core.client.EntryPoint,com.google.gwt.core.client.EntryPoint,1,1
HorizontalPanel,com.google.gwt.user.client.ui.HorizontalPanel,com.google.gwt.user.client.ui.HorizontalPanel,1,com.google.gwt.user.client.ui.HorizontalPanel,com.google.gwt.user.client.ui.HorizontalPanel,1,1
Label,com.google.gwt.user.client.ui.Label,com.google.gwt.user.client.ui.Label,1,com.google.gwt.user.client.ui.Label,com.google.gwt.user.client.ui.Label,1,1
new HorizontalPanel(),com.google.gwt.user.client.ui.HorizontalPanel,com.google.gwt.user.client.ui.HorizontalPanel,1,com.google.gwt.user.client.ui.HorizontalPanel,com.google.gwt.user.client.ui.HorizontalPanel,1,1
Label,com.google.gwt.user.client.ui.Label,com.google.gwt.user.client.ui.Label,1,com.google.gwt.user.client.ui.Label,com.google.gwt.user.client.ui.Label,1,1
RootPanel,com.google.gwt.user.client.ui.RootPanel,com.google.gwt.user.client.ui.RootPanel,1,-,-,0,1
dl_correct:6,dl_accuracy:1.0,,rule_correct:5,rule_checked:5,rule_accuracy:1.0,rule_recall:0.8333
checked:6,total correct:6,total accuracy:1.0
