gwt_class_30.java,
Node,DL_pred,DL_truth,DL_correct,Rule_pred,Rule_truth,Rule_correct,Total_correct
TextBox,com.google.gwt.user.client.ui.TextBox,com.google.gwt.user.client.ui.TextBox,1,com.google.gwt.user.client.ui.TextBox,com.google.gwt.user.client.ui.TextBox,1,1
new TextBox(),com.google.gwt.user.client.ui.TextBox,com.google.gwt.user.client.ui.TextBox,1,com.google.gwt.user.client.ui.TextBox,com.google.gwt.user.client.ui.TextBox,1,1
DialogBox,com.google.gwt.user.client.ui.DialogBox,com.google.gwt.user.client.ui.DialogBox,1,com.google.gwt.user.client.ui.DialogBox,com.google.gwt.user.client.ui.DialogBox,1,1
new DialogBox(),com.google.gwt.user.client.ui.DialogBox,com.google.gwt.user.client.ui.DialogBox,1,com.google.gwt.user.client.ui.DialogBox,com.google.gwt.user.client.ui.DialogBox,1,1
Grid,com.google.gwt.user.client.ui.Grid,com.google.gwt.user.client.ui.Grid,1,com.google.gwt.user.client.ui.Grid,com.google.gwt.user.client.ui.Grid,1,1
Grid,com.google.gwt.user.client.ui.Grid,com.google.gwt.user.client.ui.Grid,1,com.google.gwt.user.client.ui.Grid,com.google.gwt.user.client.ui.Grid,1,1
HTML,com.google.gwt.user.client.ui.HTML,com.google.gwt.user.client.ui.HTML,1,com.google.gwt.user.client.ui.HTML,com.google.gwt.user.client.ui.HTML,1,1
dl_correct:7,dl_accuracy:1.0,,rule_correct:7,rule_checked:7,rule_accuracy:1.0,rule_recall:1.0
checked:7,total correct:7,total accuracy:1.0
