gwt_class_19.java,
Node,DL_pred,DL_truth,DL_correct,Rule_pred,Rule_truth,Rule_correct,Total_correct
VerticalPanel,com.google.gwt.user.client.ui.VerticalPanel,com.extjs.gxt.ui.client.widget.VerticalPanel,0,com.google.gwt.user.client.ui.VerticalPanel,com.extjs.gxt.ui.client.widget.VerticalPanel,0,0
Button,com.google.gwt.user.client.ui.Button,com.extjs.gxt.ui.client.widget.button.Button,0,com.google.gwt.user.client.ui.Button,com.extjs.gxt.ui.client.widget.button.Button,0,0
Button,com.google.gwt.user.client.ui.Button,com.extjs.gxt.ui.client.widget.button.Button,0,com.google.gwt.user.client.ui.Button,com.extjs.gxt.ui.client.widget.button.Button,0,0
RootPanel,com.google.gwt.user.client.ui.RootPanel,com.google.gwt.user.client.ui.RootPanel,1,com.google.gwt.user.client.ui.RootPanel,com.google.gwt.user.client.ui.RootPanel,1,1
dl_correct:1,dl_accuracy:0.25,,rule_correct:1,rule_checked:4,rule_accuracy:0.25,rule_recall:0.25
checked:4,total correct:1,total accuracy:0.25
