gwt_class_46.java,
Node,DL_pred,DL_truth,DL_correct,Rule_pred,Rule_truth,Rule_correct,Total_correct
VerticalPanel,com.google.gwt.user.client.ui.VerticalPanel,com.google.gwt.user.client.ui.VerticalPanel,1,com.google.gwt.user.client.ui.VerticalPanel,com.google.gwt.user.client.ui.VerticalPanel,1,1
new VerticalPanel(),com.google.gwt.user.client.ui.VerticalPanel,com.google.gwt.user.client.ui.VerticalPanel,1,com.google.gwt.user.client.ui.VerticalPanel,com.google.gwt.user.client.ui.VerticalPanel,1,1
DialogBox,com.google.gwt.user.client.ui.DialogBox,com.google.gwt.user.client.ui.DialogBox,1,com.google.gwt.user.client.ui.DialogBox,com.google.gwt.user.client.ui.DialogBox,1,1
new DialogBox(),com.google.gwt.user.client.ui.DialogBox,com.google.gwt.user.client.ui.DialogBox,1,com.google.gwt.user.client.ui.DialogBox,com.google.gwt.user.client.ui.DialogBox,1,1
HTML,com.google.gwt.user.client.ui.HTML,com.google.gwt.user.client.ui.HTML,1,com.google.gwt.user.client.ui.HTML,com.google.gwt.user.client.ui.HTML,1,1
HTML,com.google.gwt.user.client.ui.HTML,com.google.gwt.user.client.ui.HTML,1,com.google.gwt.user.client.ui.HTML,com.google.gwt.user.client.ui.HTML,1,1
RootPanel,com.google.gwt.user.client.ui.RootPanel,com.google.gwt.user.client.ui.RootPanel,1,-,-,0,1
dl_correct:7,dl_accuracy:1.0,,rule_correct:6,rule_checked:6,rule_accuracy:1.0,rule_recall:0.8571
checked:7,total correct:7,total accuracy:1.0
