Android22.java,
Node,DL_pred,DL_truth,DL_correct,Rule_pred,Rule_truth,Rule_correct,Total_correct
ListActivity,android.app.ListActivity,android.app.ListActivity,1,android.app.ListActivity,android.app.ListActivity,1,1
ListAdapter,android.widget.ListAdapter,android.widget.ListAdapter,1,android.widget.ListAdapter,android.widget.ListAdapter,1,1
TextView,android.widget.TextView,android.widget.TextView,1,android.widget.TextView,android.widget.TextView,1,1
Bundle,java.util.Bundle,android.os.Bundle,0,android.os.Bundle,android.os.Bundle,1,1
Cursor,android.database.Cursor,android.database.Cursor,1,android.database.Cursor,android.database.Cursor,1,1
People,com.android.common.Contacts.Content.People,android.provider.Contacts.People,0,android.provider.Contacts.People,android.provider.Contacts.People,1,1
SimpleCursorAdapter,android.widget.SimpleCursorAdapter,-,1,android.widget.SimpleCursorAdapter,android.widget.SimpleCursorAdapter,1,1
ListView,android.widget.ListView,-,1,android.widget.ListView,android.widget.ListView,1,1
View,android.view.View,-,1,android.view.View,android.view.View,1,1
Intent,android.content.Intent,-,1,android.content.Intent,android.content.Intent,1,1
Intent,android.content.Intent,-,1,android.content.Intent,android.content.Intent,1,1
Note,android.app.Note,-,0,android.provider.ContactsContract.CommonDataKinds.Note,android.provider.ContactsContract.CommonDataKinds.Note,1,1
dl_correct:9,dl_accuracy:0.75,,rule_correct:12,rule_checked:12,rule_accuracy:1.0,rule_recall:1.0
checked:12,total correct:12,total accuracy:1.0
