Android12.java,
Node,DL_pred,DL_truth,DL_correct,Rule_pred,Rule_truth,Rule_correct,Total_correct
Activity,android.app.Activity,android.app.Activity,1,android.app.Activity,android.app.Activity,1,1
Bundle,android.util.Bundle,android.os.Bundle,0,android.os.Bundle,android.os.Bundle,1,1
LinearLayout,android.widget.LinearLayout,android.widget.LinearLayout,1,android.widget.LinearLayout,android.widget.LinearLayout,1,1
LinearLayout,android.widget.LinearLayout,android.widget.LinearLayout,1,android.widget.LinearLayout,android.widget.LinearLayout,1,1
TextView,android.widget.TextView,android.widget.TextView,1,android.widget.TextView,android.widget.TextView,1,1
TextView,android.widget.TextView,android.widget.TextView,1,android.widget.TextView,android.widget.TextView,1,1
Color,java.awt.Color,-,0,android.graphics.Color,android.graphics.Color,1,1
dl_correct:5,dl_accuracy:0.7143,,rule_correct:7,rule_checked:7,rule_accuracy:1.0,rule_recall:1.0
checked:7,total correct:7,total accuracy:1.0
