Android49.java,
Node,DL_pred,DL_truth,DL_correct,Rule_pred,Rule_truth,Rule_correct,Total_correct
LinearLayout,android.widget.LinearLayout,android.widget.LinearLayout,1,android.widget.LinearLayout,android.widget.LinearLayout,1,1
Context,android.content.Context,android.content.Context,1,android.content.Context,android.content.Context,1,1
AttributeSet,android.util.AttributeSet,android.util.AttributeSet,1,android.util.AttributeSet,android.util.AttributeSet,1,1
LayoutInflater,android.view.LayoutInflater,android.view.LayoutInflater,1,android.view.LayoutInflater,android.view.LayoutInflater,1,1
Gravity,android.view.Gravity,-,1,android.view.Gravity,android.view.Gravity,1,1
dl_correct:5,dl_accuracy:1.0,,rule_correct:5,rule_checked:5,rule_accuracy:1.0,rule_recall:1.0
checked:5,total correct:5,total accuracy:1.0
