Android24.java,
Node,DL_pred,DL_truth,DL_correct,Rule_pred,Rule_truth,Rule_correct,Total_correct
Activity,android.app.Activity,android.app.Activity,1,android.app.Activity,android.app.Activity,1,1
Bundle,android.util.Bundle,android.os.Bundle,0,android.os.Bundle,android.os.Bundle,1,1
LocationManager,android.location.LocationManager,android.location.LocationManager,1,android.location.LocationManager,android.location.LocationManager,1,1
Context,android.content.Context,-,1,android.content.Context,android.content.Context,1,1
List,java.util.List,-,1,java.util.List,java.util.List,1,1
Iterator,java.util.Iterator,-,1,java.util.Iterator,java.util.Iterator,1,1
Log,android.util.Log,-,1,android.util.Log,android.util.Log,1,1
dl_correct:6,dl_accuracy:0.8571,,rule_correct:7,rule_checked:7,rule_accuracy:1.0,rule_recall:1.0
checked:7,total correct:7,total accuracy:1.0
