Android45.java,
Node,DL_pred,DL_truth,DL_correct,Rule_pred,Rule_truth,Rule_correct,Total_correct
Activity,android.app.Activity,android.app.Activity,1,android.app.Activity,android.app.Activity,1,1
Bundle,android.util.Bundle,android.os.Bundle,0,android.os.Bundle,android.os.Bundle,1,1
IntentFilter,android.content.IntentFilter,android.content.IntentFilter,1,android.content.IntentFilter,android.content.IntentFilter,1,1
new IntentFilter(),android.content.IntentFilter,android.content.IntentFilter,1,android.content.IntentFilter,android.content.IntentFilter,1,1
Intent,android.content.Intent,android.content.Intent,1,android.content.Intent,android.content.Intent,1,1
MalformedMimeTypeException,android.content.pm.MalformedMimeTypeException,android.content.IntentFilter.MalformedMimeTypeException,0,android.content.IntentFilter.MalformedMimeTypeException,android.content.IntentFilter.MalformedMimeTypeException,1,1
Log,android.util.Log,android.util.Log,1,android.util.Log,android.util.Log,1,1
BroadcastReceiver,android.content.BroadcastReceiver,-,1,android.content.BroadcastReceiver,android.content.BroadcastReceiver,1,1
dl_correct:6,dl_accuracy:0.75,,rule_correct:8,rule_checked:8,rule_accuracy:1.0,rule_recall:1.0
checked:8,total correct:8,total accuracy:1.0
