Android50.java,
Node,DL_pred,DL_truth,DL_correct,Rule_pred,Rule_truth,Rule_correct,Total_correct
Activity,android.app.Activity,android.app.Activity,1,android.app.Activity,android.app.Activity,1,1
Bundle,java.util.Bundle,android.os.Bundle,0,android.os.Bundle,android.os.Bundle,1,1
EditText,android.widget.EditText,android.widget.EditText,1,android.widget.EditText,android.widget.EditText,1,1
TextView,android.widget.TextView,android.widget.TextView,1,android.widget.TextView,android.widget.TextView,1,1
Button,android.widget.Button,android.widget.Button,1,android.widget.Button,android.widget.Button,1,1
dl_correct:4,dl_accuracy:0.8,,rule_correct:5,rule_checked:5,rule_accuracy:1.0,rule_recall:1.0
checked:5,total correct:5,total accuracy:1.0
