Android33.java,
Node,DL_pred,DL_truth,DL_correct,Rule_pred,Rule_truth,Rule_correct,Total_correct
Context,android.content.Context,android.content.Context,1,javax.naming.Context,android.content.Context,0,0
Camera,android.hardware.Camera,android.hardware.Camera,1,android.hardware.Camera,android.hardware.Camera,1,1
Parameters,android.hardware.Camera.Parameters,android.hardware.Camera.Parameters,1,android.hardware.Camera.Parameters,android.hardware.Camera.Parameters,1,1
PixelFormat,android.hardware.Format.PixelFormat,-,0,android.graphics.PixelFormat,android.graphics.PixelFormat,1,1
SurfaceHolder,android.view.SurfaceHolder,-,1,android.view.SurfaceHolder,android.view.SurfaceHolder,1,1
IOException,java.io.IOException,-,1,java.io.IOException,java.io.IOException,1,1
dl_correct:5,dl_accuracy:0.8333,,rule_correct:5,rule_checked:6,rule_accuracy:0.8333,rule_recall:0.8333
checked:6,total correct:5,total accuracy:0.8333
