Android41.java,
Node,DL_pred,DL_truth,DL_correct,Rule_pred,Rule_truth,Rule_correct,Total_correct
View,android.view.View,android.view.View,1,android.view.View,android.view.View,1,1
Context,android.content.Context,android.content.Context,1,android.content.Context,android.content.Context,1,1
Color,android.graphics.Color,-,1,java.awt.Color,android.graphics.Color,0,0
TextView,android.widget.TextView,-,1,android.widget.TextView,android.widget.TextView,1,1
dl_correct:4,dl_accuracy:1.0,,rule_correct:3,rule_checked:4,rule_accuracy:0.75,rule_recall:0.75
checked:4,total correct:3,total accuracy:0.75
