Android07.java,
Node,DL_pred,DL_truth,DL_correct,Rule_pred,Rule_truth,Rule_correct,Total_correct
Activity,android.app.Activity,android.app.Activity,1,android.app.Activity,android.app.Activity,1,1
Bundle,java.util.Bundle,android.os.Bundle,0,android.os.Bundle,android.os.Bundle,1,1
ArrayAdapter,android.widget.ArrayAdapter,android.widget.ArrayAdapter,1,android.widget.ArrayAdapter,android.widget.ArrayAdapter,1,1
ArrayAdapter,android.widget.ArrayAdapter,android.widget.ArrayAdapter,1,android.widget.ArrayAdapter,android.widget.ArrayAdapter,1,1
View,android.view.View,android.view.View,1,android.view.View,android.view.View,1,1
dl_correct:4,dl_accuracy:0.8,,rule_correct:5,rule_checked:5,rule_accuracy:1.0,rule_recall:1.0
checked:5,total correct:5,total accuracy:1.0
