Android27.java,
Node,DL_pred,DL_truth,DL_correct,Rule_pred,Rule_truth,Rule_correct,Total_correct
BaseAdapter,android.widget.BaseAdapter,android.widget.BaseAdapter,1,android.widget.BaseAdapter,android.widget.BaseAdapter,1,1
Context,android.content.Context,android.content.Context,1,android.content.Context,android.content.Context,1,1
View,android.view.View,android.view.View,1,android.view.View,android.view.View,1,1
ViewGroup,android.view.ViewGroup,android.view.ViewGroup,1,android.view.ViewGroup,android.view.ViewGroup,1,1
TextView,android.widget.TextView,android.widget.TextView,1,android.widget.TextView,android.widget.TextView,1,1
TextView,android.widget.TextView,android.widget.TextView,1,android.widget.TextView,android.widget.TextView,1,1
dl_correct:6,dl_accuracy:1.0,,rule_correct:6,rule_checked:6,rule_accuracy:1.0,rule_recall:1.0
checked:6,total correct:6,total accuracy:1.0
