Android41.java,
Node,DL_pred,DL_truth,DL_correct,Rule_pred,Rule_truth,Rule_correct,Total_correct
View,android.view.View,android.view.View,1,android.view.View,android.view.View,1,1
Context,android.content.Context,android.content.Context,1,android.content.Context,android.content.Context,1,1
Color,android.graphics.Color,-,1,android.graphics.Color,android.graphics.Color,1,1
TextView,android.widget.TextView,-,1,android.widget.TextView,android.widget.TextView,1,1
dl_correct:4,dl_accuracy:1.0,,rule_correct:4,rule_checked:4,rule_accuracy:1.0,rule_recall:1.0
checked:4,total correct:4,total accuracy:1.0
