Android48.java,
Node,DL_pred,DL_truth,DL_correct,Rule_pred,Rule_truth,Rule_correct,Total_correct
Camera,android.hardware.Camera,android.hardware.Camera,1,android.hardware.Camera,android.hardware.Camera,1,1
PictureCallback,android.hardware.Camera.PictureCallback,android.hardware.Camera.PictureCallback,1,android.hardware.Camera.PictureCallback,android.hardware.Camera.PictureCallback,1,1
PictureCallback,android.hardware.Camera.PictureCallback,android.hardware.Camera.PictureCallback,1,android.hardware.Camera.PictureCallback,android.hardware.Camera.PictureCallback,1,1
dl_correct:3,dl_accuracy:1.0,,rule_correct:3,rule_checked:3,rule_accuracy:1.0,rule_recall:1.0
checked:3,total correct:3,total accuracy:1.0
