Android42.java,,,,,,,
Node,DL_pred,DL_truth,DL_correct,Rule_pred,Rule_truth,Rule_correct,Total_correct
Activity,android.app.Activity,android.app.Activity,1,android.app.Activity,android.app.Activity,1,1
OnErrorListener,android.media.OnErrorListener,android.media.MediaPlayer.OnErrorListener,0,android.media.MediaPlayer.OnErrorListener,android.media.MediaPlayer.OnErrorListener,1,1
OnBufferingUpdateListener,android.view.View.OnBufferingUpdateListener,android.media.MediaPlayer.OnBufferingUpdateListener,0,android.media.MediaPlayer.OnBufferingUpdateListener,android.media.MediaPlayer.OnBufferingUpdateListener,1,1
OnCompletionListener,android.media.MediaPlayer.OnCompletionListener,android.media.MediaPlayer.OnCompletionListener,1,android.media.MediaPlayer.OnCompletionListener,android.media.MediaPlayer.OnCompletionListener,1,1
OnPreparedListener,android.view.View.OnPreparedListener,android.media.MediaPlayer.OnPreparedListener,0,android.media.MediaPlayer.OnPreparedListener,android.media.MediaPlayer.OnPreparedListener,1,1
MediaPlayer,android.media.MediaPlayer,android.media.MediaPlayer,1,android.media.MediaPlayer,android.media.MediaPlayer,1,1
SurfaceView,android.view.SurfaceView,android.view.SurfaceView,1,android.view.SurfaceView,android.view.SurfaceView,1,1
SurfaceHolder,android.view.SurfaceHolder,android.view.SurfaceHolder,1,android.view.SurfaceHolder,android.view.SurfaceHolder,1,1
Button,android.widget.Button,android.widget.Button,1,android.widget.Button,android.widget.Button,1,1
Bundle,android.util.Bundle,android.os.Bundle,0,android.os.Bundle,android.os.Bundle,1,1
PixelFormat,android.graphics.CanFormat.PixelFormat,-,0,android.graphics.PixelFormat,android.graphics.PixelFormat,1,1
ActivityInfo,android.content.pm.ActivityInfo,-,1,android.content.pm.ActivityInfo,android.content.pm.ActivityInfo,1,1
new MediaPlayer(),android.media.MediaPlayer,-,1,android.media.MediaPlayer,android.media.MediaPlayer,1,1
Log,android.util.Log,-,1,android.util.Log,android.util.Log,1,1
IOException,java.io.IOException,-,1,java.io.IOException,java.io.IOException,1,1
URL,java.net.URL,-,1,java.net.URL,java.net.URL,1,1
URL,java.net.URL,-,1,java.net.URL,java.net.URL,1,1
URLConnection,java.net.URLConnection,-,1,java.net.URLConnection,java.net.URLConnection,1,1
InputStream,java.io.InputStream,-,1,java.io.InputStream,java.io.InputStream,1,1
File,java.io.File,-,1,java.io.File,java.io.File,1,1
FileOutputStream,java.io.FileOutputStream,-,1,java.io.FileOutputStream,java.io.FileOutputStream,1,1
FileOutputStream,java.io.FileOutputStream,-,1,java.io.FileOutputStream,java.io.FileOutputStream,1,1
Intent,android.content.Intent,-,1,android.content.Intent,android.content.Intent,1,1
dl_correct:18,dl_accuracy:0.7826,,rule_correct:23,rule_checked:23,rule_accuracy:1.0,rule_recall:1.0,
checked:23,total correct:23,total accuracy:1.0,,,,,
