Class_17.java,
Node,DL_pred,DL_truth,DL_correct,Rule_pred,Rule_truth,Rule_correct,Total_correct
SimpleDateFormat,java.text.SimpleDateFormat,java.text.SimpleDateFormat,1,java.text.SimpleDateFormat,java.text.SimpleDateFormat,1,1
SimpleDateFormat,java.text.SimpleDateFormat,java.text.SimpleDateFormat,1,java.text.SimpleDateFormat,java.text.SimpleDateFormat,1,1
Date,java.util.Date,java.util.Date,1,java.util.Date,java.util.Date,1,1
ParseException,java.text.ParseException,java.text.ParseException,1,java.text.ParseException,java.text.ParseException,1,1
TemporalAccessor,java.time.temporal.TemporalAccessor,java.time.temporal.TemporalAccessor,1,java.time.temporal.TemporalAccessor,java.time.temporal.TemporalAccessor,1,1
DateTimeFormatter,java.time.format.DateTimeFormatter,java.time.format.DateTimeFormatter,1,java.time.format.DateTimeFormatter,java.time.format.DateTimeFormatter,1,1
dl_correct:6,dl_accuracy:1.0,,rule_correct:6,rule_checked:6,rule_accuracy:1.0,rule_recall:1.0
checked:6,total correct:6,total accuracy:1.0
