jdk1.java,
Node,DL_pred,DL_truth,DL_correct,Rule_pred,Rule_truth,Rule_correct,Total_correct
IntBinaryOperator,java.util.function.IntBinaryOperator,java.util.function.IntBinaryOperator,1,-,-,0,1
dl_correct:1,dl_accuracy:1.0,,rule_correct:0,rule_checked:0,rule_accuracy:0,rule_recall:0.0
checked:1,total correct:1,total accuracy:1.0

jdk10.java,
Node,DL_pred,DL_truth,DL_correct,Rule_pred,Rule_truth,Rule_correct,Total_correct
File,java.io.File,java.io.File,1,java.io.File,java.io.File,1,1
FileInputStream,java.io.FileInputStream,java.io.FileInputStream,1,java.io.FileInputStream,java.io.FileInputStream,1,1
FileInputStream,java.io.FileInputStream,java.io.FileInputStream,1,java.io.FileInputStream,java.io.FileInputStream,1,1
FileNotFoundException,java.io.FileNotFoundException,java.io.FileNotFoundException,1,java.io.FileNotFoundException,java.io.FileNotFoundException,1,1
dl_correct:4,dl_accuracy:1.0,,rule_correct:4,rule_checked:4,rule_accuracy:1.0,rule_recall:1.0
checked:4,total correct:4,total accuracy:1.0

jdk14.java,
Node,DL_pred,DL_truth,DL_correct,Rule_pred,Rule_truth,Rule_correct,Total_correct
IOException,java.io.IOException,java.io.IOException,1,java.io.IOException,java.io.IOException,1,1
Desktop,java.awt.Desktop,java.awt.Desktop,1,java.awt.Desktop,java.awt.Desktop,1,1
File,java.io.File,java.io.File,1,java.io.File,java.io.File,1,1
dl_correct:3,dl_accuracy:1.0,,rule_correct:3,rule_checked:3,rule_accuracy:1.0,rule_recall:1.0
checked:3,total correct:3,total accuracy:1.0

jdk16.java,
Node,DL_pred,DL_truth,DL_correct,Rule_pred,Rule_truth,Rule_correct,Total_correct
SimpleDateFormat,java.text.SimpleDateFormat,java.text.SimpleDateFormat,1,java.text.SimpleDateFormat,java.text.SimpleDateFormat,1,1
SimpleDateFormat,java.text.SimpleDateFormat,java.text.SimpleDateFormat,1,java.text.SimpleDateFormat,java.text.SimpleDateFormat,1,1
dl_correct:2,dl_accuracy:1.0,,rule_correct:2,rule_checked:2,rule_accuracy:1.0,rule_recall:1.0
checked:2,total correct:2,total accuracy:1.0

jdk17.java,
Node,DL_pred,DL_truth,DL_correct,Rule_pred,Rule_truth,Rule_correct,Total_correct
InputStream,java.io.InputStream,java.io.InputStream,1,java.io.InputStream,java.io.InputStream,1,1
IOException,java.io.IOException,java.io.IOException,1,java.io.IOException,java.io.IOException,1,1
Reader,java.io.Reader,java.io.Reader,1,java.io.Reader,java.io.Reader,1,1
InputStreamReader,java.io.InputStreamReader,java.io.InputStreamReader,1,java.io.InputStreamReader,java.io.InputStreamReader,1,1
StandardCharsets,java.nio.charset.StandardCharsets,java.nio.charset.StandardCharsets,1,java.nio.charset.StandardCharsets,java.nio.charset.StandardCharsets,1,1
dl_correct:5,dl_accuracy:1.0,,rule_correct:5,rule_checked:5,rule_accuracy:1.0,rule_recall:1.0
checked:5,total correct:5,total accuracy:1.0

jdk18.java,
Node,DL_pred,DL_truth,DL_correct,Rule_pred,Rule_truth,Rule_correct,Total_correct
InputStream,java.io.InputStream,java.io.InputStream,1,java.io.InputStream,java.io.InputStream,1,1
IOException,java.io.IOException,java.io.IOException,1,java.io.IOException,java.io.IOException,1,1
StringWriter,java.io.StringWriter,java.io.StringWriter,1,java.io.StringWriter,java.io.StringWriter,1,1
new StringWriter(),java.io.StringWriter,java.io.StringWriter,1,java.io.StringWriter,java.io.StringWriter,1,1
IOUtils,sun.io.IOUtils,org.apache.commons.io.IOUtils,0,org.apache.directory.api.util.IOUtils,org.apache.commons.io.IOUtils,0,0
dl_correct:4,dl_accuracy:0.8,,rule_correct:4,rule_checked:5,rule_accuracy:0.8,rule_recall:0.8
checked:5,total correct:4,total accuracy:0.8

jdk2.java,
Node,DL_pred,DL_truth,DL_correct,Rule_pred,Rule_truth,Rule_correct,Total_correct
File,java.io.File,java.io.File,1,java.io.File,java.io.File,1,1
File,java.io.File,java.io.File,1,java.io.File,java.io.File,1,1
dl_correct:2,dl_accuracy:1.0,,rule_correct:2,rule_checked:2,rule_accuracy:1.0,rule_recall:1.0
checked:2,total correct:2,total accuracy:1.0

jdk20.java,
Node,DL_pred,DL_truth,DL_correct,Rule_pred,Rule_truth,Rule_correct,Total_correct
InputStream,java.io.InputStream,java.io.InputStream,1,java.io.InputStream,java.io.InputStream,1,1
IOException,java.io.IOException,java.io.IOException,1,java.io.IOException,java.io.IOException,1,1
BufferedInputStream,java.io.BufferedInputStream,java.io.BufferedInputStream,1,java.io.BufferedInputStream,java.io.BufferedInputStream,1,1
BufferedInputStream,java.io.BufferedInputStream,java.io.BufferedInputStream,1,java.io.BufferedInputStream,java.io.BufferedInputStream,1,1
ByteArrayOutputStream,java.io.ByteArrayOutputStream,java.io.ByteArrayOutputStream,1,java.io.ByteArrayOutputStream,java.io.ByteArrayOutputStream,1,1
new ByteArrayOutputStream(),java.io.ByteArrayOutputStream,java.io.ByteArrayOutputStream,1,java.io.ByteArrayOutputStream,java.io.ByteArrayOutputStream,1,1
dl_correct:6,dl_accuracy:1.0,,rule_correct:6,rule_checked:6,rule_accuracy:1.0,rule_recall:1.0
checked:6,total correct:6,total accuracy:1.0

jdk3.java,
Node,DL_pred,DL_truth,DL_correct,Rule_pred,Rule_truth,Rule_correct,Total_correct
ParseException,java.text.ParseException,java.text.ParseException,1,java.text.ParseException,java.text.ParseException,1,1
DateTimeFormatter,java.time.format.DateTimeFormatter,java.time.format.DateTimeFormatter,1,-,-,0,1
LocalDateTime,java.time.LocalDateTime,java.time.LocalDateTime,1,java.time.LocalDateTime,java.time.LocalDateTime,1,1
ZonedDateTime,java.time.ZonedDateTime,java.time.ZonedDateTime,1,java.time.ZonedDateTime,java.time.ZonedDateTime,1,1
ZoneId,java.time.ZoneId,java.time.ZoneId,1,java.time.ZoneId,java.time.ZoneId,1,1
dl_correct:5,dl_accuracy:1.0,,rule_correct:4,rule_checked:4,rule_accuracy:1.0,rule_recall:0.8
checked:5,total correct:5,total accuracy:1.0

jdk4.java,
Node,DL_pred,DL_truth,DL_correct,Rule_pred,Rule_truth,Rule_correct,Total_correct
ParseException,java.text.ParseException,java.text.ParseException,1,java.text.ParseException,java.text.ParseException,1,1
SimpleDateFormat,java.text.SimpleDateFormat,java.text.SimpleDateFormat,1,java.text.SimpleDateFormat,java.text.SimpleDateFormat,1,1
SimpleDateFormat,java.text.SimpleDateFormat,java.text.SimpleDateFormat,1,java.text.SimpleDateFormat,java.text.SimpleDateFormat,1,1
Date,java.util.Date,java.util.Date,1,java.util.Date,java.util.Date,1,1
dl_correct:4,dl_accuracy:1.0,,rule_correct:4,rule_checked:4,rule_accuracy:1.0,rule_recall:1.0
checked:4,total correct:4,total accuracy:1.0

jdk5.java,
Node,DL_pred,DL_truth,DL_correct,Rule_pred,Rule_truth,Rule_correct,Total_correct
MalformedURLException,java.net.MalformedURLException,java.net.MalformedURLException,1,java.net.MalformedURLException,java.net.MalformedURLException,1,1
File,java.io.File,java.io.File,1,java.io.File,java.io.File,1,1
File,java.io.File,java.io.File,1,java.io.File,java.io.File,1,1
URLClassLoader,java.net.URLClassLoader,java.net.URLClassLoader,1,java.net.URLClassLoader,java.net.URLClassLoader,1,1
new URL[]jar,java.net.URL,java.net.URL,1,-,-,0,1
dl_correct:5,dl_accuracy:1.0,,rule_correct:4,rule_checked:4,rule_accuracy:1.0,rule_recall:0.8
checked:5,total correct:5,total accuracy:1.0

jdk7.java,
Node,DL_pred,DL_truth,DL_correct,Rule_pred,Rule_truth,Rule_correct,Total_correct
ParseException,java.text.ParseException,java.text.ParseException,1,java.text.ParseException,java.text.ParseException,1,1
SimpleDateFormat,java.text.SimpleDateFormat,java.text.SimpleDateFormat,1,java.text.SimpleDateFormat,java.text.SimpleDateFormat,1,1
SimpleDateFormat,java.text.SimpleDateFormat,java.text.SimpleDateFormat,1,java.text.SimpleDateFormat,java.text.SimpleDateFormat,1,1
TimeZone,java.util.TimeZone,java.util.TimeZone,1,java.util.TimeZone,java.util.TimeZone,1,1
Date,java.util.Date,java.util.Date,1,java.util.Date,java.util.Date,1,1
dl_correct:5,dl_accuracy:1.0,,rule_correct:5,rule_checked:5,rule_accuracy:1.0,rule_recall:1.0
checked:5,total correct:5,total accuracy:1.0

jdk8.java,
Node,DL_pred,DL_truth,DL_correct,Rule_pred,Rule_truth,Rule_correct,Total_correct
DecimalFormat,java.text.DecimalFormat,java.text.DecimalFormat,1,java.text.DecimalFormat,java.text.DecimalFormat,1,1
DecimalFormat,java.text.DecimalFormat,java.text.DecimalFormat,1,java.text.DecimalFormat,java.text.DecimalFormat,1,1
DecimalFormatSymbols,java.text.DecimalFormatSymbols,java.text.DecimalFormatSymbols,1,java.text.DecimalFormatSymbols,java.text.DecimalFormatSymbols,1,1
Locale,java.util.Locale,java.util.Locale,1,java.util.Locale,java.util.Locale,1,1
dl_correct:4,dl_accuracy:1.0,,rule_correct:4,rule_checked:4,rule_accuracy:1.0,rule_recall:1.0
checked:4,total correct:4,total accuracy:1.0

jdk9.java,
Node,DL_pred,DL_truth,DL_correct,Rule_pred,Rule_truth,Rule_correct,Total_correct
DateTimeFormatter,java.time.format.DateTimeFormatter,java.time.format.DateTimeFormatter,1,java.time.format.DateTimeFormatter,java.time.format.DateTimeFormatter,1,1
new DateTimeFormatterBuilder(),java.time.format.DateTimeFormatterBuilder,java.time.format.DateTimeFormatterBuilder,1,java.time.format.DateTimeFormatterBuilder,java.time.format.DateTimeFormatterBuilder,1,1
ChronoField,java.time.temporal.ChronoField,java.time.temporal.ChronoField,1,java.time.temporal.ChronoField,java.time.temporal.ChronoField,1,1
dl_correct:3,dl_accuracy:1.0,,rule_correct:3,rule_checked:3,rule_accuracy:1.0,rule_recall:1.0
checked:3,total correct:3,total accuracy:1.0

total status,
total checked:54,rule correct:50,rule checked:51,dl correct:53,total correct:53
dl precision:0.9815,rule precision:0.9804,rule recall:0.9259,total_precision:0.9815
