jdk18.java,
Node,DL_pred,DL_truth,DL_correct,Rule_pred,Rule_truth,Rule_correct,Total_correct
InputStream,java.io.InputStream,java.io.InputStream,1,java.io.InputStream,java.io.InputStream,1,1
IOException,java.io.IOException,java.io.IOException,1,java.io.IOException,java.io.IOException,1,1
StringWriter,java.io.StringWriter,java.io.StringWriter,1,java.io.StringWriter,java.io.StringWriter,1,1
new StringWriter(),java.io.StringWriter,java.io.StringWriter,1,java.io.StringWriter,java.io.StringWriter,1,1
IOUtils,sun.io.IOUtils,org.apache.commons.io.IOUtils,0,org.apache.directory.api.util.IOUtils,org.apache.commons.io.IOUtils,0,0
dl_correct:4,dl_accuracy:0.8,,rule_correct:4,rule_checked:5,rule_accuracy:0.8,rule_recall:0.8
checked:5,total correct:4,total accuracy:0.8
