jdk17.java,
Node,DL_pred,DL_truth,DL_correct,Rule_pred,Rule_truth,Rule_correct,Total_correct
InputStream,java.io.InputStream,java.io.InputStream,1,java.io.InputStream,java.io.InputStream,1,1
IOException,java.io.IOException,java.io.IOException,1,java.io.IOException,java.io.IOException,1,1
Reader,java.io.Reader,java.io.Reader,1,java.io.Reader,java.io.Reader,1,1
InputStreamReader,java.io.InputStreamReader,java.io.InputStreamReader,1,java.io.InputStreamReader,java.io.InputStreamReader,1,1
StandardCharsets,java.nio.charset.StandardCharsets,java.nio.charset.StandardCharsets,1,java.nio.charset.StandardCharsets,java.nio.charset.StandardCharsets,1,1
dl_correct:5,dl_accuracy:1.0,,rule_correct:5,rule_checked:5,rule_accuracy:1.0,rule_recall:1.0
checked:5,total correct:5,total accuracy:1.0
