Android18.java,
Node,DL_pred,DL_truth,DL_correct,Rule_pred,Rule_truth,Rule_correct,Total_correct
Activity,android.app.Activity,android.app.Activity,1,android.app.Activity,android.app.Activity,1,1
OnClickListener,android.widget.OnClickListener,android.content.DialogInterface.OnClickListener,0,android.view.View.OnClickListener,android.content.DialogInterface.OnClickListener,0,0
Bundle,java.util.Bundle,android.os.Bundle,0,android.os.Bundle,android.os.Bundle,1,1
DialogInterface,android.content.DialogInterface,android.content.DialogInterface,1,android.content.DialogInterface,android.content.DialogInterface,1,1
Intent,android.content.Intent,android.content.Intent,1,android.content.Intent,android.content.Intent,1,1
dl_correct:3,dl_accuracy:0.6,,rule_correct:4,rule_checked:5,rule_accuracy:0.8,rule_recall:0.8
checked:5,total correct:4,total accuracy:0.8
