Android25.java,
Node,DL_pred,DL_truth,DL_correct,Rule_pred,Rule_truth,Rule_correct,Total_correct
ListActivity,android.app.ListActivity,android.app.ListActivity,1,android.app.ListActivity,android.app.ListActivity,1,1
Context,android.content.Context,android.content.Context,1,android.content.Context,android.content.Context,1,1
Bundle,java.util.Bundle,android.os.Bundle,0,android.os.Bundle,android.os.Bundle,1,1
ArrayList,java.util.ArrayList,java.util.ArrayList,1,java.util.ArrayList,java.util.ArrayList,1,1
ArrayList,java.util.ArrayList,java.util.ArrayList,1,java.util.ArrayList,java.util.ArrayList,1,1
SQLiteDatabase,android.database.sqlite.SQLiteDatabase,android.database.sqlite.SQLiteDatabase,1,android.database.sqlite.SQLiteDatabase,android.database.sqlite.SQLiteDatabase,1,1
dl_correct:5,dl_accuracy:0.8333,,rule_correct:6,rule_checked:6,rule_accuracy:1.0,rule_recall:1.0
checked:6,total correct:6,total accuracy:1.0
