Android05.java,
Node,DL_pred,DL_truth,DL_correct,Rule_pred,Rule_truth,Rule_correct,Total_correct
TabHost,android.widget.TabHost,android.widget.TabHost,1,android.widget.TabHost,android.widget.TabHost,1,1
TabSpec,android.widget.TabSpec,android.widget.TabHost.TabSpec,0,android.widget.TabHost.TabSpec,android.widget.TabHost.TabSpec,1,1
Drawable,android.graphics.drawable.Drawable,android.graphics.drawable.Drawable,1,android.graphics.drawable.Drawable,android.graphics.drawable.Drawable,1,1
dl_correct:2,dl_accuracy:0.6667,,rule_correct:3,rule_checked:3,rule_accuracy:1.0,rule_recall:1.0
checked:3,total correct:3,total accuracy:1.0
