Android40.java,
Node,DL_pred,DL_truth,DL_correct,Rule_pred,Rule_truth,Rule_correct,Total_correct
Activity,android.app.Activity,android.app.Activity,1,android.app.Activity,android.app.Activity,1,1
Bundle,java.util.Bundle,android.os.Bundle,0,android.os.Bundle,android.os.Bundle,1,1
SlidingDrawer,android.widget.SlidingDrawer,android.widget.SlidingDrawer,1,android.widget.SlidingDrawer,android.widget.SlidingDrawer,1,1
ImageView,android.widget.ImageView,android.widget.ImageView,1,android.widget.ImageView,android.widget.ImageView,1,1
OnClickListener,android.widget.OnClickListener,android.view.View.OnClickListener,0,android.view.View.OnClickListener,android.view.View.OnClickListener,1,1
dl_correct:3,dl_accuracy:0.6,,rule_correct:5,rule_checked:5,rule_accuracy:1.0,rule_recall:1.0
checked:5,total correct:5,total accuracy:1.0
