Android35.java,
Node,DL_pred,DL_truth,DL_correct,Rule_pred,Rule_truth,Rule_correct,Total_correct
MediaRecorder,android.media.MediaRecorder,android.media.MediaRecorder,1,android.media.MediaRecorder,android.media.MediaRecorder,1,1
new MediaRecorder(),android.media.MediaRecorder,android.media.MediaRecorder,1,android.media.MediaRecorder,android.media.MediaRecorder,1,1
File,java.io.File,java.io.File,1,java.io.File,java.io.File,1,1
File,java.io.File,java.io.File,1,java.io.File,java.io.File,1,1
IOException,java.io.IOException,java.io.IOException,1,java.io.IOException,java.io.IOException,1,1
dl_correct:5,dl_accuracy:1.0,,rule_correct:5,rule_checked:5,rule_accuracy:1.0,rule_recall:1.0
checked:5,total correct:5,total accuracy:1.0
