Android47.java,
Node,DL_pred,DL_truth,DL_correct,Rule_pred,Rule_truth,Rule_correct,Total_correct
Activity,android.app.Activity,android.app.Activity,1,android.app.Activity,android.app.Activity,1,1
Bundle,java.util.Bundle,android.os.Bundle,0,android.os.Bundle,android.os.Bundle,1,1
DefaultHttpClient,org.apache.http.impl.client.DefaultHttpClient,org.apache.http.impl.client.DefaultHttpClient,1,org.apache.http.impl.client.DefaultHttpClient,org.apache.http.impl.client.DefaultHttpClient,1,1
new DefaultHttpClient(),org.apache.http.impl.client.DefaultHttpClient,org.apache.http.impl.client.DefaultHttpClient,1,org.apache.http.impl.client.DefaultHttpClient,org.apache.http.impl.client.DefaultHttpClient,1,1
HttpGet,org.apache.http.client.methods.HttpGet,org.apache.http.client.methods.HttpGet,1,org.apache.http.client.methods.HttpGet,org.apache.http.client.methods.HttpGet,1,1
HttpGet,org.apache.http.client.methods.HttpGet,org.apache.http.client.methods.HttpGet,1,org.apache.http.client.methods.HttpGet,org.apache.http.client.methods.HttpGet,1,1
TextView,android.widget.TextView,android.widget.TextView,1,android.widget.TextView,android.widget.TextView,1,1
ClientProtocolException,android.webkit.ClientProtocolException,org.apache.http.client.ClientProtocolException,0,-,-,0,0
IOException,java.io.IOException,java.io.IOException,1,-,-,0,1
dl_correct:7,dl_accuracy:0.7778,,rule_correct:7,rule_checked:7,rule_accuracy:1.0,rule_recall:0.7778
checked:9,total correct:8,total accuracy:0.8889
