Android11.java,
Node,DL_pred,DL_truth,DL_correct,Rule_pred,Rule_truth,Rule_correct,Total_correct
MyLocationOverlay,android.widget.MyLocationOverlay,com.google.android.maps.MyLocationOverlay,0,com.google.android.maps.MyLocationOverlay,com.google.android.maps.MyLocationOverlay,1,1
Context,android.content.Context,android.content.Context,1,android.content.Context,android.content.Context,1,1
MapView,android.widget.MapView,com.google.android.maps.MapView,0,com.google.android.maps.MapView,com.google.android.maps.MapView,1,1
Canvas,android.graphics.Canvas,android.graphics.Canvas,1,android.graphics.Canvas,android.graphics.Canvas,1,1
Location,android.location.Location,android.location.Location,1,android.location.Location,android.location.Location,1,1
GeoPoint,android.location.GeoPoint,com.google.android.maps.GeoPoint,0,com.google.android.maps.GeoPoint,com.google.android.maps.GeoPoint,1,1
Location,android.location.Location,android.location.Location,1,android.location.Location,android.location.Location,1,1
dl_correct:4,dl_accuracy:0.5714,,rule_correct:7,rule_checked:7,rule_accuracy:1.0,rule_recall:1.0
checked:7,total correct:7,total accuracy:1.0
