Android03.java,
Node,DL_pred,DL_truth,DL_correct,Rule_pred,Rule_truth,Rule_correct,Total_correct
ItemizedOverlay,android.widget.ItemizedOverlay,com.google.android.maps.ItemizedOverlay,0,com.google.android.maps.ItemizedOverlay,com.google.android.maps.ItemizedOverlay,1,1
OverlayItem,android.widget.OverlayItem,com.google.android.maps.OverlayItem,0,com.google.android.maps.OverlayItem,com.google.android.maps.OverlayItem,1,1
Drawable,android.graphics.drawable.Drawable,android.graphics.drawable.Drawable,1,android.graphics.drawable.Drawable,android.graphics.drawable.Drawable,1,1
GeoPoint,android.location.GeoPoint,com.google.android.maps.GeoPoint,0,com.google.android.maps.GeoPoint,com.google.android.maps.GeoPoint,1,1
GeoPoint,android.location.GeoPoint,com.google.android.maps.GeoPoint,0,com.google.android.maps.GeoPoint,com.google.android.maps.GeoPoint,1,1
OverlayItem,android.widget.OverlayItem,com.google.android.maps.OverlayItem,0,com.google.android.maps.OverlayItem,com.google.android.maps.OverlayItem,1,1
dl_correct:1,dl_accuracy:0.1667,,rule_correct:6,rule_checked:6,rule_accuracy:1.0,rule_recall:1.0
checked:6,total correct:6,total accuracy:1.0
