Android26.java,
Node,DL_pred,DL_truth,DL_correct,Rule_pred,Rule_truth,Rule_correct,Total_correct
ScrollView,android.widget.ScrollView,android.widget.ScrollView,1,android.widget.ScrollView,android.widget.ScrollView,1,1
Context,android.content.Context,android.content.Context,1,android.content.Context,android.content.Context,1,1
MotionEvent,android.view.MotionEvent,android.view.MotionEvent,1,android.view.MotionEvent,android.view.MotionEvent,1,1
KeyEvent,android.view.KeyEvent,android.view.KeyEvent,1,android.view.KeyEvent,android.view.KeyEvent,1,1
View,android.view.View,android.view.View,1,android.view.View,android.view.View,1,1
OnTouchListener,android.view.View.OnTouchListener,android.view.View.OnTouchListener,1,android.view.View.OnTouchListener,android.view.View.OnTouchListener,1,1
dl_correct:6,dl_accuracy:1.0,,rule_correct:6,rule_checked:6,rule_accuracy:1.0,rule_recall:1.0
checked:6,total correct:6,total accuracy:1.0
