Android08.java,
Node,DL_pred,DL_truth,DL_correct,Rule_pred,Rule_truth,Rule_correct,Total_correct
InetAddress,java.net.InetAddress,java.net.InetAddress,1,java.net.InetAddress,java.net.InetAddress,1,1
Inet4Address,java.net.Inet,java.net.Inet,1,java.net.Inet4Address,java.net.Inet4Address,1,1
Log,android.util.Log,android.util.Log,1,android.util.Log,android.util.Log,1,1
Socket,java.net.Socket,java.net.Socket,1,java.net.Socket,java.net.Socket,1,1
Socket,java.net.Socket,java.net.Socket,1,java.net.Socket,java.net.Socket,1,1
UnknownHostException,java.net.UnknownHostException,java.net.UnknownHostException,1,java.net.UnknownHostException,java.net.UnknownHostException,1,1
IOException,java.io.IOException,java.io.IOException,1,java.io.IOException,java.io.IOException,1,1
dl_correct:7,dl_accuracy:1.0,,rule_correct:7,rule_checked:7,rule_accuracy:1.0,rule_recall:1.0
checked:7,total correct:7,total accuracy:1.0
