Android10.java,
Node,DL_pred,DL_truth,DL_correct,Rule_pred,Rule_truth,Rule_correct,Total_correct
Chronometer,android.widget.Chronometer,android.widget.Chronometer,1,android.widget.Chronometer,android.widget.Chronometer,1,1
SystemClock,android.os.SystemClock,android.os.SystemClock,1,android.os.SystemClock,android.os.SystemClock,1,1
Log,android.util.Log,android.util.Log,1,android.util.Log,android.util.Log,1,1
dl_correct:3,dl_accuracy:1.0,,rule_correct:3,rule_checked:3,rule_accuracy:1.0,rule_recall:1.0
checked:3,total correct:3,total accuracy:1.0
