Android37.java,
Node,DL_pred,DL_truth,DL_correct,Rule_pred,Rule_truth,Rule_correct,Total_correct
Activity,android.app.Activity,android.app.Activity,1,android.app.Activity,android.app.Activity,1,1
ProgressDialog,android.app.ProgressDialog,android.app.ProgressDialog,1,android.app.ProgressDialog,android.app.ProgressDialog,1,1
Message,android.os.Message,android.os.Message,1,android.os.Message,android.os.Message,1,1
new Message(),android.os.Message,android.os.Message,1,android.os.Message,android.os.Message,1,1
Handler,android.os.Handler,android.os.Handler,1,android.os.Handler,android.os.Handler,1,1
Handler,android.os.Handler,android.os.Handler,1,android.os.Handler,android.os.Handler,1,1
dl_correct:6,dl_accuracy:1.0,,rule_correct:6,rule_checked:6,rule_accuracy:1.0,rule_recall:1.0
checked:6,total correct:6,total accuracy:1.0
