Android21.java,
Node,DL_pred,DL_truth,DL_correct,Rule_pred,Rule_truth,Rule_correct,Total_correct
ImageButton,android.widget.ImageButton,android.widget.ImageButton,1,android.widget.ImageButton,android.widget.ImageButton,1,1
ImageButton,android.widget.ImageButton,android.widget.ImageButton,1,android.widget.ImageButton,android.widget.ImageButton,1,1
LinearLayout,android.widget.LinearLayout,android.widget.LinearLayout,1,android.widget.LinearLayout,android.widget.LinearLayout,1,1
Context,android.content.Context,android.content.Context,1,android.content.Context,android.content.Context,1,1
dl_correct:4,dl_accuracy:1.0,,rule_correct:4,rule_checked:4,rule_accuracy:1.0,rule_recall:1.0
checked:4,total correct:4,total accuracy:1.0
