Android16.java,
Node,DL_pred,DL_truth,DL_correct,Rule_pred,Rule_truth,Rule_correct,Total_correct
SeekBar,android.widget.SeekBar,android.widget.SeekBar,1,android.widget.SeekBar,android.widget.SeekBar,1,1
Context,android.content.Context,android.content.Context,1,android.content.Context,android.content.Context,1,1
AttributeSet,javax.swing.text.AttributeSet,android.util.AttributeSet,0,android.util.AttributeSet,android.util.AttributeSet,1,1
Canvas,android.graphics.Canvas,android.graphics.Canvas,1,-,-,0,1
MotionEvent,android.view.MotionEvent,android.view.MotionEvent,1,android.view.MotionEvent,android.view.MotionEvent,1,1
Log,android.util.Log,android.util.Log,1,android.util.Log,android.util.Log,1,1
dl_correct:5,dl_accuracy:0.8333,,rule_correct:5,rule_checked:5,rule_accuracy:1.0,rule_recall:0.8333
checked:6,total correct:6,total accuracy:1.0
