Android19.java,
Node,DL_pred,DL_truth,DL_correct,Rule_pred,Rule_truth,Rule_correct,Total_correct
View,android.view.View,android.view.View,1,android.view.View,android.view.View,1,1
ViewGroup,android.view.ViewGroup,android.view.ViewGroup,1,android.view.ViewGroup,android.view.ViewGroup,1,1
ImageView,android.widget.ImageView,android.widget.ImageView,1,android.widget.ImageView,android.widget.ImageView,1,1
Context,android.content.Context,android.content.Context,1,android.content.Context,android.content.Context,1,1
ImageView,android.widget.ImageView,android.widget.ImageView,1,android.widget.ImageView,android.widget.ImageView,1,1
dl_correct:5,dl_accuracy:1.0,,rule_correct:5,rule_checked:5,rule_accuracy:1.0,rule_recall:1.0
checked:5,total correct:5,total accuracy:1.0
