Android36.java,
Node,DL_pred,DL_truth,DL_correct,Rule_pred,Rule_truth,Rule_correct,Total_correct
SQLiteDatabase,android.database.sqlite.SQLiteDatabase,android.database.sqlite.SQLiteDatabase,1,android.database.sqlite.SQLiteDatabase,android.database.sqlite.SQLiteDatabase,1,1
ContentValues,android.content.ContentValues,android.content.ContentValues,1,android.content.ContentValues,android.content.ContentValues,1,1
new ContentValues(),android.content.ContentValues,android.content.ContentValues,1,android.content.ContentValues,android.content.ContentValues,1,1
dl_correct:3,dl_accuracy:1.0,,rule_correct:3,rule_checked:3,rule_accuracy:1.0,rule_recall:1.0
checked:3,total correct:3,total accuracy:1.0
