hibernate_class_22.java,
Node,DL_pred,DL_truth,DL_correct,Rule_pred,Rule_truth,Rule_correct,Total_correct
JSONObject,com.google.gwt.json.client.JSONObject,com.google.gwt.json.client.JSONObject,0,org.json.JSONObject,org.json.JSONObject,1,1
Session,org.hibernate.Session,org.hibernate.Session,1,org.hibernate.Session,org.hibernate.Session,1,1
new JSONObject(),com.google.gwt.json.client.JSONObject,org.json.JSONObject,0,org.json.JSONObject,org.json.JSONObject,1,1
SessionFactory,org.hibernate.SessionFactory,org.hibernate.SessionFactory,1,org.hibernate.SessionFactory,org.hibernate.SessionFactory,1,1
new Configuration(),org.hibernate.cfg.Configuration,org.hibernate.cfg.Configuration,1,org.hibernate.cfg.Configuration,org.hibernate.cfg.Configuration,1,1
Query,org.hibernate.query.Query.Query,org.hibernate.Query,0,org.hibernate.Query,org.hibernate.Query,1,1
dl_correct:3,dl_accuracy:0.5,,rule_correct:6,rule_checked:6,rule_accuracy:1.0,rule_recall:1.0
checked:6,total correct:6,total accuracy:1.0
