hibernate_class_42.java,
Node,DL_pred,DL_truth,DL_correct,Rule_pred,Rule_truth,Rule_correct,Total_correct
Log,java.util.Log,org.apache.commons.logging.Log,0,org.apache.commons.logging.Log,org.apache.commons.logging.Log,1,1
LogFactory,org.hibernate.testing.logger.LogFactory,org.apache.commons.logging.LogFactory,0,org.apache.commons.logging.LogFactory,org.apache.commons.logging.LogFactory,1,1
SessionFactory,org.hibernate.SessionFactory,org.hibernate.SessionFactory,1,org.hibernate.SessionFactory,org.hibernate.SessionFactory,1,1
new InitialContext(),org.hibernate.InitialContext,javax.naming.InitialContext,0,javax.naming.InitialContext,javax.naming.InitialContext,1,1
List,java.util.List,java.util.List,1,java.util.List,java.util.List,1,1
Example,org.hibernate.orm.test.querycache.Example,org.hibernate.criterion.Example,0,-,-,0,0
dl_correct:2,dl_accuracy:0.3333,,rule_correct:5,rule_checked:5,rule_accuracy:1.0,rule_recall:0.8333
checked:6,total correct:5,total accuracy:0.8333
