hibernate_class_20.java,
Node,DL_pred,DL_truth,DL_correct,Rule_pred,Rule_truth,Rule_correct,Total_correct
SessionFactory,org.hibernate.SessionFactory,org.hibernate.SessionFactory,1,org.hibernate.SessionFactory,org.hibernate.SessionFactory,1,1
new AnnotationConfiguration(),org.hibernate.cfg.AnnotationConfiguration,org.hibernate.cfg.AnnotationConfiguration,1,org.hibernate.cfg.AnnotationConfiguration,org.hibernate.cfg.AnnotationConfiguration,1,1
dl_correct:2,dl_accuracy:1.0,,rule_correct:2,rule_checked:2,rule_accuracy:1.0,rule_recall:1.0
checked:2,total correct:2,total accuracy:1.0
