hibernate_class_19.java,
Node,DL_pred,DL_truth,DL_correct,Rule_pred,Rule_truth,Rule_correct,Total_correct
Entity,org.hibernate.annotations.Entity,javax.persistence.Entity,0,javax.persistence.Entity,javax.persistence.Entity,1,1
Id,jakarta.persistence.Id,javax.persistence.Id,0,javax.persistence.Id,javax.persistence.Id,1,1
GeneratedValue,jakarta.persistence.GeneratedValue,javax.persistence.GeneratedValue,0,javax.persistence.GeneratedValue,javax.persistence.GeneratedValue,1,1
Column,jakarta.persistence.Column,javax.persistence.Column,0,javax.persistence.Column,javax.persistence.Column,1,1
dl_correct:0,dl_accuracy:0.0,,rule_correct:4,rule_checked:4,rule_accuracy:1.0,rule_recall:1.0
checked:4,total correct:4,total accuracy:1.0
