hibernate_class_25.java,
Node,DL_pred,DL_truth,DL_correct,Rule_pred,Rule_truth,Rule_correct,Total_correct
Entity,jakarta.persistence.Entity,javax.persistence.Entity,0,org.hibernate.annotations.Entity,javax.persistence.Entity,0,0
Id,jakarta.persistence.Id,javax.persistence.Id,0,javax.persistence.Id,javax.persistence.Id,1,1
GeneratedValue,org.hibernate.annotations.GeneratedValue,javax.persistence.GeneratedValue,0,javax.persistence.GeneratedValue,javax.persistence.GeneratedValue,1,1
OneToOne,org.hibernate.annotations.OneToOne,javax.persistence.OneToOne,0,javax.persistence.OneToOne,javax.persistence.OneToOne,1,1
Fetch,org.hibernate.annotations.Fetch,org.hibernate.annotations.Fetch,1,org.hibernate.annotations.Fetch,org.hibernate.annotations.Fetch,1,1
dl_correct:1,dl_accuracy:0.2,,rule_correct:4,rule_checked:5,rule_accuracy:0.8,rule_recall:0.8
checked:5,total correct:4,total accuracy:0.8
