hibernate_class_18.java,
Node,DL_pred,DL_truth,DL_correct,Rule_pred,Rule_truth,Rule_correct,Total_correct
SessionFactory,org.hibernate.SessionFactory,org.hibernate.SessionFactory,1,org.hibernate.SessionFactory,org.hibernate.SessionFactory,1,1
Configuration,java.io.Map.Configuration,org.hibernate.cfg.Configuration,0,org.hibernate.cfg.Configuration,org.hibernate.cfg.Configuration,1,1
new Configuration(),org.hibernate.cfg.Configuration,org.hibernate.cfg.Configuration,1,org.hibernate.cfg.Configuration,org.hibernate.cfg.Configuration,1,1
dl_correct:2,dl_accuracy:0.6667,,rule_correct:3,rule_checked:3,rule_accuracy:1.0,rule_recall:1.0
checked:3,total correct:3,total accuracy:1.0
