hibernate_class_24.java,
Node,DL_pred,DL_truth,DL_correct,Rule_pred,Rule_truth,Rule_correct,Total_correct
InvocationHandler,java.lang.reflect.InvocationHandler,java.lang.reflect.InvocationHandler,1,java.lang.reflect.InvocationHandler,java.lang.reflect.InvocationHandler,1,1
Configuration,org.hibernate.cfg.Configuration,org.hibernate.cfg.Configuration,1,org.hibernate.cfg.Configuration,org.hibernate.cfg.Configuration,1,1
SessionFactory,org.hibernate.SessionFactory,org.hibernate.SessionFactory,1,org.hibernate.SessionFactory,org.hibernate.SessionFactory,1,1
Method,java.lang.reflect.Method,java.lang.reflect.Method,1,java.lang.reflect.Method,java.lang.reflect.Method,1,1
dl_correct:4,dl_accuracy:1.0,,rule_correct:4,rule_checked:4,rule_accuracy:1.0,rule_recall:1.0
checked:4,total correct:4,total accuracy:1.0
