hibernate_class_29.java,
Node,DL_pred,DL_truth,DL_correct,Rule_pred,Rule_truth,Rule_correct,Total_correct
SessionFactory,org.hibernate.SessionFactory,org.hibernate.SessionFactory,1,org.hibernate.SessionFactory,org.hibernate.SessionFactory,1,1
List,java.util.List,java.util.List,1,java.util.List,java.util.List,1,1
Criteria,jakarta.persistence.criteria.Criteria,org.hibernate.Criteria,0,org.hibernate.Criteria,org.hibernate.Criteria,1,1
Projections,org.hibernate.S.Query.Projections,org.hibernate.criterion.Projections,0,org.hibernate.criterion.Projections,org.hibernate.criterion.Projections,1,1
Session,org.hibernate.Session,org.hibernate.Session,1,org.hibernate.Session,org.hibernate.Session,1,1
dl_correct:3,dl_accuracy:0.6,,rule_correct:5,rule_checked:5,rule_accuracy:1.0,rule_recall:1.0
checked:5,total correct:5,total accuracy:1.0
