hibernate_class_49.java,
Node,DL_pred,DL_truth,DL_correct,Rule_pred,Rule_truth,Rule_correct,Total_correct
Entity,org.hibernate.annotations.Entity,javax.persistence.Entity,0,org.hibernate.annotations.Entity,javax.persistence.Entity,0,0
Serializable,java.io.Serializable,java.io.Serializable,1,java.io.Serializable,java.io.Serializable,1,1
Version,org.hibernate.annotations.Version,javax.persistence.Version,0,javax.persistence.Version,javax.persistence.Version,1,1
NaturalId,org.hibernate.annotations.NaturalId,org.hibernate.annotations.NaturalId,1,org.hibernate.annotations.NaturalId,org.hibernate.annotations.NaturalId,1,1
dl_correct:2,dl_accuracy:0.5,,rule_correct:3,rule_checked:4,rule_accuracy:0.75,rule_recall:0.75
checked:4,total correct:3,total accuracy:0.75
