hibernate_class_12.java,
Node,DL_pred,DL_truth,DL_correct,Rule_pred,Rule_truth,Rule_correct,Total_correct
Session,org.hibernate.Session,org.hibernate.Session,1,org.hibernate.Session,org.hibernate.Session,1,1
SessionFactory,org.hibernate.SessionFactory,org.hibernate.SessionFactory,1,org.hibernate.SessionFactory,org.hibernate.SessionFactory,1,1
new Configuration(),org.hibernate.cfg.Configuration,org.hibernate.cfg.Configuration,1,org.hibernate.cfg.Configuration,org.hibernate.cfg.Configuration,1,1
FacesContext,android.font.FacesContext,javax.faces.context.FacesContext,0,-,-,0,0
Transaction,org.hibernate.Transaction,org.hibernate.Transaction,1,org.hibernate.Transaction,org.hibernate.Transaction,1,1
dl_correct:4,dl_accuracy:0.8,,rule_correct:4,rule_checked:4,rule_accuracy:1.0,rule_recall:0.8
checked:5,total correct:4,total accuracy:0.8
