hibernate_class_40.java,
Node,DL_pred,DL_truth,DL_correct,Rule_pred,Rule_truth,Rule_correct,Total_correct
Session,org.hibernate.Session,org.hibernate.Session,1,org.hibernate.Session,org.hibernate.Session,1,1
SessionFactory,org.hibernate.SessionFactory,org.hibernate.SessionFactory,1,org.hibernate.SessionFactory,org.hibernate.SessionFactory,1,1
new Configuration(),org.hibernate.cfg.Configuration,org.hibernate.cfg.Configuration,1,org.hibernate.cfg.Configuration,org.hibernate.cfg.Configuration,1,1
Query,org.hibernate.Query,org.hibernate.Query,1,org.hibernate.Query,org.hibernate.Query,1,1
List,java.util.List,java.util.List,1,java.util.List,java.util.List,1,1
Iterator,java.util.Iterator,java.util.Iterator,1,java.util.Iterator,java.util.Iterator,1,1
dl_correct:6,dl_accuracy:1.0,,rule_correct:6,rule_checked:6,rule_accuracy:1.0,rule_recall:1.0
checked:6,total correct:6,total accuracy:1.0
