hibernate_class_1.java,
Node,DL_pred,DL_truth,DL_correct,Rule_pred,Rule_truth,Rule_correct,Total_correct
UserDAO,java.os.UserDAO,library.dao.UserDAO,0,library.dao.UserDAO,library.dao.UserDAO,1,1
SessionFactory,org.hibernate.SessionFactory,org.hibernate.SessionFactory,1,org.hibernate.SessionFactory,org.hibernate.SessionFactory,1,1
AnnotationConfiguration,org.hibernate.cfg.AnnotationConfiguration,org.hibernate.cfg.AnnotationConfiguration,1,org.hibernate.cfg.AnnotationConfiguration,org.hibernate.cfg.AnnotationConfiguration,1,1
new AnnotationConfiguration(),org.hibernate.cfg.AnnotationConfiguration,org.hibernate.cfg.AnnotationConfiguration,1,org.hibernate.cfg.AnnotationConfiguration,org.hibernate.cfg.AnnotationConfiguration,1,1
User,java.lang.User,library.model.User,0,library.model.User,library.model.User,1,1
Session,org.hibernate.Session,org.hibernate.Session,1,org.hibernate.Session,org.hibernate.Session,1,1
Transaction,org.hibernate.Transaction,org.hibernate.Transaction,1,org.hibernate.Transaction,org.hibernate.Transaction,1,1
dl_correct:5,dl_accuracy:0.7143,,rule_correct:7,rule_checked:7,rule_accuracy:1.0,rule_recall:1.0
checked:7,total correct:7,total accuracy:1.0
