hibernate_class_23.java,
Node,DL_pred,DL_truth,DL_correct,Rule_pred,Rule_truth,Rule_correct,Total_correct
Session,org.hibernate.Session,org.hibernate.Session,1,org.hibernate.Session,org.hibernate.Session,1,1
Configuration,org.hibernate.cfg.Configuration,org.hibernate.cfg.Configuration,1,org.hibernate.cfg.Configuration,org.hibernate.cfg.Configuration,1,1
new AnnotationConfiguration(),org.hibernate.cfg.AnnotationConfiguration,org.hibernate.cfg.AnnotationConfiguration,1,org.hibernate.cfg.AnnotationConfiguration,org.hibernate.cfg.AnnotationConfiguration,1,1
HibernateException,org.hibernate.HibernateException,org.hibernate.HibernateException,1,org.hibernate.HibernateException,org.hibernate.HibernateException,1,1
dl_correct:4,dl_accuracy:1.0,,rule_correct:4,rule_checked:4,rule_accuracy:1.0,rule_recall:1.0
checked:4,total correct:4,total accuracy:1.0
