hibernate_class_43.java,
Node,DL_pred,DL_truth,DL_correct,Rule_pred,Rule_truth,Rule_correct,Total_correct
Logger,org.util.logging.Logger,org.apache.log4j.Logger,0,org.apache.log4j.Logger,org.apache.log4j.Logger,1,1
Session,org.hibernate.Session,org.hibernate.Session,1,org.hibernate.Session,org.hibernate.Session,1,1
Configuration,org.hibernate.cfg.Configuration,org.hibernate.cfg.Configuration,1,org.hibernate.cfg.Configuration,org.hibernate.cfg.Configuration,1,1
new Configuration(),org.hibernate.cfg.Configuration,org.hibernate.cfg.Configuration,1,org.hibernate.cfg.Configuration,org.hibernate.cfg.Configuration,1,1
Properties,java.util.Properties,java.util.Properties,1,java.util.Properties,java.util.Properties,1,1
new Properties(),java.util.Properties,java.util.Properties,1,java.util.Properties,java.util.Properties,1,1
SessionFactory,org.hibernate.SessionFactory,org.hibernate.SessionFactory,1,org.hibernate.SessionFactory,org.hibernate.SessionFactory,1,1
dl_correct:6,dl_accuracy:0.8571,,rule_correct:7,rule_checked:7,rule_accuracy:1.0,rule_recall:1.0
checked:7,total correct:7,total accuracy:1.0
