hibernate_class_50.java,
Node,DL_pred,DL_truth,DL_correct,Rule_pred,Rule_truth,Rule_correct,Total_correct
SessionFactory,org.hibernate.SessionFactory,org.hibernate.SessionFactory,1,org.hibernate.SessionFactory,org.hibernate.SessionFactory,1,1
List,java.util.List,java.util.List,1,java.util.List,java.util.List,1,1
Name,javax.naming.Name,java.util.jar.Attributes.Name,0,javax.naming.Name,java.util.jar.Attributes.Name,0,0
Session,org.hibernate.Session,org.hibernate.Session,1,org.hibernate.Session,org.hibernate.Session,1,1
dl_correct:3,dl_accuracy:0.75,,rule_correct:3,rule_checked:4,rule_accuracy:0.75,rule_recall:0.75
checked:4,total correct:3,total accuracy:0.75
