hibernate_class_30.java,
Node,DL_pred,DL_truth,DL_correct,Rule_pred,Rule_truth,Rule_correct,Total_correct
Entity,org.hibernate.annotations.Entity,javax.persistence.Entity,0,javax.persistence.Entity,javax.persistence.Entity,1,1
Table,jakarta.persistence.Table,javax.persistence.Table,0,javax.persistence.Table,javax.persistence.Table,1,1
NamedQueries,org.hibernate.annotations.NamedQueries,org.hibernate.annotations.NamedQueries,1,org.hibernate.annotations.NamedQueries,org.hibernate.annotations.NamedQueries,1,1
Serializable,java.io.Serializable,java.io.Serializable,1,java.io.Serializable,java.io.Serializable,1,1
Basic,org.hibernate.annotations.Basic,javax.persistence.Basic,0,javax.persistence.Basic,javax.persistence.Basic,1,1
Column,jakarta.persistence.Column,javax.persistence.Column,0,javax.persistence.Column,javax.persistence.Column,1,1
Id,jakarta.persistence.Id,javax.persistence.Id,0,javax.persistence.Id,javax.persistence.Id,1,1
dl_correct:2,dl_accuracy:0.2857,,rule_correct:7,rule_checked:7,rule_accuracy:1.0,rule_recall:1.0
checked:7,total correct:7,total accuracy:1.0
