hibernate_class_3.java,
Node,DL_pred,DL_truth,DL_correct,Rule_pred,Rule_truth,Rule_correct,Total_correct
Dialect,org.hibernate.dialect.Dialect,org.hibernate.dialect.Dialect,1,org.hibernate.dialect.Dialect,org.hibernate.dialect.Dialect,1,1
Types,java.sql.Types,java.sql.Types,1,java.sql.Types,java.sql.Types,1,1
VarArgsSQLFunction,org.hibernate.dialect.function.VarArgsSQLFunction,org.hibernate.dialect.function.VarArgsSQLFunction,1,org.hibernate.dialect.function.VarArgsSQLFunction,org.hibernate.dialect.function.VarArgsSQLFunction,1,1
Hibernate,org.hibernate.Hibernate,org.hibernate.Hibernate,1,org.hibernate.Hibernate,org.hibernate.Hibernate,1,1
SQLFunctionTemplate,org.hibernate.dialect.function.SQLFunctionTemplate,org.hibernate.dialect.function.SQLFunctionTemplate,1,org.hibernate.dialect.function.SQLFunctionTemplate,org.hibernate.dialect.function.SQLFunctionTemplate,1,1
StandardSQLFunction,org.hibernate.dialect.function.StandardSQLFunction,org.hibernate.dialect.function.StandardSQLFunction,1,org.hibernate.dialect.function.StandardSQLFunction,org.hibernate.dialect.function.StandardSQLFunction,1,1
dl_correct:6,dl_accuracy:1.0,,rule_correct:6,rule_checked:6,rule_accuracy:1.0,rule_recall:1.0
checked:6,total correct:6,total accuracy:1.0
