File,Iter_Round
Android01,2
Android02,2
Android03,2
Android04,2
Android05,2
Android06,2
Android07,2
Android08,2
Android09,2
Android10,2
Android11,2
Android13,2
Android14,2
Android16,2
Android17,2
Android18,2
Android19,2
Android21,2
Android23,2
Android25,2
Android26,2
Android27,2
Android28,2
Android30,2
Android32,2
Android34,2
Android35,2
Android36,2
Android37,2
Android38,2
Android39,2
Android40,2
Android43,2
Android44,2
Android46,2
Android47,3
Android48,2
Android50,2
