File,Iter_Round
gwt_class_10,2
gwt_class_11,2
gwt_class_12,2
gwt_class_13,2
gwt_class_14,2
gwt_class_15,2
gwt_class_16,2
gwt_class_18,2
gwt_class_19,2
gwt_class_1,2
gwt_class_20,2
gwt_class_21,2
gwt_class_22,2
gwt_class_23,3
gwt_class_24,2
gwt_class_27,2
gwt_class_28,2
gwt_class_29,2
gwt_class_30,2
gwt_class_31,2
gwt_class_32,2
gwt_class_35,2
gwt_class_36,2
gwt_class_37,2
gwt_class_38,2
gwt_class_39,2
gwt_class_3,2
gwt_class_40,3
gwt_class_41,3
gwt_class_42,2
gwt_class_43,2
gwt_class_44,2
gwt_class_45,2
gwt_class_46,2
gwt_class_47,2
gwt_class_48,2
gwt_class_49,2
gwt_class_4,2
gwt_class_50,2
gwt_class_5,2
gwt_class_6,2
gwt_class_7,2
gwt_class_8,2
gwt_class_9,2
