File,Iter_Round
HibernateUtil,2
hibernate_class_10,2
hibernate_class_12,3
hibernate_class_15,3
hibernate_class_16,2
hibernate_class_17,2
hibernate_class_18,2
hibernate_class_19,3
hibernate_class_1,2
hibernate_class_20,2
hibernate_class_21,2
hibernate_class_22,2
hibernate_class_23,2
hibernate_class_24,2
hibernate_class_25,2
hibernate_class_26,2
hibernate_class_28,3
hibernate_class_29,2
hibernate_class_30,5
hibernate_class_33,2
hibernate_class_34,2
hibernate_class_36,2
hibernate_class_37,2
hibernate_class_38,2
hibernate_class_39,2
hibernate_class_3,2
hibernate_class_40,2
hibernate_class_42,3
hibernate_class_43,2
hibernate_class_45,2
hibernate_class_48,2
hibernate_class_49,2
hibernate_class_4,2
hibernate_class_50,2
hibernate_class_5,2
hibernate_class_7,2
hibernate_class_8,2
hibernate_class_9,2
