File,Iter_Round
JodaTime01,2
JodaTime02,2
JodaTime03,2
JodaTime04,2
JodaTime05,2
JodaTime06,2
JodaTime07,2
JodaTime08,2
JodaTime09,2
JodaTime10,2
JodaTime11,2
JodaTime12,3
JodaTime13,2
JodaTime14,2
JodaTime15,2
JodaTime17,2
JodaTime18,2
JodaTime19,2
JodaTime20,2
JodaTime21,3
JodaTime22,3
JodaTime23,2
JodaTime24,2
JodaTime25,2
JodaTime26,2
JodaTime27,2
JodaTime28,2
JodaTime29,2
JodaTime30,2
JodaTime31,3
JodaTime32,2
JodaTime33,2
JodaTime34,2
JodaTime35,3
JodaTime36,2
JodaTime37,2
JodaTime38,2
JodaTime39,2
JodaTime40,2
JodaTime41,2
JodaTime42,2
JodaTime43,2
JodaTime44,2
JodaTime45,3
JodaTime46,2
JodaTime47,2
JodaTime48,2
JodaTime49,2
JodaTime50,2
