File,Iter_Round
xstream_class_10,2
xstream_class_11,2
xstream_class_12,3
xstream_class_13,2
xstream_class_14,2
xstream_class_16,2
xstream_class_17,3
xstream_class_18,3
xstream_class_19,3
xstream_class_1,2
xstream_class_20,2
xstream_class_21,3
xstream_class_23,2
xstream_class_24,2
xstream_class_25,2
xstream_class_26,3
xstream_class_27,2
xstream_class_2,2
xstream_class_30,3
xstream_class_32,2
xstream_class_33,2
xstream_class_35,2
xstream_class_36,2
xstream_class_37,3
xstream_class_38,2
xstream_class_39,2
xstream_class_3,2
xstream_class_40,3
xstream_class_41,2
xstream_class_42,2
xstream_class_43,2
xstream_class_44,2
xstream_class_4,2
xstream_class_5,2
xstream_class_6,2
xstream_class_8,2
xstream_class_9,2
