hb12.java,
Node,DL_pred,DL_truth,DL_correct,Rule_pred,Rule_truth,Rule_correct,Total_correct
Type,org.hibernate.type.Type,org.hibernate.annotations.Type,0,java.net.Proxy.Type,org.hibernate.annotations.Type,0,0
Mapping,org.hibernate.engine.Mapping,org.hibernate.engine.Mapping,1,com.google.gwt.thirdparty.debugging.sourcemap.proto.Mapping,org.hibernate.engine.Mapping,0,0
QueryException,org.hibernate.QueryException,org.hibernate.QueryException,1,org.hibernate.QueryException,org.hibernate.QueryException,1,1
QueryException,org.hibernate.QueryException,org.hibernate.QueryException,1,org.hibernate.QueryException,org.hibernate.QueryException,1,1
dl_correct:3,dl_accuracy:0.75,,rule_correct:2,rule_checked:4,rule_accuracy:0.5,rule_recall:0.5
checked:4,total correct:2,total accuracy:0.5
