hb12.java,
Node,DL_pred,DL_truth,DL_correct,Rule_pred,Rule_truth,Rule_correct,Total_correct
Type,java.lang.reflect.Type,org.hibernate.annotations.Type,0,java.lang.reflect.Type,org.hibernate.annotations.Type,0,0
Mapping,org.hibernate.engine.Mapping,org.hibernate.engine.Mapping,1,org.hibernate.engine.Mapping,org.hibernate.engine.Mapping,1,1
QueryException,org.hibernate.QueryException,org.hibernate.QueryException,1,org.hibernate.QueryException,org.hibernate.QueryException,1,1
QueryException,org.hibernate.QueryException,org.hibernate.QueryException,1,org.hibernate.QueryException,org.hibernate.QueryException,1,1
dl_correct:3,dl_accuracy:0.75,,rule_correct:3,rule_checked:4,rule_accuracy:0.75,rule_recall:0.75
checked:4,total correct:3,total accuracy:0.75
