hb17.java,
Node,DL_pred,DL_truth,DL_correct,Rule_pred,Rule_truth,Rule_correct,Total_correct
Appender,java.lang.Appender,org.apache.log4j.Appender,0,org.apache.log4j.Appender,org.apache.log4j.Appender,1,1
Type,org.hibernate.type.Type,org.hibernate.annotations.Type,0,org.hibernate.type.Type,org.hibernate.annotations.Type,0,0
TypeFactory,org.hibernate.type.TypeFactory,org.hibernate.type.TypeFactory,1,org.hibernate.type.TypeFactory,org.hibernate.type.TypeFactory,1,1
SerializableType,org.hibernate.type.SerializableType,org.hibernate.type.SerializableType,1,org.hibernate.type.SerializableType,org.hibernate.type.SerializableType,1,1
dl_correct:2,dl_accuracy:0.5,,rule_correct:3,rule_checked:4,rule_accuracy:0.75,rule_recall:0.75
checked:4,total correct:3,total accuracy:0.75
